Copyright 1986-2022 Xilinx, Inc. All Rights Reserved. Copyright 2022-2023 Advanced Micro Devices, Inc. All Rights Reserved.
---------------------------------------------------------------------------------------------------------------------------------------------------------------------------------------------------------------------------------------------
| Tool Version : Vivado v.2023.2 (win64) Build 4029153 Fri Oct 13 20:14:34 MDT 2023
| Date         : Tue Aug  4 19:05:08 2026
| Host         : DESKTOP-LRI6JJ9 running 64-bit major release  (build 9200)
| Command      : report_timing_summary -max_paths 10 -report_unconstrained -file hdmi_out_wrapper_timing_summary_routed.rpt -pb hdmi_out_wrapper_timing_summary_routed.pb -rpx hdmi_out_wrapper_timing_summary_routed.rpx -warn_on_violation
| Design       : hdmi_out_wrapper
| Device       : 7z020-clg400
| Speed File   : -1  PRODUCTION 1.12 2019-11-22
| Design State : Routed
---------------------------------------------------------------------------------------------------------------------------------------------------------------------------------------------------------------------------------------------

Timing Summary Report

------------------------------------------------------------------------------------------------
| Timer Settings
| --------------
------------------------------------------------------------------------------------------------

  Enable Multi Corner Analysis               :  Yes
  Enable Pessimism Removal                   :  Yes
  Pessimism Removal Resolution               :  Nearest Common Node
  Enable Input Delay Default Clock           :  No
  Enable Preset / Clear Arcs                 :  No
  Disable Flight Delays                      :  No
  Ignore I/O Paths                           :  No
  Timing Early Launch at Borrowing Latches   :  No
  Borrow Time for Max Delay Exceptions       :  Yes
  Merge Timing Exceptions                    :  Yes
  Inter-SLR Compensation                     :  Conservative

  Corner  Analyze    Analyze    
  Name    Max Paths  Min Paths  
  ------  ---------  ---------  
  Slow    Yes        Yes        
  Fast    Yes        Yes        


------------------------------------------------------------------------------------------------
| Report Methodology
| ------------------
------------------------------------------------------------------------------------------------

Rule    Severity  Description                                             Violations  
------  --------  ------------------------------------------------------  ----------  
XDCB-5  Warning   Runtime inefficient way to find pin objects             1           
XDCC-1  Warning   Scoped Clock constraint overwritten with the same name  1           
XDCC-7  Warning   Scoped Clock constraint overwritten on the same source  1           

Note: This report is based on the most recent report_methodology run and may not be up-to-date. Run report_methodology on the current design for the latest report.



check_timing report

Table of Contents
-----------------
1. checking no_clock (0)
2. checking constant_clock (0)
3. checking pulse_width_clock (0)
4. checking unconstrained_internal_endpoints (0)
5. checking no_input_delay (0)
6. checking no_output_delay (4)
7. checking multiple_clock (0)
8. checking generated_clocks (0)
9. checking loops (0)
10. checking partial_input_delay (0)
11. checking partial_output_delay (0)
12. checking latch_loops (0)

1. checking no_clock (0)
------------------------
 There are 0 register/latch pins with no clock.


2. checking constant_clock (0)
------------------------------
 There are 0 register/latch pins with constant_clock.


3. checking pulse_width_clock (0)
---------------------------------
 There are 0 register/latch pins which need pulse_width check


4. checking unconstrained_internal_endpoints (0)
------------------------------------------------
 There are 0 pins that are not constrained for maximum delay.

 There are 0 pins that are not constrained for maximum delay due to constant clock.


5. checking no_input_delay (0)
------------------------------
 There are 0 input ports with no input delay specified.

 There are 0 input ports with no input delay but user has a false path constraint.


6. checking no_output_delay (4)
-------------------------------
 There are 4 ports with no output delay specified. (HIGH)

 There are 0 ports with no output delay but user has a false path constraint

 There are 0 ports with no output delay but with a timing clock defined on it or propagating through it


7. checking multiple_clock (0)
------------------------------
 There are 0 register/latch pins with multiple clocks.


8. checking generated_clocks (0)
--------------------------------
 There are 0 generated clocks that are not connected to a clock source.


9. checking loops (0)
---------------------
 There are 0 combinational loops in the design.


10. checking partial_input_delay (0)
------------------------------------
 There are 0 input ports with partial input delay specified.


11. checking partial_output_delay (0)
-------------------------------------
 There are 0 ports with partial output delay specified.


12. checking latch_loops (0)
----------------------------
 There are 0 combinational latch loops in the design through latch input



------------------------------------------------------------------------------------------------
| Design Timing Summary
| ---------------------
------------------------------------------------------------------------------------------------

    WNS(ns)      TNS(ns)  TNS Failing Endpoints  TNS Total Endpoints      WHS(ns)      THS(ns)  THS Failing Endpoints  THS Total Endpoints     WPWS(ns)     TPWS(ns)  TPWS Failing Endpoints  TPWS Total Endpoints  
    -------      -------  ---------------------  -------------------      -------      -------  ---------------------  -------------------     --------     --------  ----------------------  --------------------  
      4.269        0.000                      0                  435        0.122        0.000                      0                  435        0.651        0.000                       0                   295  


All user specified timing constraints are met.


------------------------------------------------------------------------------------------------
| Clock Summary
| -------------
------------------------------------------------------------------------------------------------

Clock                            Waveform(ns)         Period(ns)      Frequency(MHz)
-----                            ------------         ----------      --------------
System_clock                     {0.000 4.167}        8.334           119.990         
  clk_out1_hdmi_out_clk_wiz_0_0  {0.000 7.015}        14.030          71.274          
    CLKFBIN                      {0.000 7.015}        14.030          71.274          
    PixelClkIO                   {0.000 7.015}        14.030          71.274          
    SerialClkIO                  {0.000 1.403}        2.806           356.372         
  clkfbout_hdmi_out_clk_wiz_0_0  {0.000 20.835}       41.670          23.998          


------------------------------------------------------------------------------------------------
| Intra Clock Table
| -----------------
------------------------------------------------------------------------------------------------

Clock                                WNS(ns)      TNS(ns)  TNS Failing Endpoints  TNS Total Endpoints      WHS(ns)      THS(ns)  THS Failing Endpoints  THS Total Endpoints     WPWS(ns)     TPWS(ns)  TPWS Failing Endpoints  TPWS Total Endpoints  
-----                                -------      -------  ---------------------  -------------------      -------      -------  ---------------------  -------------------     --------     --------  ----------------------  --------------------  
System_clock                                                                                                                                                                       2.167        0.000                       0                     1  
  clk_out1_hdmi_out_clk_wiz_0_0        4.269        0.000                      0                  393        0.122        0.000                      0                  393        4.015        0.000                       0                   269  
    CLKFBIN                                                                                                                                                                       12.781        0.000                       0                     2  
    PixelClkIO                                                                                                                                                                    11.875        0.000                       0                    10  
    SerialClkIO                                                                                                                                                                    0.651        0.000                       0                    10  
  clkfbout_hdmi_out_clk_wiz_0_0                                                                                                                                                   39.515        0.000                       0                     3  


------------------------------------------------------------------------------------------------
| Inter Clock Table
| -----------------
------------------------------------------------------------------------------------------------

From Clock                     To Clock                           WNS(ns)      TNS(ns)  TNS Failing Endpoints  TNS Total Endpoints      WHS(ns)      THS(ns)  THS Failing Endpoints  THS Total Endpoints  
----------                     --------                           -------      -------  ---------------------  -------------------      -------      -------  ---------------------  -------------------  
clk_out1_hdmi_out_clk_wiz_0_0  PixelClkIO                           8.055        0.000                      0                   38        0.165        0.000                      0                   38  


------------------------------------------------------------------------------------------------
| Other Path Groups Table
| -----------------------
------------------------------------------------------------------------------------------------

Path Group                     From Clock                     To Clock                           WNS(ns)      TNS(ns)  TNS Failing Endpoints  TNS Total Endpoints      WHS(ns)      THS(ns)  THS Failing Endpoints  THS Total Endpoints  
----------                     ----------                     --------                           -------      -------  ---------------------  -------------------      -------      -------  ---------------------  -------------------  
**async_default**              clk_out1_hdmi_out_clk_wiz_0_0  clk_out1_hdmi_out_clk_wiz_0_0       12.516        0.000                      0                    4        0.374        0.000                      0                    4  


------------------------------------------------------------------------------------------------
| User Ignored Path Table
| -----------------------
------------------------------------------------------------------------------------------------

Path Group                     From Clock                     To Clock                     
----------                     ----------                     --------                     
(none)                                                        clk_out1_hdmi_out_clk_wiz_0_0  


------------------------------------------------------------------------------------------------
| Unconstrained Path Table
| ------------------------
------------------------------------------------------------------------------------------------

Path Group                     From Clock                     To Clock                     
----------                     ----------                     --------                     
(none)                         CLKFBIN                                                       
(none)                         SerialClkIO                                                   
(none)                         clkfbout_hdmi_out_clk_wiz_0_0                                 


------------------------------------------------------------------------------------------------
| Timing Details
| --------------
------------------------------------------------------------------------------------------------


---------------------------------------------------------------------------------------------------
From Clock:  System_clock
  To Clock:  System_clock

Setup :           NA  Failing Endpoints,  Worst Slack           NA  ,  Total Violation           NA
Hold  :           NA  Failing Endpoints,  Worst Slack           NA  ,  Total Violation           NA
PW    :            0  Failing Endpoints,  Worst Slack        2.167ns,  Total Violation        0.000ns
---------------------------------------------------------------------------------------------------


Pulse Width Checks
--------------------------------------------------------------------------------------
Clock Name:         System_clock
Waveform(ns):       { 0.000 4.167 }
Period(ns):         8.334
Sources:            { System_clock }

Check Type        Corner  Lib Pin            Reference Pin  Required(ns)  Actual(ns)  Slack(ns)  Location         Pin
Min Period        n/a     MMCME2_ADV/CLKIN1  n/a            1.249         8.334       7.085      MMCME2_ADV_X1Y2  hdmi_out_i/clk_wiz_0/inst/mmcm_adv_inst/CLKIN1
Max Period        n/a     MMCME2_ADV/CLKIN1  n/a            100.000       8.334       91.666     MMCME2_ADV_X1Y2  hdmi_out_i/clk_wiz_0/inst/mmcm_adv_inst/CLKIN1
Low Pulse Width   Slow    MMCME2_ADV/CLKIN1  n/a            2.000         4.167       2.167      MMCME2_ADV_X1Y2  hdmi_out_i/clk_wiz_0/inst/mmcm_adv_inst/CLKIN1
Low Pulse Width   Fast    MMCME2_ADV/CLKIN1  n/a            2.000         4.167       2.167      MMCME2_ADV_X1Y2  hdmi_out_i/clk_wiz_0/inst/mmcm_adv_inst/CLKIN1
High Pulse Width  Slow    MMCME2_ADV/CLKIN1  n/a            2.000         4.167       2.167      MMCME2_ADV_X1Y2  hdmi_out_i/clk_wiz_0/inst/mmcm_adv_inst/CLKIN1
High Pulse Width  Fast    MMCME2_ADV/CLKIN1  n/a            2.000         4.167       2.167      MMCME2_ADV_X1Y2  hdmi_out_i/clk_wiz_0/inst/mmcm_adv_inst/CLKIN1



---------------------------------------------------------------------------------------------------
From Clock:  clk_out1_hdmi_out_clk_wiz_0_0
  To Clock:  clk_out1_hdmi_out_clk_wiz_0_0

Setup :            0  Failing Endpoints,  Worst Slack        4.269ns,  Total Violation        0.000ns
Hold  :            0  Failing Endpoints,  Worst Slack        0.122ns,  Total Violation        0.000ns
PW    :            0  Failing Endpoints,  Worst Slack        4.015ns,  Total Violation        0.000ns
---------------------------------------------------------------------------------------------------


Max Delay Paths
--------------------------------------------------------------------------------------
Slack (MET) :             4.269ns  (required time - arrival time)
  Source:                 hdmi_out_i/hdmi_code_0/inst/x_coordinate_reg[0]/C
                            (rising edge-triggered cell FDRE clocked by clk_out1_hdmi_out_clk_wiz_0_0  {rise@0.000ns fall@7.015ns period=14.030ns})
  Destination:            hdmi_out_i/rgb2dvi_0/U0/DataEncoders[0].DataEncoder/n1d_1_reg[3]/D
                            (rising edge-triggered cell FDRE clocked by clk_out1_hdmi_out_clk_wiz_0_0  {rise@0.000ns fall@7.015ns period=14.030ns})
  Path Group:             clk_out1_hdmi_out_clk_wiz_0_0
  Path Type:              Setup (Max at Slow Process Corner)
  Requirement:            14.030ns  (clk_out1_hdmi_out_clk_wiz_0_0 rise@14.030ns - clk_out1_hdmi_out_clk_wiz_0_0 rise@0.000ns)
  Data Path Delay:        9.595ns  (logic 3.758ns (39.167%)  route 5.837ns (60.833%))
  Logic Levels:           11  (CARRY4=4 LUT3=1 LUT4=3 LUT5=2 LUT6=1)
  Clock Path Skew:        -0.060ns (DCD - SCD + CPR)
    Destination Clock Delay (DCD):    -1.285ns = ( 12.745 - 14.030 ) 
    Source Clock Delay      (SCD):    -0.640ns
    Clock Pessimism Removal (CPR):    0.585ns
  Clock Uncertainty:      0.135ns  ((TSJ^2 + DJ^2)^1/2) / 2 + PE
    Total System Jitter     (TSJ):    0.071ns
    Discrete Jitter          (DJ):    0.261ns
    Phase Error              (PE):    0.000ns

    Location             Delay type                Incr(ns)  Path(ns)    Netlist Resource(s)
  -------------------------------------------------------------------    -------------------
                         (clock clk_out1_hdmi_out_clk_wiz_0_0 rise edge)
                                                      0.000     0.000 r  
    K17                                               0.000     0.000 r  System_clock (IN)
                         net (fo=0)                   0.000     0.000    hdmi_out_i/clk_wiz_0/inst/clk_in1
    K17                  IBUF (Prop_ibuf_I_O)         1.475     1.475 r  hdmi_out_i/clk_wiz_0/inst/clkin1_ibufg/O
                         net (fo=1, routed)           1.285     2.760    hdmi_out_i/clk_wiz_0/inst/clk_in1_hdmi_out_clk_wiz_0_0
    MMCME2_ADV_X1Y2      MMCME2_ADV (Prop_mmcme2_adv_CLKIN1_CLKOUT0)
                                                     -7.759    -4.999 r  hdmi_out_i/clk_wiz_0/inst/mmcm_adv_inst/CLKOUT0
                         net (fo=1, routed)           2.206    -2.793    hdmi_out_i/clk_wiz_0/inst/clk_out1_hdmi_out_clk_wiz_0_0
    BUFGCTRL_X0Y16       BUFG (Prop_bufg_I_O)         0.101    -2.692 r  hdmi_out_i/clk_wiz_0/inst/clkout1_buf/O
                         net (fo=267, routed)         2.052    -0.640    hdmi_out_i/hdmi_code_0/inst/clk
    SLICE_X107Y138       FDRE                                         r  hdmi_out_i/hdmi_code_0/inst/x_coordinate_reg[0]/C
  -------------------------------------------------------------------    -------------------
    SLICE_X107Y138       FDRE (Prop_fdre_C_Q)         0.456    -0.184 r  hdmi_out_i/hdmi_code_0/inst/x_coordinate_reg[0]/Q
                         net (fo=20, routed)          0.820     0.636    hdmi_out_i/hdmi_code_0/inst/x_coordinate_reg[0]
    SLICE_X108Y141       CARRY4 (Prop_carry4_CYINIT_CO[3])
                                                      0.595     1.231 r  hdmi_out_i/hdmi_code_0/inst/multiply3_inferred__1/i__carry/CO[3]
                         net (fo=1, routed)           0.000     1.231    hdmi_out_i/hdmi_code_0/inst/multiply3_inferred__1/i__carry_n_0
    SLICE_X108Y142       CARRY4 (Prop_carry4_CI_O[2])
                                                      0.239     1.470 r  hdmi_out_i/hdmi_code_0/inst/multiply3_inferred__1/i__carry__0/O[2]
                         net (fo=2, routed)           1.058     2.528    hdmi_out_i/hdmi_code_0/inst/multiply3_inferred__1/i__carry__0_n_5
    SLICE_X105Y141       LUT4 (Prop_lut4_I0_O)        0.301     2.829 r  hdmi_out_i/hdmi_code_0/inst/i__carry_i_5__0/O
                         net (fo=1, routed)           0.000     2.829    hdmi_out_i/hdmi_code_0/inst/i__carry_i_5__0_n_0
    SLICE_X105Y141       CARRY4 (Prop_carry4_S[3]_CO[3])
                                                      0.401     3.230 r  hdmi_out_i/hdmi_code_0/inst/multiply2_inferred__1/i__carry/CO[3]
                         net (fo=1, routed)           0.000     3.230    hdmi_out_i/hdmi_code_0/inst/multiply2_inferred__1/i__carry_n_0
    SLICE_X105Y142       CARRY4 (Prop_carry4_CI_CO[1])
                                                      0.157     3.387 r  hdmi_out_i/hdmi_code_0/inst/multiply2_inferred__1/i__carry__0/CO[1]
                         net (fo=1, routed)           0.576     3.963    hdmi_out_i/hdmi_code_0/inst/multiply270_in
    SLICE_X104Y140       LUT6 (Prop_lut6_I5_O)        0.329     4.292 f  hdmi_out_i/hdmi_code_0/inst/vid_out[3]_INST_0_i_11/O
                         net (fo=1, routed)           0.622     4.914    hdmi_out_i/hdmi_code_0/inst/vid_out[3]_INST_0_i_11_n_0
    SLICE_X105Y140       LUT5 (Prop_lut5_I0_O)        0.124     5.038 f  hdmi_out_i/hdmi_code_0/inst/vid_out[3]_INST_0_i_2/O
                         net (fo=8, routed)           0.861     5.899    hdmi_out_i/hdmi_code_0/inst/vid_out[3]_INST_0_i_2_n_0
    SLICE_X110Y143       LUT5 (Prop_lut5_I2_O)        0.120     6.019 r  hdmi_out_i/hdmi_code_0/inst/vid_out[1]_INST_0/O
                         net (fo=12, routed)          0.841     6.860    hdmi_out_i/rgb2dvi_0/U0/DataEncoders[0].DataEncoder/vid_pData[3]
    SLICE_X111Y144       LUT3 (Prop_lut3_I1_O)        0.353     7.213 r  hdmi_out_i/rgb2dvi_0/U0/DataEncoders[0].DataEncoder/n1d_1[0]_i_2/O
                         net (fo=2, routed)           0.592     7.805    hdmi_out_i/rgb2dvi_0/U0/DataEncoders[0].DataEncoder/n1d_1[0]_i_2_n_0
    SLICE_X111Y145       LUT4 (Prop_lut4_I3_O)        0.351     8.156 r  hdmi_out_i/rgb2dvi_0/U0/DataEncoders[0].DataEncoder/n1d_1[3]_i_2/O
                         net (fo=3, routed)           0.467     8.623    hdmi_out_i/rgb2dvi_0/U0/DataEncoders[0].DataEncoder/n1d_1[3]_i_2_n_0
    SLICE_X111Y143       LUT4 (Prop_lut4_I0_O)        0.332     8.955 r  hdmi_out_i/rgb2dvi_0/U0/DataEncoders[0].DataEncoder/n1d_1[3]_i_1/O
                         net (fo=1, routed)           0.000     8.955    hdmi_out_i/rgb2dvi_0/U0/DataEncoders[0].DataEncoder/sum_bits[3]
    SLICE_X111Y143       FDRE                                         r  hdmi_out_i/rgb2dvi_0/U0/DataEncoders[0].DataEncoder/n1d_1_reg[3]/D
  -------------------------------------------------------------------    -------------------

                         (clock clk_out1_hdmi_out_clk_wiz_0_0 rise edge)
                                                     14.030    14.030 r  
    K17                                               0.000    14.030 r  System_clock (IN)
                         net (fo=0)                   0.000    14.030    hdmi_out_i/clk_wiz_0/inst/clk_in1
    K17                  IBUF (Prop_ibuf_I_O)         1.404    15.435 r  hdmi_out_i/clk_wiz_0/inst/clkin1_ibufg/O
                         net (fo=1, routed)           1.162    16.596    hdmi_out_i/clk_wiz_0/inst/clk_in1_hdmi_out_clk_wiz_0_0
    MMCME2_ADV_X1Y2      MMCME2_ADV (Prop_mmcme2_adv_CLKIN1_CLKOUT0)
                                                     -7.814     8.782 r  hdmi_out_i/clk_wiz_0/inst/mmcm_adv_inst/CLKOUT0
                         net (fo=1, routed)           2.012    10.794    hdmi_out_i/clk_wiz_0/inst/clk_out1_hdmi_out_clk_wiz_0_0
    BUFGCTRL_X0Y16       BUFG (Prop_bufg_I_O)         0.091    10.885 r  hdmi_out_i/clk_wiz_0/inst/clkout1_buf/O
                         net (fo=267, routed)         1.860    12.745    hdmi_out_i/rgb2dvi_0/U0/DataEncoders[0].DataEncoder/PixelClk
    SLICE_X111Y143       FDRE                                         r  hdmi_out_i/rgb2dvi_0/U0/DataEncoders[0].DataEncoder/n1d_1_reg[3]/C
                         clock pessimism              0.585    13.330    
                         clock uncertainty           -0.135    13.195    
    SLICE_X111Y143       FDRE (Setup_fdre_C_D)        0.029    13.224    hdmi_out_i/rgb2dvi_0/U0/DataEncoders[0].DataEncoder/n1d_1_reg[3]
  -------------------------------------------------------------------
                         required time                         13.224    
                         arrival time                          -8.955    
  -------------------------------------------------------------------
                         slack                                  4.269    

Slack (MET) :             4.274ns  (required time - arrival time)
  Source:                 hdmi_out_i/hdmi_code_0/inst/x_coordinate_reg[0]/C
                            (rising edge-triggered cell FDRE clocked by clk_out1_hdmi_out_clk_wiz_0_0  {rise@0.000ns fall@7.015ns period=14.030ns})
  Destination:            hdmi_out_i/rgb2dvi_0/U0/DataEncoders[0].DataEncoder/n1d_1_reg[1]/D
                            (rising edge-triggered cell FDRE clocked by clk_out1_hdmi_out_clk_wiz_0_0  {rise@0.000ns fall@7.015ns period=14.030ns})
  Path Group:             clk_out1_hdmi_out_clk_wiz_0_0
  Path Type:              Setup (Max at Slow Process Corner)
  Requirement:            14.030ns  (clk_out1_hdmi_out_clk_wiz_0_0 rise@14.030ns - clk_out1_hdmi_out_clk_wiz_0_0 rise@0.000ns)
  Data Path Delay:        9.592ns  (logic 3.758ns (39.179%)  route 5.834ns (60.821%))
  Logic Levels:           11  (CARRY4=4 LUT3=2 LUT4=2 LUT5=2 LUT6=1)
  Clock Path Skew:        -0.060ns (DCD - SCD + CPR)
    Destination Clock Delay (DCD):    -1.285ns = ( 12.745 - 14.030 ) 
    Source Clock Delay      (SCD):    -0.640ns
    Clock Pessimism Removal (CPR):    0.585ns
  Clock Uncertainty:      0.135ns  ((TSJ^2 + DJ^2)^1/2) / 2 + PE
    Total System Jitter     (TSJ):    0.071ns
    Discrete Jitter          (DJ):    0.261ns
    Phase Error              (PE):    0.000ns

    Location             Delay type                Incr(ns)  Path(ns)    Netlist Resource(s)
  -------------------------------------------------------------------    -------------------
                         (clock clk_out1_hdmi_out_clk_wiz_0_0 rise edge)
                                                      0.000     0.000 r  
    K17                                               0.000     0.000 r  System_clock (IN)
                         net (fo=0)                   0.000     0.000    hdmi_out_i/clk_wiz_0/inst/clk_in1
    K17                  IBUF (Prop_ibuf_I_O)         1.475     1.475 r  hdmi_out_i/clk_wiz_0/inst/clkin1_ibufg/O
                         net (fo=1, routed)           1.285     2.760    hdmi_out_i/clk_wiz_0/inst/clk_in1_hdmi_out_clk_wiz_0_0
    MMCME2_ADV_X1Y2      MMCME2_ADV (Prop_mmcme2_adv_CLKIN1_CLKOUT0)
                                                     -7.759    -4.999 r  hdmi_out_i/clk_wiz_0/inst/mmcm_adv_inst/CLKOUT0
                         net (fo=1, routed)           2.206    -2.793    hdmi_out_i/clk_wiz_0/inst/clk_out1_hdmi_out_clk_wiz_0_0
    BUFGCTRL_X0Y16       BUFG (Prop_bufg_I_O)         0.101    -2.692 r  hdmi_out_i/clk_wiz_0/inst/clkout1_buf/O
                         net (fo=267, routed)         2.052    -0.640    hdmi_out_i/hdmi_code_0/inst/clk
    SLICE_X107Y138       FDRE                                         r  hdmi_out_i/hdmi_code_0/inst/x_coordinate_reg[0]/C
  -------------------------------------------------------------------    -------------------
    SLICE_X107Y138       FDRE (Prop_fdre_C_Q)         0.456    -0.184 r  hdmi_out_i/hdmi_code_0/inst/x_coordinate_reg[0]/Q
                         net (fo=20, routed)          0.820     0.636    hdmi_out_i/hdmi_code_0/inst/x_coordinate_reg[0]
    SLICE_X108Y141       CARRY4 (Prop_carry4_CYINIT_CO[3])
                                                      0.595     1.231 r  hdmi_out_i/hdmi_code_0/inst/multiply3_inferred__1/i__carry/CO[3]
                         net (fo=1, routed)           0.000     1.231    hdmi_out_i/hdmi_code_0/inst/multiply3_inferred__1/i__carry_n_0
    SLICE_X108Y142       CARRY4 (Prop_carry4_CI_O[2])
                                                      0.239     1.470 r  hdmi_out_i/hdmi_code_0/inst/multiply3_inferred__1/i__carry__0/O[2]
                         net (fo=2, routed)           1.058     2.528    hdmi_out_i/hdmi_code_0/inst/multiply3_inferred__1/i__carry__0_n_5
    SLICE_X105Y141       LUT4 (Prop_lut4_I0_O)        0.301     2.829 r  hdmi_out_i/hdmi_code_0/inst/i__carry_i_5__0/O
                         net (fo=1, routed)           0.000     2.829    hdmi_out_i/hdmi_code_0/inst/i__carry_i_5__0_n_0
    SLICE_X105Y141       CARRY4 (Prop_carry4_S[3]_CO[3])
                                                      0.401     3.230 r  hdmi_out_i/hdmi_code_0/inst/multiply2_inferred__1/i__carry/CO[3]
                         net (fo=1, routed)           0.000     3.230    hdmi_out_i/hdmi_code_0/inst/multiply2_inferred__1/i__carry_n_0
    SLICE_X105Y142       CARRY4 (Prop_carry4_CI_CO[1])
                                                      0.157     3.387 r  hdmi_out_i/hdmi_code_0/inst/multiply2_inferred__1/i__carry__0/CO[1]
                         net (fo=1, routed)           0.576     3.963    hdmi_out_i/hdmi_code_0/inst/multiply270_in
    SLICE_X104Y140       LUT6 (Prop_lut6_I5_O)        0.329     4.292 f  hdmi_out_i/hdmi_code_0/inst/vid_out[3]_INST_0_i_11/O
                         net (fo=1, routed)           0.622     4.914    hdmi_out_i/hdmi_code_0/inst/vid_out[3]_INST_0_i_11_n_0
    SLICE_X105Y140       LUT5 (Prop_lut5_I0_O)        0.124     5.038 f  hdmi_out_i/hdmi_code_0/inst/vid_out[3]_INST_0_i_2/O
                         net (fo=8, routed)           0.861     5.899    hdmi_out_i/hdmi_code_0/inst/vid_out[3]_INST_0_i_2_n_0
    SLICE_X110Y143       LUT5 (Prop_lut5_I2_O)        0.120     6.019 r  hdmi_out_i/hdmi_code_0/inst/vid_out[1]_INST_0/O
                         net (fo=12, routed)          0.841     6.860    hdmi_out_i/rgb2dvi_0/U0/DataEncoders[0].DataEncoder/vid_pData[3]
    SLICE_X111Y144       LUT3 (Prop_lut3_I1_O)        0.353     7.213 r  hdmi_out_i/rgb2dvi_0/U0/DataEncoders[0].DataEncoder/n1d_1[0]_i_2/O
                         net (fo=2, routed)           0.592     7.805    hdmi_out_i/rgb2dvi_0/U0/DataEncoders[0].DataEncoder/n1d_1[0]_i_2_n_0
    SLICE_X111Y145       LUT4 (Prop_lut4_I3_O)        0.351     8.156 r  hdmi_out_i/rgb2dvi_0/U0/DataEncoders[0].DataEncoder/n1d_1[3]_i_2/O
                         net (fo=3, routed)           0.464     8.620    hdmi_out_i/rgb2dvi_0/U0/DataEncoders[0].DataEncoder/n1d_1[3]_i_2_n_0
    SLICE_X111Y143       LUT3 (Prop_lut3_I0_O)        0.332     8.952 r  hdmi_out_i/rgb2dvi_0/U0/DataEncoders[0].DataEncoder/n1d_1[1]_i_1/O
                         net (fo=1, routed)           0.000     8.952    hdmi_out_i/rgb2dvi_0/U0/DataEncoders[0].DataEncoder/sum_bits[1]
    SLICE_X111Y143       FDRE                                         r  hdmi_out_i/rgb2dvi_0/U0/DataEncoders[0].DataEncoder/n1d_1_reg[1]/D
  -------------------------------------------------------------------    -------------------

                         (clock clk_out1_hdmi_out_clk_wiz_0_0 rise edge)
                                                     14.030    14.030 r  
    K17                                               0.000    14.030 r  System_clock (IN)
                         net (fo=0)                   0.000    14.030    hdmi_out_i/clk_wiz_0/inst/clk_in1
    K17                  IBUF (Prop_ibuf_I_O)         1.404    15.435 r  hdmi_out_i/clk_wiz_0/inst/clkin1_ibufg/O
                         net (fo=1, routed)           1.162    16.596    hdmi_out_i/clk_wiz_0/inst/clk_in1_hdmi_out_clk_wiz_0_0
    MMCME2_ADV_X1Y2      MMCME2_ADV (Prop_mmcme2_adv_CLKIN1_CLKOUT0)
                                                     -7.814     8.782 r  hdmi_out_i/clk_wiz_0/inst/mmcm_adv_inst/CLKOUT0
                         net (fo=1, routed)           2.012    10.794    hdmi_out_i/clk_wiz_0/inst/clk_out1_hdmi_out_clk_wiz_0_0
    BUFGCTRL_X0Y16       BUFG (Prop_bufg_I_O)         0.091    10.885 r  hdmi_out_i/clk_wiz_0/inst/clkout1_buf/O
                         net (fo=267, routed)         1.860    12.745    hdmi_out_i/rgb2dvi_0/U0/DataEncoders[0].DataEncoder/PixelClk
    SLICE_X111Y143       FDRE                                         r  hdmi_out_i/rgb2dvi_0/U0/DataEncoders[0].DataEncoder/n1d_1_reg[1]/C
                         clock pessimism              0.585    13.330    
                         clock uncertainty           -0.135    13.195    
    SLICE_X111Y143       FDRE (Setup_fdre_C_D)        0.031    13.226    hdmi_out_i/rgb2dvi_0/U0/DataEncoders[0].DataEncoder/n1d_1_reg[1]
  -------------------------------------------------------------------
                         required time                         13.226    
                         arrival time                          -8.952    
  -------------------------------------------------------------------
                         slack                                  4.274    

Slack (MET) :             4.434ns  (required time - arrival time)
  Source:                 hdmi_out_i/hdmi_code_0/inst/x_coordinate_reg[0]/C
                            (rising edge-triggered cell FDRE clocked by clk_out1_hdmi_out_clk_wiz_0_0  {rise@0.000ns fall@7.015ns period=14.030ns})
  Destination:            hdmi_out_i/rgb2dvi_0/U0/DataEncoders[0].DataEncoder/n1d_1_reg[2]/D
                            (rising edge-triggered cell FDRE clocked by clk_out1_hdmi_out_clk_wiz_0_0  {rise@0.000ns fall@7.015ns period=14.030ns})
  Path Group:             clk_out1_hdmi_out_clk_wiz_0_0
  Path Type:              Setup (Max at Slow Process Corner)
  Requirement:            14.030ns  (clk_out1_hdmi_out_clk_wiz_0_0 rise@14.030ns - clk_out1_hdmi_out_clk_wiz_0_0 rise@0.000ns)
  Data Path Delay:        9.432ns  (logic 3.758ns (39.844%)  route 5.674ns (60.156%))
  Logic Levels:           11  (CARRY4=4 LUT3=1 LUT4=2 LUT5=3 LUT6=1)
  Clock Path Skew:        -0.060ns (DCD - SCD + CPR)
    Destination Clock Delay (DCD):    -1.285ns = ( 12.745 - 14.030 ) 
    Source Clock Delay      (SCD):    -0.640ns
    Clock Pessimism Removal (CPR):    0.585ns
  Clock Uncertainty:      0.135ns  ((TSJ^2 + DJ^2)^1/2) / 2 + PE
    Total System Jitter     (TSJ):    0.071ns
    Discrete Jitter          (DJ):    0.261ns
    Phase Error              (PE):    0.000ns

    Location             Delay type                Incr(ns)  Path(ns)    Netlist Resource(s)
  -------------------------------------------------------------------    -------------------
                         (clock clk_out1_hdmi_out_clk_wiz_0_0 rise edge)
                                                      0.000     0.000 r  
    K17                                               0.000     0.000 r  System_clock (IN)
                         net (fo=0)                   0.000     0.000    hdmi_out_i/clk_wiz_0/inst/clk_in1
    K17                  IBUF (Prop_ibuf_I_O)         1.475     1.475 r  hdmi_out_i/clk_wiz_0/inst/clkin1_ibufg/O
                         net (fo=1, routed)           1.285     2.760    hdmi_out_i/clk_wiz_0/inst/clk_in1_hdmi_out_clk_wiz_0_0
    MMCME2_ADV_X1Y2      MMCME2_ADV (Prop_mmcme2_adv_CLKIN1_CLKOUT0)
                                                     -7.759    -4.999 r  hdmi_out_i/clk_wiz_0/inst/mmcm_adv_inst/CLKOUT0
                         net (fo=1, routed)           2.206    -2.793    hdmi_out_i/clk_wiz_0/inst/clk_out1_hdmi_out_clk_wiz_0_0
    BUFGCTRL_X0Y16       BUFG (Prop_bufg_I_O)         0.101    -2.692 r  hdmi_out_i/clk_wiz_0/inst/clkout1_buf/O
                         net (fo=267, routed)         2.052    -0.640    hdmi_out_i/hdmi_code_0/inst/clk
    SLICE_X107Y138       FDRE                                         r  hdmi_out_i/hdmi_code_0/inst/x_coordinate_reg[0]/C
  -------------------------------------------------------------------    -------------------
    SLICE_X107Y138       FDRE (Prop_fdre_C_Q)         0.456    -0.184 r  hdmi_out_i/hdmi_code_0/inst/x_coordinate_reg[0]/Q
                         net (fo=20, routed)          0.820     0.636    hdmi_out_i/hdmi_code_0/inst/x_coordinate_reg[0]
    SLICE_X108Y141       CARRY4 (Prop_carry4_CYINIT_CO[3])
                                                      0.595     1.231 r  hdmi_out_i/hdmi_code_0/inst/multiply3_inferred__1/i__carry/CO[3]
                         net (fo=1, routed)           0.000     1.231    hdmi_out_i/hdmi_code_0/inst/multiply3_inferred__1/i__carry_n_0
    SLICE_X108Y142       CARRY4 (Prop_carry4_CI_O[2])
                                                      0.239     1.470 r  hdmi_out_i/hdmi_code_0/inst/multiply3_inferred__1/i__carry__0/O[2]
                         net (fo=2, routed)           1.058     2.528    hdmi_out_i/hdmi_code_0/inst/multiply3_inferred__1/i__carry__0_n_5
    SLICE_X105Y141       LUT4 (Prop_lut4_I0_O)        0.301     2.829 r  hdmi_out_i/hdmi_code_0/inst/i__carry_i_5__0/O
                         net (fo=1, routed)           0.000     2.829    hdmi_out_i/hdmi_code_0/inst/i__carry_i_5__0_n_0
    SLICE_X105Y141       CARRY4 (Prop_carry4_S[3]_CO[3])
                                                      0.401     3.230 r  hdmi_out_i/hdmi_code_0/inst/multiply2_inferred__1/i__carry/CO[3]
                         net (fo=1, routed)           0.000     3.230    hdmi_out_i/hdmi_code_0/inst/multiply2_inferred__1/i__carry_n_0
    SLICE_X105Y142       CARRY4 (Prop_carry4_CI_CO[1])
                                                      0.157     3.387 r  hdmi_out_i/hdmi_code_0/inst/multiply2_inferred__1/i__carry__0/CO[1]
                         net (fo=1, routed)           0.576     3.963    hdmi_out_i/hdmi_code_0/inst/multiply270_in
    SLICE_X104Y140       LUT6 (Prop_lut6_I5_O)        0.329     4.292 f  hdmi_out_i/hdmi_code_0/inst/vid_out[3]_INST_0_i_11/O
                         net (fo=1, routed)           0.622     4.914    hdmi_out_i/hdmi_code_0/inst/vid_out[3]_INST_0_i_11_n_0
    SLICE_X105Y140       LUT5 (Prop_lut5_I0_O)        0.124     5.038 f  hdmi_out_i/hdmi_code_0/inst/vid_out[3]_INST_0_i_2/O
                         net (fo=8, routed)           0.861     5.899    hdmi_out_i/hdmi_code_0/inst/vid_out[3]_INST_0_i_2_n_0
    SLICE_X110Y143       LUT5 (Prop_lut5_I2_O)        0.120     6.019 r  hdmi_out_i/hdmi_code_0/inst/vid_out[1]_INST_0/O
                         net (fo=12, routed)          0.841     6.860    hdmi_out_i/rgb2dvi_0/U0/DataEncoders[0].DataEncoder/vid_pData[3]
    SLICE_X111Y144       LUT3 (Prop_lut3_I1_O)        0.353     7.213 r  hdmi_out_i/rgb2dvi_0/U0/DataEncoders[0].DataEncoder/n1d_1[0]_i_2/O
                         net (fo=2, routed)           0.592     7.805    hdmi_out_i/rgb2dvi_0/U0/DataEncoders[0].DataEncoder/n1d_1[0]_i_2_n_0
    SLICE_X111Y145       LUT4 (Prop_lut4_I3_O)        0.351     8.156 r  hdmi_out_i/rgb2dvi_0/U0/DataEncoders[0].DataEncoder/n1d_1[3]_i_2/O
                         net (fo=3, routed)           0.303     8.460    hdmi_out_i/rgb2dvi_0/U0/DataEncoders[0].DataEncoder/n1d_1[3]_i_2_n_0
    SLICE_X111Y144       LUT5 (Prop_lut5_I0_O)        0.332     8.792 r  hdmi_out_i/rgb2dvi_0/U0/DataEncoders[0].DataEncoder/n1d_1[2]_i_1/O
                         net (fo=1, routed)           0.000     8.792    hdmi_out_i/rgb2dvi_0/U0/DataEncoders[0].DataEncoder/sum_bits[2]
    SLICE_X111Y144       FDRE                                         r  hdmi_out_i/rgb2dvi_0/U0/DataEncoders[0].DataEncoder/n1d_1_reg[2]/D
  -------------------------------------------------------------------    -------------------

                         (clock clk_out1_hdmi_out_clk_wiz_0_0 rise edge)
                                                     14.030    14.030 r  
    K17                                               0.000    14.030 r  System_clock (IN)
                         net (fo=0)                   0.000    14.030    hdmi_out_i/clk_wiz_0/inst/clk_in1
    K17                  IBUF (Prop_ibuf_I_O)         1.404    15.435 r  hdmi_out_i/clk_wiz_0/inst/clkin1_ibufg/O
                         net (fo=1, routed)           1.162    16.596    hdmi_out_i/clk_wiz_0/inst/clk_in1_hdmi_out_clk_wiz_0_0
    MMCME2_ADV_X1Y2      MMCME2_ADV (Prop_mmcme2_adv_CLKIN1_CLKOUT0)
                                                     -7.814     8.782 r  hdmi_out_i/clk_wiz_0/inst/mmcm_adv_inst/CLKOUT0
                         net (fo=1, routed)           2.012    10.794    hdmi_out_i/clk_wiz_0/inst/clk_out1_hdmi_out_clk_wiz_0_0
    BUFGCTRL_X0Y16       BUFG (Prop_bufg_I_O)         0.091    10.885 r  hdmi_out_i/clk_wiz_0/inst/clkout1_buf/O
                         net (fo=267, routed)         1.860    12.745    hdmi_out_i/rgb2dvi_0/U0/DataEncoders[0].DataEncoder/PixelClk
    SLICE_X111Y144       FDRE                                         r  hdmi_out_i/rgb2dvi_0/U0/DataEncoders[0].DataEncoder/n1d_1_reg[2]/C
                         clock pessimism              0.585    13.330    
                         clock uncertainty           -0.135    13.195    
    SLICE_X111Y144       FDRE (Setup_fdre_C_D)        0.031    13.226    hdmi_out_i/rgb2dvi_0/U0/DataEncoders[0].DataEncoder/n1d_1_reg[2]
  -------------------------------------------------------------------
                         required time                         13.226    
                         arrival time                          -8.792    
  -------------------------------------------------------------------
                         slack                                  4.434    

Slack (MET) :             4.598ns  (required time - arrival time)
  Source:                 hdmi_out_i/hdmi_code_0/inst/x_coordinate_reg[0]/C
                            (rising edge-triggered cell FDRE clocked by clk_out1_hdmi_out_clk_wiz_0_0  {rise@0.000ns fall@7.015ns period=14.030ns})
  Destination:            hdmi_out_i/rgb2dvi_0/U0/DataEncoders[1].DataEncoder/n1d_1_reg[2]/D
                            (rising edge-triggered cell FDRE clocked by clk_out1_hdmi_out_clk_wiz_0_0  {rise@0.000ns fall@7.015ns period=14.030ns})
  Path Group:             clk_out1_hdmi_out_clk_wiz_0_0
  Path Type:              Setup (Max at Slow Process Corner)
  Requirement:            14.030ns  (clk_out1_hdmi_out_clk_wiz_0_0 rise@14.030ns - clk_out1_hdmi_out_clk_wiz_0_0 rise@0.000ns)
  Data Path Delay:        9.267ns  (logic 3.297ns (35.577%)  route 5.970ns (64.423%))
  Logic Levels:           11  (CARRY4=4 LUT3=1 LUT4=2 LUT5=2 LUT6=2)
  Clock Path Skew:        -0.059ns (DCD - SCD + CPR)
    Destination Clock Delay (DCD):    -1.284ns = ( 12.746 - 14.030 ) 
    Source Clock Delay      (SCD):    -0.640ns
    Clock Pessimism Removal (CPR):    0.585ns
  Clock Uncertainty:      0.135ns  ((TSJ^2 + DJ^2)^1/2) / 2 + PE
    Total System Jitter     (TSJ):    0.071ns
    Discrete Jitter          (DJ):    0.261ns
    Phase Error              (PE):    0.000ns

    Location             Delay type                Incr(ns)  Path(ns)    Netlist Resource(s)
  -------------------------------------------------------------------    -------------------
                         (clock clk_out1_hdmi_out_clk_wiz_0_0 rise edge)
                                                      0.000     0.000 r  
    K17                                               0.000     0.000 r  System_clock (IN)
                         net (fo=0)                   0.000     0.000    hdmi_out_i/clk_wiz_0/inst/clk_in1
    K17                  IBUF (Prop_ibuf_I_O)         1.475     1.475 r  hdmi_out_i/clk_wiz_0/inst/clkin1_ibufg/O
                         net (fo=1, routed)           1.285     2.760    hdmi_out_i/clk_wiz_0/inst/clk_in1_hdmi_out_clk_wiz_0_0
    MMCME2_ADV_X1Y2      MMCME2_ADV (Prop_mmcme2_adv_CLKIN1_CLKOUT0)
                                                     -7.759    -4.999 r  hdmi_out_i/clk_wiz_0/inst/mmcm_adv_inst/CLKOUT0
                         net (fo=1, routed)           2.206    -2.793    hdmi_out_i/clk_wiz_0/inst/clk_out1_hdmi_out_clk_wiz_0_0
    BUFGCTRL_X0Y16       BUFG (Prop_bufg_I_O)         0.101    -2.692 r  hdmi_out_i/clk_wiz_0/inst/clkout1_buf/O
                         net (fo=267, routed)         2.052    -0.640    hdmi_out_i/hdmi_code_0/inst/clk
    SLICE_X107Y138       FDRE                                         r  hdmi_out_i/hdmi_code_0/inst/x_coordinate_reg[0]/C
  -------------------------------------------------------------------    -------------------
    SLICE_X107Y138       FDRE (Prop_fdre_C_Q)         0.456    -0.184 r  hdmi_out_i/hdmi_code_0/inst/x_coordinate_reg[0]/Q
                         net (fo=20, routed)          0.820     0.636    hdmi_out_i/hdmi_code_0/inst/x_coordinate_reg[0]
    SLICE_X108Y141       CARRY4 (Prop_carry4_CYINIT_CO[3])
                                                      0.595     1.231 r  hdmi_out_i/hdmi_code_0/inst/multiply3_inferred__1/i__carry/CO[3]
                         net (fo=1, routed)           0.000     1.231    hdmi_out_i/hdmi_code_0/inst/multiply3_inferred__1/i__carry_n_0
    SLICE_X108Y142       CARRY4 (Prop_carry4_CI_O[2])
                                                      0.239     1.470 r  hdmi_out_i/hdmi_code_0/inst/multiply3_inferred__1/i__carry__0/O[2]
                         net (fo=2, routed)           1.058     2.528    hdmi_out_i/hdmi_code_0/inst/multiply3_inferred__1/i__carry__0_n_5
    SLICE_X105Y141       LUT4 (Prop_lut4_I0_O)        0.301     2.829 r  hdmi_out_i/hdmi_code_0/inst/i__carry_i_5__0/O
                         net (fo=1, routed)           0.000     2.829    hdmi_out_i/hdmi_code_0/inst/i__carry_i_5__0_n_0
    SLICE_X105Y141       CARRY4 (Prop_carry4_S[3]_CO[3])
                                                      0.401     3.230 r  hdmi_out_i/hdmi_code_0/inst/multiply2_inferred__1/i__carry/CO[3]
                         net (fo=1, routed)           0.000     3.230    hdmi_out_i/hdmi_code_0/inst/multiply2_inferred__1/i__carry_n_0
    SLICE_X105Y142       CARRY4 (Prop_carry4_CI_CO[1])
                                                      0.157     3.387 r  hdmi_out_i/hdmi_code_0/inst/multiply2_inferred__1/i__carry__0/CO[1]
                         net (fo=1, routed)           0.576     3.963    hdmi_out_i/hdmi_code_0/inst/multiply270_in
    SLICE_X104Y140       LUT6 (Prop_lut6_I5_O)        0.329     4.292 f  hdmi_out_i/hdmi_code_0/inst/vid_out[3]_INST_0_i_11/O
                         net (fo=1, routed)           0.622     4.914    hdmi_out_i/hdmi_code_0/inst/vid_out[3]_INST_0_i_11_n_0
    SLICE_X105Y140       LUT5 (Prop_lut5_I0_O)        0.124     5.038 f  hdmi_out_i/hdmi_code_0/inst/vid_out[3]_INST_0_i_2/O
                         net (fo=8, routed)           0.861     5.899    hdmi_out_i/hdmi_code_0/inst/vid_out[3]_INST_0_i_2_n_0
    SLICE_X110Y143       LUT5 (Prop_lut5_I2_O)        0.120     6.019 r  hdmi_out_i/hdmi_code_0/inst/vid_out[1]_INST_0/O
                         net (fo=12, routed)          1.012     7.031    hdmi_out_i/rgb2dvi_0/U0/DataEncoders[1].DataEncoder/vid_pData[1]
    SLICE_X111Y146       LUT3 (Prop_lut3_I0_O)        0.327     7.358 r  hdmi_out_i/rgb2dvi_0/U0/DataEncoders[1].DataEncoder/n1d_1[0]_i_2/O
                         net (fo=2, routed)           0.647     8.005    hdmi_out_i/rgb2dvi_0/U0/DataEncoders[1].DataEncoder/n1d_1[0]_i_2_n_0
    SLICE_X111Y147       LUT4 (Prop_lut4_I3_O)        0.124     8.129 r  hdmi_out_i/rgb2dvi_0/U0/DataEncoders[1].DataEncoder/n1d_1[3]_i_2/O
                         net (fo=3, routed)           0.374     8.503    hdmi_out_i/rgb2dvi_0/U0/DataEncoders[1].DataEncoder/n1d_1[3]_i_2_n_0
    SLICE_X110Y147       LUT6 (Prop_lut6_I0_O)        0.124     8.627 r  hdmi_out_i/rgb2dvi_0/U0/DataEncoders[1].DataEncoder/n1d_1[2]_i_1/O
                         net (fo=1, routed)           0.000     8.627    hdmi_out_i/rgb2dvi_0/U0/DataEncoders[1].DataEncoder/n1d_1[2]_i_1_n_0
    SLICE_X110Y147       FDRE                                         r  hdmi_out_i/rgb2dvi_0/U0/DataEncoders[1].DataEncoder/n1d_1_reg[2]/D
  -------------------------------------------------------------------    -------------------

                         (clock clk_out1_hdmi_out_clk_wiz_0_0 rise edge)
                                                     14.030    14.030 r  
    K17                                               0.000    14.030 r  System_clock (IN)
                         net (fo=0)                   0.000    14.030    hdmi_out_i/clk_wiz_0/inst/clk_in1
    K17                  IBUF (Prop_ibuf_I_O)         1.404    15.435 r  hdmi_out_i/clk_wiz_0/inst/clkin1_ibufg/O
                         net (fo=1, routed)           1.162    16.596    hdmi_out_i/clk_wiz_0/inst/clk_in1_hdmi_out_clk_wiz_0_0
    MMCME2_ADV_X1Y2      MMCME2_ADV (Prop_mmcme2_adv_CLKIN1_CLKOUT0)
                                                     -7.814     8.782 r  hdmi_out_i/clk_wiz_0/inst/mmcm_adv_inst/CLKOUT0
                         net (fo=1, routed)           2.012    10.794    hdmi_out_i/clk_wiz_0/inst/clk_out1_hdmi_out_clk_wiz_0_0
    BUFGCTRL_X0Y16       BUFG (Prop_bufg_I_O)         0.091    10.885 r  hdmi_out_i/clk_wiz_0/inst/clkout1_buf/O
                         net (fo=267, routed)         1.861    12.746    hdmi_out_i/rgb2dvi_0/U0/DataEncoders[1].DataEncoder/PixelClk
    SLICE_X110Y147       FDRE                                         r  hdmi_out_i/rgb2dvi_0/U0/DataEncoders[1].DataEncoder/n1d_1_reg[2]/C
                         clock pessimism              0.585    13.331    
                         clock uncertainty           -0.135    13.196    
    SLICE_X110Y147       FDRE (Setup_fdre_C_D)        0.029    13.225    hdmi_out_i/rgb2dvi_0/U0/DataEncoders[1].DataEncoder/n1d_1_reg[2]
  -------------------------------------------------------------------
                         required time                         13.225    
                         arrival time                          -8.627    
  -------------------------------------------------------------------
                         slack                                  4.598    

Slack (MET) :             4.603ns  (required time - arrival time)
  Source:                 hdmi_out_i/hdmi_code_0/inst/x_coordinate_reg[0]/C
                            (rising edge-triggered cell FDRE clocked by clk_out1_hdmi_out_clk_wiz_0_0  {rise@0.000ns fall@7.015ns period=14.030ns})
  Destination:            hdmi_out_i/rgb2dvi_0/U0/DataEncoders[1].DataEncoder/n1d_1_reg[3]/D
                            (rising edge-triggered cell FDRE clocked by clk_out1_hdmi_out_clk_wiz_0_0  {rise@0.000ns fall@7.015ns period=14.030ns})
  Path Group:             clk_out1_hdmi_out_clk_wiz_0_0
  Path Type:              Setup (Max at Slow Process Corner)
  Requirement:            14.030ns  (clk_out1_hdmi_out_clk_wiz_0_0 rise@14.030ns - clk_out1_hdmi_out_clk_wiz_0_0 rise@0.000ns)
  Data Path Delay:        9.264ns  (logic 3.297ns (35.589%)  route 5.967ns (64.411%))
  Logic Levels:           11  (CARRY4=4 LUT3=1 LUT4=3 LUT5=2 LUT6=1)
  Clock Path Skew:        -0.059ns (DCD - SCD + CPR)
    Destination Clock Delay (DCD):    -1.284ns = ( 12.746 - 14.030 ) 
    Source Clock Delay      (SCD):    -0.640ns
    Clock Pessimism Removal (CPR):    0.585ns
  Clock Uncertainty:      0.135ns  ((TSJ^2 + DJ^2)^1/2) / 2 + PE
    Total System Jitter     (TSJ):    0.071ns
    Discrete Jitter          (DJ):    0.261ns
    Phase Error              (PE):    0.000ns

    Location             Delay type                Incr(ns)  Path(ns)    Netlist Resource(s)
  -------------------------------------------------------------------    -------------------
                         (clock clk_out1_hdmi_out_clk_wiz_0_0 rise edge)
                                                      0.000     0.000 r  
    K17                                               0.000     0.000 r  System_clock (IN)
                         net (fo=0)                   0.000     0.000    hdmi_out_i/clk_wiz_0/inst/clk_in1
    K17                  IBUF (Prop_ibuf_I_O)         1.475     1.475 r  hdmi_out_i/clk_wiz_0/inst/clkin1_ibufg/O
                         net (fo=1, routed)           1.285     2.760    hdmi_out_i/clk_wiz_0/inst/clk_in1_hdmi_out_clk_wiz_0_0
    MMCME2_ADV_X1Y2      MMCME2_ADV (Prop_mmcme2_adv_CLKIN1_CLKOUT0)
                                                     -7.759    -4.999 r  hdmi_out_i/clk_wiz_0/inst/mmcm_adv_inst/CLKOUT0
                         net (fo=1, routed)           2.206    -2.793    hdmi_out_i/clk_wiz_0/inst/clk_out1_hdmi_out_clk_wiz_0_0
    BUFGCTRL_X0Y16       BUFG (Prop_bufg_I_O)         0.101    -2.692 r  hdmi_out_i/clk_wiz_0/inst/clkout1_buf/O
                         net (fo=267, routed)         2.052    -0.640    hdmi_out_i/hdmi_code_0/inst/clk
    SLICE_X107Y138       FDRE                                         r  hdmi_out_i/hdmi_code_0/inst/x_coordinate_reg[0]/C
  -------------------------------------------------------------------    -------------------
    SLICE_X107Y138       FDRE (Prop_fdre_C_Q)         0.456    -0.184 r  hdmi_out_i/hdmi_code_0/inst/x_coordinate_reg[0]/Q
                         net (fo=20, routed)          0.820     0.636    hdmi_out_i/hdmi_code_0/inst/x_coordinate_reg[0]
    SLICE_X108Y141       CARRY4 (Prop_carry4_CYINIT_CO[3])
                                                      0.595     1.231 r  hdmi_out_i/hdmi_code_0/inst/multiply3_inferred__1/i__carry/CO[3]
                         net (fo=1, routed)           0.000     1.231    hdmi_out_i/hdmi_code_0/inst/multiply3_inferred__1/i__carry_n_0
    SLICE_X108Y142       CARRY4 (Prop_carry4_CI_O[2])
                                                      0.239     1.470 r  hdmi_out_i/hdmi_code_0/inst/multiply3_inferred__1/i__carry__0/O[2]
                         net (fo=2, routed)           1.058     2.528    hdmi_out_i/hdmi_code_0/inst/multiply3_inferred__1/i__carry__0_n_5
    SLICE_X105Y141       LUT4 (Prop_lut4_I0_O)        0.301     2.829 r  hdmi_out_i/hdmi_code_0/inst/i__carry_i_5__0/O
                         net (fo=1, routed)           0.000     2.829    hdmi_out_i/hdmi_code_0/inst/i__carry_i_5__0_n_0
    SLICE_X105Y141       CARRY4 (Prop_carry4_S[3]_CO[3])
                                                      0.401     3.230 r  hdmi_out_i/hdmi_code_0/inst/multiply2_inferred__1/i__carry/CO[3]
                         net (fo=1, routed)           0.000     3.230    hdmi_out_i/hdmi_code_0/inst/multiply2_inferred__1/i__carry_n_0
    SLICE_X105Y142       CARRY4 (Prop_carry4_CI_CO[1])
                                                      0.157     3.387 r  hdmi_out_i/hdmi_code_0/inst/multiply2_inferred__1/i__carry__0/CO[1]
                         net (fo=1, routed)           0.576     3.963    hdmi_out_i/hdmi_code_0/inst/multiply270_in
    SLICE_X104Y140       LUT6 (Prop_lut6_I5_O)        0.329     4.292 f  hdmi_out_i/hdmi_code_0/inst/vid_out[3]_INST_0_i_11/O
                         net (fo=1, routed)           0.622     4.914    hdmi_out_i/hdmi_code_0/inst/vid_out[3]_INST_0_i_11_n_0
    SLICE_X105Y140       LUT5 (Prop_lut5_I0_O)        0.124     5.038 f  hdmi_out_i/hdmi_code_0/inst/vid_out[3]_INST_0_i_2/O
                         net (fo=8, routed)           0.861     5.899    hdmi_out_i/hdmi_code_0/inst/vid_out[3]_INST_0_i_2_n_0
    SLICE_X110Y143       LUT5 (Prop_lut5_I2_O)        0.120     6.019 r  hdmi_out_i/hdmi_code_0/inst/vid_out[1]_INST_0/O
                         net (fo=12, routed)          1.012     7.031    hdmi_out_i/rgb2dvi_0/U0/DataEncoders[1].DataEncoder/vid_pData[1]
    SLICE_X111Y146       LUT3 (Prop_lut3_I0_O)        0.327     7.358 r  hdmi_out_i/rgb2dvi_0/U0/DataEncoders[1].DataEncoder/n1d_1[0]_i_2/O
                         net (fo=2, routed)           0.647     8.005    hdmi_out_i/rgb2dvi_0/U0/DataEncoders[1].DataEncoder/n1d_1[0]_i_2_n_0
    SLICE_X111Y147       LUT4 (Prop_lut4_I3_O)        0.124     8.129 r  hdmi_out_i/rgb2dvi_0/U0/DataEncoders[1].DataEncoder/n1d_1[3]_i_2/O
                         net (fo=3, routed)           0.371     8.500    hdmi_out_i/rgb2dvi_0/U0/DataEncoders[1].DataEncoder/n1d_1[3]_i_2_n_0
    SLICE_X110Y147       LUT4 (Prop_lut4_I0_O)        0.124     8.624 r  hdmi_out_i/rgb2dvi_0/U0/DataEncoders[1].DataEncoder/n1d_1[3]_i_1/O
                         net (fo=1, routed)           0.000     8.624    hdmi_out_i/rgb2dvi_0/U0/DataEncoders[1].DataEncoder/n1d_1[3]_i_1_n_0
    SLICE_X110Y147       FDRE                                         r  hdmi_out_i/rgb2dvi_0/U0/DataEncoders[1].DataEncoder/n1d_1_reg[3]/D
  -------------------------------------------------------------------    -------------------

                         (clock clk_out1_hdmi_out_clk_wiz_0_0 rise edge)
                                                     14.030    14.030 r  
    K17                                               0.000    14.030 r  System_clock (IN)
                         net (fo=0)                   0.000    14.030    hdmi_out_i/clk_wiz_0/inst/clk_in1
    K17                  IBUF (Prop_ibuf_I_O)         1.404    15.435 r  hdmi_out_i/clk_wiz_0/inst/clkin1_ibufg/O
                         net (fo=1, routed)           1.162    16.596    hdmi_out_i/clk_wiz_0/inst/clk_in1_hdmi_out_clk_wiz_0_0
    MMCME2_ADV_X1Y2      MMCME2_ADV (Prop_mmcme2_adv_CLKIN1_CLKOUT0)
                                                     -7.814     8.782 r  hdmi_out_i/clk_wiz_0/inst/mmcm_adv_inst/CLKOUT0
                         net (fo=1, routed)           2.012    10.794    hdmi_out_i/clk_wiz_0/inst/clk_out1_hdmi_out_clk_wiz_0_0
    BUFGCTRL_X0Y16       BUFG (Prop_bufg_I_O)         0.091    10.885 r  hdmi_out_i/clk_wiz_0/inst/clkout1_buf/O
                         net (fo=267, routed)         1.861    12.746    hdmi_out_i/rgb2dvi_0/U0/DataEncoders[1].DataEncoder/PixelClk
    SLICE_X110Y147       FDRE                                         r  hdmi_out_i/rgb2dvi_0/U0/DataEncoders[1].DataEncoder/n1d_1_reg[3]/C
                         clock pessimism              0.585    13.331    
                         clock uncertainty           -0.135    13.196    
    SLICE_X110Y147       FDRE (Setup_fdre_C_D)        0.031    13.227    hdmi_out_i/rgb2dvi_0/U0/DataEncoders[1].DataEncoder/n1d_1_reg[3]
  -------------------------------------------------------------------
                         required time                         13.227    
                         arrival time                          -8.624    
  -------------------------------------------------------------------
                         slack                                  4.603    

Slack (MET) :             4.677ns  (required time - arrival time)
  Source:                 hdmi_out_i/hdmi_code_0/inst/x_coordinate_reg[0]/C
                            (rising edge-triggered cell FDRE clocked by clk_out1_hdmi_out_clk_wiz_0_0  {rise@0.000ns fall@7.015ns period=14.030ns})
  Destination:            hdmi_out_i/rgb2dvi_0/U0/DataEncoders[2].DataEncoder/n1d_1_reg[3]/D
                            (rising edge-triggered cell FDRE clocked by clk_out1_hdmi_out_clk_wiz_0_0  {rise@0.000ns fall@7.015ns period=14.030ns})
  Path Group:             clk_out1_hdmi_out_clk_wiz_0_0
  Path Type:              Setup (Max at Slow Process Corner)
  Requirement:            14.030ns  (clk_out1_hdmi_out_clk_wiz_0_0 rise@14.030ns - clk_out1_hdmi_out_clk_wiz_0_0 rise@0.000ns)
  Data Path Delay:        9.190ns  (logic 3.210ns (34.931%)  route 5.980ns (65.069%))
  Logic Levels:           10  (CARRY4=4 LUT3=2 LUT4=1 LUT5=1 LUT6=2)
  Clock Path Skew:        -0.060ns (DCD - SCD + CPR)
    Destination Clock Delay (DCD):    -1.285ns = ( 12.745 - 14.030 ) 
    Source Clock Delay      (SCD):    -0.640ns
    Clock Pessimism Removal (CPR):    0.585ns
  Clock Uncertainty:      0.135ns  ((TSJ^2 + DJ^2)^1/2) / 2 + PE
    Total System Jitter     (TSJ):    0.071ns
    Discrete Jitter          (DJ):    0.261ns
    Phase Error              (PE):    0.000ns

    Location             Delay type                Incr(ns)  Path(ns)    Netlist Resource(s)
  -------------------------------------------------------------------    -------------------
                         (clock clk_out1_hdmi_out_clk_wiz_0_0 rise edge)
                                                      0.000     0.000 r  
    K17                                               0.000     0.000 r  System_clock (IN)
                         net (fo=0)                   0.000     0.000    hdmi_out_i/clk_wiz_0/inst/clk_in1
    K17                  IBUF (Prop_ibuf_I_O)         1.475     1.475 r  hdmi_out_i/clk_wiz_0/inst/clkin1_ibufg/O
                         net (fo=1, routed)           1.285     2.760    hdmi_out_i/clk_wiz_0/inst/clk_in1_hdmi_out_clk_wiz_0_0
    MMCME2_ADV_X1Y2      MMCME2_ADV (Prop_mmcme2_adv_CLKIN1_CLKOUT0)
                                                     -7.759    -4.999 r  hdmi_out_i/clk_wiz_0/inst/mmcm_adv_inst/CLKOUT0
                         net (fo=1, routed)           2.206    -2.793    hdmi_out_i/clk_wiz_0/inst/clk_out1_hdmi_out_clk_wiz_0_0
    BUFGCTRL_X0Y16       BUFG (Prop_bufg_I_O)         0.101    -2.692 r  hdmi_out_i/clk_wiz_0/inst/clkout1_buf/O
                         net (fo=267, routed)         2.052    -0.640    hdmi_out_i/hdmi_code_0/inst/clk
    SLICE_X107Y138       FDRE                                         r  hdmi_out_i/hdmi_code_0/inst/x_coordinate_reg[0]/C
  -------------------------------------------------------------------    -------------------
    SLICE_X107Y138       FDRE (Prop_fdre_C_Q)         0.456    -0.184 r  hdmi_out_i/hdmi_code_0/inst/x_coordinate_reg[0]/Q
                         net (fo=20, routed)          0.820     0.636    hdmi_out_i/hdmi_code_0/inst/x_coordinate_reg[0]
    SLICE_X108Y141       CARRY4 (Prop_carry4_CYINIT_CO[3])
                                                      0.595     1.231 r  hdmi_out_i/hdmi_code_0/inst/multiply3_inferred__1/i__carry/CO[3]
                         net (fo=1, routed)           0.000     1.231    hdmi_out_i/hdmi_code_0/inst/multiply3_inferred__1/i__carry_n_0
    SLICE_X108Y142       CARRY4 (Prop_carry4_CI_O[2])
                                                      0.239     1.470 r  hdmi_out_i/hdmi_code_0/inst/multiply3_inferred__1/i__carry__0/O[2]
                         net (fo=2, routed)           1.058     2.528    hdmi_out_i/hdmi_code_0/inst/multiply3_inferred__1/i__carry__0_n_5
    SLICE_X105Y141       LUT4 (Prop_lut4_I0_O)        0.301     2.829 r  hdmi_out_i/hdmi_code_0/inst/i__carry_i_5__0/O
                         net (fo=1, routed)           0.000     2.829    hdmi_out_i/hdmi_code_0/inst/i__carry_i_5__0_n_0
    SLICE_X105Y141       CARRY4 (Prop_carry4_S[3]_CO[3])
                                                      0.401     3.230 r  hdmi_out_i/hdmi_code_0/inst/multiply2_inferred__1/i__carry/CO[3]
                         net (fo=1, routed)           0.000     3.230    hdmi_out_i/hdmi_code_0/inst/multiply2_inferred__1/i__carry_n_0
    SLICE_X105Y142       CARRY4 (Prop_carry4_CI_CO[1])
                                                      0.157     3.387 r  hdmi_out_i/hdmi_code_0/inst/multiply2_inferred__1/i__carry__0/CO[1]
                         net (fo=1, routed)           0.576     3.963    hdmi_out_i/hdmi_code_0/inst/multiply270_in
    SLICE_X104Y140       LUT6 (Prop_lut6_I5_O)        0.329     4.292 f  hdmi_out_i/hdmi_code_0/inst/vid_out[3]_INST_0_i_11/O
                         net (fo=1, routed)           0.622     4.914    hdmi_out_i/hdmi_code_0/inst/vid_out[3]_INST_0_i_11_n_0
    SLICE_X105Y140       LUT5 (Prop_lut5_I0_O)        0.124     5.038 f  hdmi_out_i/hdmi_code_0/inst/vid_out[3]_INST_0_i_2/O
                         net (fo=8, routed)           0.861     5.899    hdmi_out_i/hdmi_code_0/inst/vid_out[3]_INST_0_i_2_n_0
    SLICE_X110Y143       LUT3 (Prop_lut3_I2_O)        0.124     6.023 r  hdmi_out_i/hdmi_code_0/inst/vid_out[7]_INST_0/O
                         net (fo=8, routed)           1.159     7.182    hdmi_out_i/rgb2dvi_0/U0/DataEncoders[2].DataEncoder/vid_pData[0]
    SLICE_X111Y146       LUT3 (Prop_lut3_I0_O)        0.152     7.334 r  hdmi_out_i/rgb2dvi_0/U0/DataEncoders[2].DataEncoder/n1d_1[3]_i_3/O
                         net (fo=3, routed)           0.884     8.217    hdmi_out_i/rgb2dvi_0/U0/DataEncoders[2].DataEncoder/n1d_1[3]_i_3_n_0
    SLICE_X111Y146       LUT6 (Prop_lut6_I1_O)        0.332     8.549 r  hdmi_out_i/rgb2dvi_0/U0/DataEncoders[2].DataEncoder/n1d_1[3]_i_1/O
                         net (fo=1, routed)           0.000     8.549    hdmi_out_i/rgb2dvi_0/U0/DataEncoders[2].DataEncoder/n1d_1[3]_i_1_n_0
    SLICE_X111Y146       FDRE                                         r  hdmi_out_i/rgb2dvi_0/U0/DataEncoders[2].DataEncoder/n1d_1_reg[3]/D
  -------------------------------------------------------------------    -------------------

                         (clock clk_out1_hdmi_out_clk_wiz_0_0 rise edge)
                                                     14.030    14.030 r  
    K17                                               0.000    14.030 r  System_clock (IN)
                         net (fo=0)                   0.000    14.030    hdmi_out_i/clk_wiz_0/inst/clk_in1
    K17                  IBUF (Prop_ibuf_I_O)         1.404    15.435 r  hdmi_out_i/clk_wiz_0/inst/clkin1_ibufg/O
                         net (fo=1, routed)           1.162    16.596    hdmi_out_i/clk_wiz_0/inst/clk_in1_hdmi_out_clk_wiz_0_0
    MMCME2_ADV_X1Y2      MMCME2_ADV (Prop_mmcme2_adv_CLKIN1_CLKOUT0)
                                                     -7.814     8.782 r  hdmi_out_i/clk_wiz_0/inst/mmcm_adv_inst/CLKOUT0
                         net (fo=1, routed)           2.012    10.794    hdmi_out_i/clk_wiz_0/inst/clk_out1_hdmi_out_clk_wiz_0_0
    BUFGCTRL_X0Y16       BUFG (Prop_bufg_I_O)         0.091    10.885 r  hdmi_out_i/clk_wiz_0/inst/clkout1_buf/O
                         net (fo=267, routed)         1.860    12.745    hdmi_out_i/rgb2dvi_0/U0/DataEncoders[2].DataEncoder/PixelClk
    SLICE_X111Y146       FDRE                                         r  hdmi_out_i/rgb2dvi_0/U0/DataEncoders[2].DataEncoder/n1d_1_reg[3]/C
                         clock pessimism              0.585    13.330    
                         clock uncertainty           -0.135    13.195    
    SLICE_X111Y146       FDRE (Setup_fdre_C_D)        0.031    13.226    hdmi_out_i/rgb2dvi_0/U0/DataEncoders[2].DataEncoder/n1d_1_reg[3]
  -------------------------------------------------------------------
                         required time                         13.226    
                         arrival time                          -8.549    
  -------------------------------------------------------------------
                         slack                                  4.677    

Slack (MET) :             4.696ns  (required time - arrival time)
  Source:                 hdmi_out_i/hdmi_code_0/inst/x_coordinate_reg[0]/C
                            (rising edge-triggered cell FDRE clocked by clk_out1_hdmi_out_clk_wiz_0_0  {rise@0.000ns fall@7.015ns period=14.030ns})
  Destination:            hdmi_out_i/rgb2dvi_0/U0/DataEncoders[1].DataEncoder/n1d_1_reg[1]/D
                            (rising edge-triggered cell FDRE clocked by clk_out1_hdmi_out_clk_wiz_0_0  {rise@0.000ns fall@7.015ns period=14.030ns})
  Path Group:             clk_out1_hdmi_out_clk_wiz_0_0
  Path Type:              Setup (Max at Slow Process Corner)
  Requirement:            14.030ns  (clk_out1_hdmi_out_clk_wiz_0_0 rise@14.030ns - clk_out1_hdmi_out_clk_wiz_0_0 rise@0.000ns)
  Data Path Delay:        9.207ns  (logic 3.297ns (35.809%)  route 5.910ns (64.191%))
  Logic Levels:           11  (CARRY4=4 LUT3=2 LUT4=2 LUT5=2 LUT6=1)
  Clock Path Skew:        -0.021ns (DCD - SCD + CPR)
    Destination Clock Delay (DCD):    -1.287ns = ( 12.743 - 14.030 ) 
    Source Clock Delay      (SCD):    -0.640ns
    Clock Pessimism Removal (CPR):    0.626ns
  Clock Uncertainty:      0.135ns  ((TSJ^2 + DJ^2)^1/2) / 2 + PE
    Total System Jitter     (TSJ):    0.071ns
    Discrete Jitter          (DJ):    0.261ns
    Phase Error              (PE):    0.000ns

    Location             Delay type                Incr(ns)  Path(ns)    Netlist Resource(s)
  -------------------------------------------------------------------    -------------------
                         (clock clk_out1_hdmi_out_clk_wiz_0_0 rise edge)
                                                      0.000     0.000 r  
    K17                                               0.000     0.000 r  System_clock (IN)
                         net (fo=0)                   0.000     0.000    hdmi_out_i/clk_wiz_0/inst/clk_in1
    K17                  IBUF (Prop_ibuf_I_O)         1.475     1.475 r  hdmi_out_i/clk_wiz_0/inst/clkin1_ibufg/O
                         net (fo=1, routed)           1.285     2.760    hdmi_out_i/clk_wiz_0/inst/clk_in1_hdmi_out_clk_wiz_0_0
    MMCME2_ADV_X1Y2      MMCME2_ADV (Prop_mmcme2_adv_CLKIN1_CLKOUT0)
                                                     -7.759    -4.999 r  hdmi_out_i/clk_wiz_0/inst/mmcm_adv_inst/CLKOUT0
                         net (fo=1, routed)           2.206    -2.793    hdmi_out_i/clk_wiz_0/inst/clk_out1_hdmi_out_clk_wiz_0_0
    BUFGCTRL_X0Y16       BUFG (Prop_bufg_I_O)         0.101    -2.692 r  hdmi_out_i/clk_wiz_0/inst/clkout1_buf/O
                         net (fo=267, routed)         2.052    -0.640    hdmi_out_i/hdmi_code_0/inst/clk
    SLICE_X107Y138       FDRE                                         r  hdmi_out_i/hdmi_code_0/inst/x_coordinate_reg[0]/C
  -------------------------------------------------------------------    -------------------
    SLICE_X107Y138       FDRE (Prop_fdre_C_Q)         0.456    -0.184 r  hdmi_out_i/hdmi_code_0/inst/x_coordinate_reg[0]/Q
                         net (fo=20, routed)          0.820     0.636    hdmi_out_i/hdmi_code_0/inst/x_coordinate_reg[0]
    SLICE_X108Y141       CARRY4 (Prop_carry4_CYINIT_CO[3])
                                                      0.595     1.231 r  hdmi_out_i/hdmi_code_0/inst/multiply3_inferred__1/i__carry/CO[3]
                         net (fo=1, routed)           0.000     1.231    hdmi_out_i/hdmi_code_0/inst/multiply3_inferred__1/i__carry_n_0
    SLICE_X108Y142       CARRY4 (Prop_carry4_CI_O[2])
                                                      0.239     1.470 r  hdmi_out_i/hdmi_code_0/inst/multiply3_inferred__1/i__carry__0/O[2]
                         net (fo=2, routed)           1.058     2.528    hdmi_out_i/hdmi_code_0/inst/multiply3_inferred__1/i__carry__0_n_5
    SLICE_X105Y141       LUT4 (Prop_lut4_I0_O)        0.301     2.829 r  hdmi_out_i/hdmi_code_0/inst/i__carry_i_5__0/O
                         net (fo=1, routed)           0.000     2.829    hdmi_out_i/hdmi_code_0/inst/i__carry_i_5__0_n_0
    SLICE_X105Y141       CARRY4 (Prop_carry4_S[3]_CO[3])
                                                      0.401     3.230 r  hdmi_out_i/hdmi_code_0/inst/multiply2_inferred__1/i__carry/CO[3]
                         net (fo=1, routed)           0.000     3.230    hdmi_out_i/hdmi_code_0/inst/multiply2_inferred__1/i__carry_n_0
    SLICE_X105Y142       CARRY4 (Prop_carry4_CI_CO[1])
                                                      0.157     3.387 r  hdmi_out_i/hdmi_code_0/inst/multiply2_inferred__1/i__carry__0/CO[1]
                         net (fo=1, routed)           0.576     3.963    hdmi_out_i/hdmi_code_0/inst/multiply270_in
    SLICE_X104Y140       LUT6 (Prop_lut6_I5_O)        0.329     4.292 f  hdmi_out_i/hdmi_code_0/inst/vid_out[3]_INST_0_i_11/O
                         net (fo=1, routed)           0.622     4.914    hdmi_out_i/hdmi_code_0/inst/vid_out[3]_INST_0_i_11_n_0
    SLICE_X105Y140       LUT5 (Prop_lut5_I0_O)        0.124     5.038 f  hdmi_out_i/hdmi_code_0/inst/vid_out[3]_INST_0_i_2/O
                         net (fo=8, routed)           0.861     5.899    hdmi_out_i/hdmi_code_0/inst/vid_out[3]_INST_0_i_2_n_0
    SLICE_X110Y143       LUT5 (Prop_lut5_I2_O)        0.120     6.019 r  hdmi_out_i/hdmi_code_0/inst/vid_out[1]_INST_0/O
                         net (fo=12, routed)          1.012     7.031    hdmi_out_i/rgb2dvi_0/U0/DataEncoders[1].DataEncoder/vid_pData[1]
    SLICE_X111Y146       LUT3 (Prop_lut3_I0_O)        0.327     7.358 r  hdmi_out_i/rgb2dvi_0/U0/DataEncoders[1].DataEncoder/n1d_1[0]_i_2/O
                         net (fo=2, routed)           0.647     8.005    hdmi_out_i/rgb2dvi_0/U0/DataEncoders[1].DataEncoder/n1d_1[0]_i_2_n_0
    SLICE_X111Y147       LUT4 (Prop_lut4_I3_O)        0.124     8.129 r  hdmi_out_i/rgb2dvi_0/U0/DataEncoders[1].DataEncoder/n1d_1[3]_i_2/O
                         net (fo=3, routed)           0.314     8.443    hdmi_out_i/rgb2dvi_0/U0/DataEncoders[1].DataEncoder/n1d_1[3]_i_2_n_0
    SLICE_X109Y147       LUT3 (Prop_lut3_I0_O)        0.124     8.567 r  hdmi_out_i/rgb2dvi_0/U0/DataEncoders[1].DataEncoder/n1d_1[1]_i_1/O
                         net (fo=1, routed)           0.000     8.567    hdmi_out_i/rgb2dvi_0/U0/DataEncoders[1].DataEncoder/n1d_1[1]_i_1_n_0
    SLICE_X109Y147       FDRE                                         r  hdmi_out_i/rgb2dvi_0/U0/DataEncoders[1].DataEncoder/n1d_1_reg[1]/D
  -------------------------------------------------------------------    -------------------

                         (clock clk_out1_hdmi_out_clk_wiz_0_0 rise edge)
                                                     14.030    14.030 r  
    K17                                               0.000    14.030 r  System_clock (IN)
                         net (fo=0)                   0.000    14.030    hdmi_out_i/clk_wiz_0/inst/clk_in1
    K17                  IBUF (Prop_ibuf_I_O)         1.404    15.435 r  hdmi_out_i/clk_wiz_0/inst/clkin1_ibufg/O
                         net (fo=1, routed)           1.162    16.596    hdmi_out_i/clk_wiz_0/inst/clk_in1_hdmi_out_clk_wiz_0_0
    MMCME2_ADV_X1Y2      MMCME2_ADV (Prop_mmcme2_adv_CLKIN1_CLKOUT0)
                                                     -7.814     8.782 r  hdmi_out_i/clk_wiz_0/inst/mmcm_adv_inst/CLKOUT0
                         net (fo=1, routed)           2.012    10.794    hdmi_out_i/clk_wiz_0/inst/clk_out1_hdmi_out_clk_wiz_0_0
    BUFGCTRL_X0Y16       BUFG (Prop_bufg_I_O)         0.091    10.885 r  hdmi_out_i/clk_wiz_0/inst/clkout1_buf/O
                         net (fo=267, routed)         1.858    12.743    hdmi_out_i/rgb2dvi_0/U0/DataEncoders[1].DataEncoder/PixelClk
    SLICE_X109Y147       FDRE                                         r  hdmi_out_i/rgb2dvi_0/U0/DataEncoders[1].DataEncoder/n1d_1_reg[1]/C
                         clock pessimism              0.626    13.369    
                         clock uncertainty           -0.135    13.234    
    SLICE_X109Y147       FDRE (Setup_fdre_C_D)        0.029    13.263    hdmi_out_i/rgb2dvi_0/U0/DataEncoders[1].DataEncoder/n1d_1_reg[1]
  -------------------------------------------------------------------
                         required time                         13.263    
                         arrival time                          -8.567    
  -------------------------------------------------------------------
                         slack                                  4.696    

Slack (MET) :             4.861ns  (required time - arrival time)
  Source:                 hdmi_out_i/hdmi_code_0/inst/x_coordinate_reg[0]/C
                            (rising edge-triggered cell FDRE clocked by clk_out1_hdmi_out_clk_wiz_0_0  {rise@0.000ns fall@7.015ns period=14.030ns})
  Destination:            hdmi_out_i/rgb2dvi_0/U0/DataEncoders[2].DataEncoder/n1d_1_reg[1]/D
                            (rising edge-triggered cell FDRE clocked by clk_out1_hdmi_out_clk_wiz_0_0  {rise@0.000ns fall@7.015ns period=14.030ns})
  Path Group:             clk_out1_hdmi_out_clk_wiz_0_0
  Path Type:              Setup (Max at Slow Process Corner)
  Requirement:            14.030ns  (clk_out1_hdmi_out_clk_wiz_0_0 rise@14.030ns - clk_out1_hdmi_out_clk_wiz_0_0 rise@0.000ns)
  Data Path Delay:        9.005ns  (logic 3.170ns (35.202%)  route 5.835ns (64.798%))
  Logic Levels:           10  (CARRY4=4 LUT3=1 LUT4=1 LUT5=2 LUT6=2)
  Clock Path Skew:        -0.060ns (DCD - SCD + CPR)
    Destination Clock Delay (DCD):    -1.285ns = ( 12.745 - 14.030 ) 
    Source Clock Delay      (SCD):    -0.640ns
    Clock Pessimism Removal (CPR):    0.585ns
  Clock Uncertainty:      0.135ns  ((TSJ^2 + DJ^2)^1/2) / 2 + PE
    Total System Jitter     (TSJ):    0.071ns
    Discrete Jitter          (DJ):    0.261ns
    Phase Error              (PE):    0.000ns

    Location             Delay type                Incr(ns)  Path(ns)    Netlist Resource(s)
  -------------------------------------------------------------------    -------------------
                         (clock clk_out1_hdmi_out_clk_wiz_0_0 rise edge)
                                                      0.000     0.000 r  
    K17                                               0.000     0.000 r  System_clock (IN)
                         net (fo=0)                   0.000     0.000    hdmi_out_i/clk_wiz_0/inst/clk_in1
    K17                  IBUF (Prop_ibuf_I_O)         1.475     1.475 r  hdmi_out_i/clk_wiz_0/inst/clkin1_ibufg/O
                         net (fo=1, routed)           1.285     2.760    hdmi_out_i/clk_wiz_0/inst/clk_in1_hdmi_out_clk_wiz_0_0
    MMCME2_ADV_X1Y2      MMCME2_ADV (Prop_mmcme2_adv_CLKIN1_CLKOUT0)
                                                     -7.759    -4.999 r  hdmi_out_i/clk_wiz_0/inst/mmcm_adv_inst/CLKOUT0
                         net (fo=1, routed)           2.206    -2.793    hdmi_out_i/clk_wiz_0/inst/clk_out1_hdmi_out_clk_wiz_0_0
    BUFGCTRL_X0Y16       BUFG (Prop_bufg_I_O)         0.101    -2.692 r  hdmi_out_i/clk_wiz_0/inst/clkout1_buf/O
                         net (fo=267, routed)         2.052    -0.640    hdmi_out_i/hdmi_code_0/inst/clk
    SLICE_X107Y138       FDRE                                         r  hdmi_out_i/hdmi_code_0/inst/x_coordinate_reg[0]/C
  -------------------------------------------------------------------    -------------------
    SLICE_X107Y138       FDRE (Prop_fdre_C_Q)         0.456    -0.184 r  hdmi_out_i/hdmi_code_0/inst/x_coordinate_reg[0]/Q
                         net (fo=20, routed)          0.820     0.636    hdmi_out_i/hdmi_code_0/inst/x_coordinate_reg[0]
    SLICE_X108Y141       CARRY4 (Prop_carry4_CYINIT_CO[3])
                                                      0.595     1.231 r  hdmi_out_i/hdmi_code_0/inst/multiply3_inferred__1/i__carry/CO[3]
                         net (fo=1, routed)           0.000     1.231    hdmi_out_i/hdmi_code_0/inst/multiply3_inferred__1/i__carry_n_0
    SLICE_X108Y142       CARRY4 (Prop_carry4_CI_O[2])
                                                      0.239     1.470 r  hdmi_out_i/hdmi_code_0/inst/multiply3_inferred__1/i__carry__0/O[2]
                         net (fo=2, routed)           1.058     2.528    hdmi_out_i/hdmi_code_0/inst/multiply3_inferred__1/i__carry__0_n_5
    SLICE_X105Y141       LUT4 (Prop_lut4_I0_O)        0.301     2.829 r  hdmi_out_i/hdmi_code_0/inst/i__carry_i_5__0/O
                         net (fo=1, routed)           0.000     2.829    hdmi_out_i/hdmi_code_0/inst/i__carry_i_5__0_n_0
    SLICE_X105Y141       CARRY4 (Prop_carry4_S[3]_CO[3])
                                                      0.401     3.230 r  hdmi_out_i/hdmi_code_0/inst/multiply2_inferred__1/i__carry/CO[3]
                         net (fo=1, routed)           0.000     3.230    hdmi_out_i/hdmi_code_0/inst/multiply2_inferred__1/i__carry_n_0
    SLICE_X105Y142       CARRY4 (Prop_carry4_CI_CO[1])
                                                      0.157     3.387 r  hdmi_out_i/hdmi_code_0/inst/multiply2_inferred__1/i__carry__0/CO[1]
                         net (fo=1, routed)           0.576     3.963    hdmi_out_i/hdmi_code_0/inst/multiply270_in
    SLICE_X104Y140       LUT6 (Prop_lut6_I5_O)        0.329     4.292 f  hdmi_out_i/hdmi_code_0/inst/vid_out[3]_INST_0_i_11/O
                         net (fo=1, routed)           0.622     4.914    hdmi_out_i/hdmi_code_0/inst/vid_out[3]_INST_0_i_11_n_0
    SLICE_X105Y140       LUT5 (Prop_lut5_I0_O)        0.124     5.038 f  hdmi_out_i/hdmi_code_0/inst/vid_out[3]_INST_0_i_2/O
                         net (fo=8, routed)           0.961     5.999    hdmi_out_i/hdmi_code_0/inst/vid_out[3]_INST_0_i_2_n_0
    SLICE_X110Y143       LUT5 (Prop_lut5_I2_O)        0.118     6.117 r  hdmi_out_i/hdmi_code_0/inst/vid_out[4]_INST_0/O
                         net (fo=11, routed)          1.333     7.450    hdmi_out_i/rgb2dvi_0/U0/DataEncoders[2].DataEncoder/vid_pData[5]
    SLICE_X111Y146       LUT6 (Prop_lut6_I0_O)        0.326     7.776 r  hdmi_out_i/rgb2dvi_0/U0/DataEncoders[2].DataEncoder/n1d_1[3]_i_2/O
                         net (fo=3, routed)           0.465     8.241    hdmi_out_i/rgb2dvi_0/U0/DataEncoders[2].DataEncoder/n1d_1[3]_i_2_n_0
    SLICE_X110Y145       LUT3 (Prop_lut3_I0_O)        0.124     8.365 r  hdmi_out_i/rgb2dvi_0/U0/DataEncoders[2].DataEncoder/n1d_1[1]_i_1/O
                         net (fo=1, routed)           0.000     8.365    hdmi_out_i/rgb2dvi_0/U0/DataEncoders[2].DataEncoder/n1d_1[1]_i_1_n_0
    SLICE_X110Y145       FDRE                                         r  hdmi_out_i/rgb2dvi_0/U0/DataEncoders[2].DataEncoder/n1d_1_reg[1]/D
  -------------------------------------------------------------------    -------------------

                         (clock clk_out1_hdmi_out_clk_wiz_0_0 rise edge)
                                                     14.030    14.030 r  
    K17                                               0.000    14.030 r  System_clock (IN)
                         net (fo=0)                   0.000    14.030    hdmi_out_i/clk_wiz_0/inst/clk_in1
    K17                  IBUF (Prop_ibuf_I_O)         1.404    15.435 r  hdmi_out_i/clk_wiz_0/inst/clkin1_ibufg/O
                         net (fo=1, routed)           1.162    16.596    hdmi_out_i/clk_wiz_0/inst/clk_in1_hdmi_out_clk_wiz_0_0
    MMCME2_ADV_X1Y2      MMCME2_ADV (Prop_mmcme2_adv_CLKIN1_CLKOUT0)
                                                     -7.814     8.782 r  hdmi_out_i/clk_wiz_0/inst/mmcm_adv_inst/CLKOUT0
                         net (fo=1, routed)           2.012    10.794    hdmi_out_i/clk_wiz_0/inst/clk_out1_hdmi_out_clk_wiz_0_0
    BUFGCTRL_X0Y16       BUFG (Prop_bufg_I_O)         0.091    10.885 r  hdmi_out_i/clk_wiz_0/inst/clkout1_buf/O
                         net (fo=267, routed)         1.860    12.745    hdmi_out_i/rgb2dvi_0/U0/DataEncoders[2].DataEncoder/PixelClk
    SLICE_X110Y145       FDRE                                         r  hdmi_out_i/rgb2dvi_0/U0/DataEncoders[2].DataEncoder/n1d_1_reg[1]/C
                         clock pessimism              0.585    13.330    
                         clock uncertainty           -0.135    13.195    
    SLICE_X110Y145       FDRE (Setup_fdre_C_D)        0.031    13.226    hdmi_out_i/rgb2dvi_0/U0/DataEncoders[2].DataEncoder/n1d_1_reg[1]
  -------------------------------------------------------------------
                         required time                         13.226    
                         arrival time                          -8.365    
  -------------------------------------------------------------------
                         slack                                  4.861    

Slack (MET) :             4.865ns  (required time - arrival time)
  Source:                 hdmi_out_i/hdmi_code_0/inst/x_coordinate_reg[0]/C
                            (rising edge-triggered cell FDRE clocked by clk_out1_hdmi_out_clk_wiz_0_0  {rise@0.000ns fall@7.015ns period=14.030ns})
  Destination:            hdmi_out_i/rgb2dvi_0/U0/DataEncoders[2].DataEncoder/n1d_1_reg[2]/D
                            (rising edge-triggered cell FDRE clocked by clk_out1_hdmi_out_clk_wiz_0_0  {rise@0.000ns fall@7.015ns period=14.030ns})
  Path Group:             clk_out1_hdmi_out_clk_wiz_0_0
  Path Type:              Setup (Max at Slow Process Corner)
  Requirement:            14.030ns  (clk_out1_hdmi_out_clk_wiz_0_0 rise@14.030ns - clk_out1_hdmi_out_clk_wiz_0_0 rise@0.000ns)
  Data Path Delay:        8.999ns  (logic 3.170ns (35.226%)  route 5.829ns (64.774%))
  Logic Levels:           10  (CARRY4=4 LUT4=1 LUT5=3 LUT6=2)
  Clock Path Skew:        -0.060ns (DCD - SCD + CPR)
    Destination Clock Delay (DCD):    -1.285ns = ( 12.745 - 14.030 ) 
    Source Clock Delay      (SCD):    -0.640ns
    Clock Pessimism Removal (CPR):    0.585ns
  Clock Uncertainty:      0.135ns  ((TSJ^2 + DJ^2)^1/2) / 2 + PE
    Total System Jitter     (TSJ):    0.071ns
    Discrete Jitter          (DJ):    0.261ns
    Phase Error              (PE):    0.000ns

    Location             Delay type                Incr(ns)  Path(ns)    Netlist Resource(s)
  -------------------------------------------------------------------    -------------------
                         (clock clk_out1_hdmi_out_clk_wiz_0_0 rise edge)
                                                      0.000     0.000 r  
    K17                                               0.000     0.000 r  System_clock (IN)
                         net (fo=0)                   0.000     0.000    hdmi_out_i/clk_wiz_0/inst/clk_in1
    K17                  IBUF (Prop_ibuf_I_O)         1.475     1.475 r  hdmi_out_i/clk_wiz_0/inst/clkin1_ibufg/O
                         net (fo=1, routed)           1.285     2.760    hdmi_out_i/clk_wiz_0/inst/clk_in1_hdmi_out_clk_wiz_0_0
    MMCME2_ADV_X1Y2      MMCME2_ADV (Prop_mmcme2_adv_CLKIN1_CLKOUT0)
                                                     -7.759    -4.999 r  hdmi_out_i/clk_wiz_0/inst/mmcm_adv_inst/CLKOUT0
                         net (fo=1, routed)           2.206    -2.793    hdmi_out_i/clk_wiz_0/inst/clk_out1_hdmi_out_clk_wiz_0_0
    BUFGCTRL_X0Y16       BUFG (Prop_bufg_I_O)         0.101    -2.692 r  hdmi_out_i/clk_wiz_0/inst/clkout1_buf/O
                         net (fo=267, routed)         2.052    -0.640    hdmi_out_i/hdmi_code_0/inst/clk
    SLICE_X107Y138       FDRE                                         r  hdmi_out_i/hdmi_code_0/inst/x_coordinate_reg[0]/C
  -------------------------------------------------------------------    -------------------
    SLICE_X107Y138       FDRE (Prop_fdre_C_Q)         0.456    -0.184 r  hdmi_out_i/hdmi_code_0/inst/x_coordinate_reg[0]/Q
                         net (fo=20, routed)          0.820     0.636    hdmi_out_i/hdmi_code_0/inst/x_coordinate_reg[0]
    SLICE_X108Y141       CARRY4 (Prop_carry4_CYINIT_CO[3])
                                                      0.595     1.231 r  hdmi_out_i/hdmi_code_0/inst/multiply3_inferred__1/i__carry/CO[3]
                         net (fo=1, routed)           0.000     1.231    hdmi_out_i/hdmi_code_0/inst/multiply3_inferred__1/i__carry_n_0
    SLICE_X108Y142       CARRY4 (Prop_carry4_CI_O[2])
                                                      0.239     1.470 r  hdmi_out_i/hdmi_code_0/inst/multiply3_inferred__1/i__carry__0/O[2]
                         net (fo=2, routed)           1.058     2.528    hdmi_out_i/hdmi_code_0/inst/multiply3_inferred__1/i__carry__0_n_5
    SLICE_X105Y141       LUT4 (Prop_lut4_I0_O)        0.301     2.829 r  hdmi_out_i/hdmi_code_0/inst/i__carry_i_5__0/O
                         net (fo=1, routed)           0.000     2.829    hdmi_out_i/hdmi_code_0/inst/i__carry_i_5__0_n_0
    SLICE_X105Y141       CARRY4 (Prop_carry4_S[3]_CO[3])
                                                      0.401     3.230 r  hdmi_out_i/hdmi_code_0/inst/multiply2_inferred__1/i__carry/CO[3]
                         net (fo=1, routed)           0.000     3.230    hdmi_out_i/hdmi_code_0/inst/multiply2_inferred__1/i__carry_n_0
    SLICE_X105Y142       CARRY4 (Prop_carry4_CI_CO[1])
                                                      0.157     3.387 r  hdmi_out_i/hdmi_code_0/inst/multiply2_inferred__1/i__carry__0/CO[1]
                         net (fo=1, routed)           0.576     3.963    hdmi_out_i/hdmi_code_0/inst/multiply270_in
    SLICE_X104Y140       LUT6 (Prop_lut6_I5_O)        0.329     4.292 f  hdmi_out_i/hdmi_code_0/inst/vid_out[3]_INST_0_i_11/O
                         net (fo=1, routed)           0.622     4.914    hdmi_out_i/hdmi_code_0/inst/vid_out[3]_INST_0_i_11_n_0
    SLICE_X105Y140       LUT5 (Prop_lut5_I0_O)        0.124     5.038 f  hdmi_out_i/hdmi_code_0/inst/vid_out[3]_INST_0_i_2/O
                         net (fo=8, routed)           0.961     5.999    hdmi_out_i/hdmi_code_0/inst/vid_out[3]_INST_0_i_2_n_0
    SLICE_X110Y143       LUT5 (Prop_lut5_I2_O)        0.118     6.117 r  hdmi_out_i/hdmi_code_0/inst/vid_out[4]_INST_0/O
                         net (fo=11, routed)          1.333     7.450    hdmi_out_i/rgb2dvi_0/U0/DataEncoders[2].DataEncoder/vid_pData[5]
    SLICE_X111Y146       LUT6 (Prop_lut6_I0_O)        0.326     7.776 r  hdmi_out_i/rgb2dvi_0/U0/DataEncoders[2].DataEncoder/n1d_1[3]_i_2/O
                         net (fo=3, routed)           0.459     8.235    hdmi_out_i/rgb2dvi_0/U0/DataEncoders[2].DataEncoder/n1d_1[3]_i_2_n_0
    SLICE_X111Y145       LUT5 (Prop_lut5_I0_O)        0.124     8.359 r  hdmi_out_i/rgb2dvi_0/U0/DataEncoders[2].DataEncoder/n1d_1[2]_i_1/O
                         net (fo=1, routed)           0.000     8.359    hdmi_out_i/rgb2dvi_0/U0/DataEncoders[2].DataEncoder/n1d_1[2]_i_1_n_0
    SLICE_X111Y145       FDRE                                         r  hdmi_out_i/rgb2dvi_0/U0/DataEncoders[2].DataEncoder/n1d_1_reg[2]/D
  -------------------------------------------------------------------    -------------------

                         (clock clk_out1_hdmi_out_clk_wiz_0_0 rise edge)
                                                     14.030    14.030 r  
    K17                                               0.000    14.030 r  System_clock (IN)
                         net (fo=0)                   0.000    14.030    hdmi_out_i/clk_wiz_0/inst/clk_in1
    K17                  IBUF (Prop_ibuf_I_O)         1.404    15.435 r  hdmi_out_i/clk_wiz_0/inst/clkin1_ibufg/O
                         net (fo=1, routed)           1.162    16.596    hdmi_out_i/clk_wiz_0/inst/clk_in1_hdmi_out_clk_wiz_0_0
    MMCME2_ADV_X1Y2      MMCME2_ADV (Prop_mmcme2_adv_CLKIN1_CLKOUT0)
                                                     -7.814     8.782 r  hdmi_out_i/clk_wiz_0/inst/mmcm_adv_inst/CLKOUT0
                         net (fo=1, routed)           2.012    10.794    hdmi_out_i/clk_wiz_0/inst/clk_out1_hdmi_out_clk_wiz_0_0
    BUFGCTRL_X0Y16       BUFG (Prop_bufg_I_O)         0.091    10.885 r  hdmi_out_i/clk_wiz_0/inst/clkout1_buf/O
                         net (fo=267, routed)         1.860    12.745    hdmi_out_i/rgb2dvi_0/U0/DataEncoders[2].DataEncoder/PixelClk
    SLICE_X111Y145       FDRE                                         r  hdmi_out_i/rgb2dvi_0/U0/DataEncoders[2].DataEncoder/n1d_1_reg[2]/C
                         clock pessimism              0.585    13.330    
                         clock uncertainty           -0.135    13.195    
    SLICE_X111Y145       FDRE (Setup_fdre_C_D)        0.029    13.224    hdmi_out_i/rgb2dvi_0/U0/DataEncoders[2].DataEncoder/n1d_1_reg[2]
  -------------------------------------------------------------------
                         required time                         13.224    
                         arrival time                          -8.359    
  -------------------------------------------------------------------
                         slack                                  4.865    

Slack (MET) :             5.189ns  (required time - arrival time)
  Source:                 hdmi_out_i/hdmi_code_0/inst/x_coordinate_reg[0]/C
                            (rising edge-triggered cell FDRE clocked by clk_out1_hdmi_out_clk_wiz_0_0  {rise@0.000ns fall@7.015ns period=14.030ns})
  Destination:            hdmi_out_i/rgb2dvi_0/U0/DataEncoders[1].DataEncoder/n1d_1_reg[0]/D
                            (rising edge-triggered cell FDRE clocked by clk_out1_hdmi_out_clk_wiz_0_0  {rise@0.000ns fall@7.015ns period=14.030ns})
  Path Group:             clk_out1_hdmi_out_clk_wiz_0_0
  Path Type:              Setup (Max at Slow Process Corner)
  Requirement:            14.030ns  (clk_out1_hdmi_out_clk_wiz_0_0 rise@14.030ns - clk_out1_hdmi_out_clk_wiz_0_0 rise@0.000ns)
  Data Path Delay:        8.676ns  (logic 3.173ns (36.572%)  route 5.503ns (63.428%))
  Logic Levels:           10  (CARRY4=4 LUT3=1 LUT4=2 LUT5=2 LUT6=1)
  Clock Path Skew:        -0.059ns (DCD - SCD + CPR)
    Destination Clock Delay (DCD):    -1.284ns = ( 12.746 - 14.030 ) 
    Source Clock Delay      (SCD):    -0.640ns
    Clock Pessimism Removal (CPR):    0.585ns
  Clock Uncertainty:      0.135ns  ((TSJ^2 + DJ^2)^1/2) / 2 + PE
    Total System Jitter     (TSJ):    0.071ns
    Discrete Jitter          (DJ):    0.261ns
    Phase Error              (PE):    0.000ns

    Location             Delay type                Incr(ns)  Path(ns)    Netlist Resource(s)
  -------------------------------------------------------------------    -------------------
                         (clock clk_out1_hdmi_out_clk_wiz_0_0 rise edge)
                                                      0.000     0.000 r  
    K17                                               0.000     0.000 r  System_clock (IN)
                         net (fo=0)                   0.000     0.000    hdmi_out_i/clk_wiz_0/inst/clk_in1
    K17                  IBUF (Prop_ibuf_I_O)         1.475     1.475 r  hdmi_out_i/clk_wiz_0/inst/clkin1_ibufg/O
                         net (fo=1, routed)           1.285     2.760    hdmi_out_i/clk_wiz_0/inst/clk_in1_hdmi_out_clk_wiz_0_0
    MMCME2_ADV_X1Y2      MMCME2_ADV (Prop_mmcme2_adv_CLKIN1_CLKOUT0)
                                                     -7.759    -4.999 r  hdmi_out_i/clk_wiz_0/inst/mmcm_adv_inst/CLKOUT0
                         net (fo=1, routed)           2.206    -2.793    hdmi_out_i/clk_wiz_0/inst/clk_out1_hdmi_out_clk_wiz_0_0
    BUFGCTRL_X0Y16       BUFG (Prop_bufg_I_O)         0.101    -2.692 r  hdmi_out_i/clk_wiz_0/inst/clkout1_buf/O
                         net (fo=267, routed)         2.052    -0.640    hdmi_out_i/hdmi_code_0/inst/clk
    SLICE_X107Y138       FDRE                                         r  hdmi_out_i/hdmi_code_0/inst/x_coordinate_reg[0]/C
  -------------------------------------------------------------------    -------------------
    SLICE_X107Y138       FDRE (Prop_fdre_C_Q)         0.456    -0.184 r  hdmi_out_i/hdmi_code_0/inst/x_coordinate_reg[0]/Q
                         net (fo=20, routed)          0.820     0.636    hdmi_out_i/hdmi_code_0/inst/x_coordinate_reg[0]
    SLICE_X108Y141       CARRY4 (Prop_carry4_CYINIT_CO[3])
                                                      0.595     1.231 r  hdmi_out_i/hdmi_code_0/inst/multiply3_inferred__1/i__carry/CO[3]
                         net (fo=1, routed)           0.000     1.231    hdmi_out_i/hdmi_code_0/inst/multiply3_inferred__1/i__carry_n_0
    SLICE_X108Y142       CARRY4 (Prop_carry4_CI_O[2])
                                                      0.239     1.470 r  hdmi_out_i/hdmi_code_0/inst/multiply3_inferred__1/i__carry__0/O[2]
                         net (fo=2, routed)           1.058     2.528    hdmi_out_i/hdmi_code_0/inst/multiply3_inferred__1/i__carry__0_n_5
    SLICE_X105Y141       LUT4 (Prop_lut4_I0_O)        0.301     2.829 r  hdmi_out_i/hdmi_code_0/inst/i__carry_i_5__0/O
                         net (fo=1, routed)           0.000     2.829    hdmi_out_i/hdmi_code_0/inst/i__carry_i_5__0_n_0
    SLICE_X105Y141       CARRY4 (Prop_carry4_S[3]_CO[3])
                                                      0.401     3.230 r  hdmi_out_i/hdmi_code_0/inst/multiply2_inferred__1/i__carry/CO[3]
                         net (fo=1, routed)           0.000     3.230    hdmi_out_i/hdmi_code_0/inst/multiply2_inferred__1/i__carry_n_0
    SLICE_X105Y142       CARRY4 (Prop_carry4_CI_CO[1])
                                                      0.157     3.387 r  hdmi_out_i/hdmi_code_0/inst/multiply2_inferred__1/i__carry__0/CO[1]
                         net (fo=1, routed)           0.576     3.963    hdmi_out_i/hdmi_code_0/inst/multiply270_in
    SLICE_X104Y140       LUT6 (Prop_lut6_I5_O)        0.329     4.292 f  hdmi_out_i/hdmi_code_0/inst/vid_out[3]_INST_0_i_11/O
                         net (fo=1, routed)           0.622     4.914    hdmi_out_i/hdmi_code_0/inst/vid_out[3]_INST_0_i_11_n_0
    SLICE_X105Y140       LUT5 (Prop_lut5_I0_O)        0.124     5.038 f  hdmi_out_i/hdmi_code_0/inst/vid_out[3]_INST_0_i_2/O
                         net (fo=8, routed)           0.861     5.899    hdmi_out_i/hdmi_code_0/inst/vid_out[3]_INST_0_i_2_n_0
    SLICE_X110Y143       LUT5 (Prop_lut5_I2_O)        0.120     6.019 r  hdmi_out_i/hdmi_code_0/inst/vid_out[1]_INST_0/O
                         net (fo=12, routed)          1.012     7.031    hdmi_out_i/rgb2dvi_0/U0/DataEncoders[1].DataEncoder/vid_pData[1]
    SLICE_X111Y146       LUT3 (Prop_lut3_I0_O)        0.327     7.358 r  hdmi_out_i/rgb2dvi_0/U0/DataEncoders[1].DataEncoder/n1d_1[0]_i_2/O
                         net (fo=2, routed)           0.554     7.912    hdmi_out_i/rgb2dvi_0/U0/DataEncoders[1].DataEncoder/n1d_1[0]_i_2_n_0
    SLICE_X111Y147       LUT4 (Prop_lut4_I2_O)        0.124     8.036 r  hdmi_out_i/rgb2dvi_0/U0/DataEncoders[1].DataEncoder/n1d_1[0]_i_1/O
                         net (fo=1, routed)           0.000     8.036    hdmi_out_i/rgb2dvi_0/U0/DataEncoders[1].DataEncoder/n1d_1[0]_i_1_n_0
    SLICE_X111Y147       FDRE                                         r  hdmi_out_i/rgb2dvi_0/U0/DataEncoders[1].DataEncoder/n1d_1_reg[0]/D
  -------------------------------------------------------------------    -------------------

                         (clock clk_out1_hdmi_out_clk_wiz_0_0 rise edge)
                                                     14.030    14.030 r  
    K17                                               0.000    14.030 r  System_clock (IN)
                         net (fo=0)                   0.000    14.030    hdmi_out_i/clk_wiz_0/inst/clk_in1
    K17                  IBUF (Prop_ibuf_I_O)         1.404    15.435 r  hdmi_out_i/clk_wiz_0/inst/clkin1_ibufg/O
                         net (fo=1, routed)           1.162    16.596    hdmi_out_i/clk_wiz_0/inst/clk_in1_hdmi_out_clk_wiz_0_0
    MMCME2_ADV_X1Y2      MMCME2_ADV (Prop_mmcme2_adv_CLKIN1_CLKOUT0)
                                                     -7.814     8.782 r  hdmi_out_i/clk_wiz_0/inst/mmcm_adv_inst/CLKOUT0
                         net (fo=1, routed)           2.012    10.794    hdmi_out_i/clk_wiz_0/inst/clk_out1_hdmi_out_clk_wiz_0_0
    BUFGCTRL_X0Y16       BUFG (Prop_bufg_I_O)         0.091    10.885 r  hdmi_out_i/clk_wiz_0/inst/clkout1_buf/O
                         net (fo=267, routed)         1.861    12.746    hdmi_out_i/rgb2dvi_0/U0/DataEncoders[1].DataEncoder/PixelClk
    SLICE_X111Y147       FDRE                                         r  hdmi_out_i/rgb2dvi_0/U0/DataEncoders[1].DataEncoder/n1d_1_reg[0]/C
                         clock pessimism              0.585    13.331    
                         clock uncertainty           -0.135    13.196    
    SLICE_X111Y147       FDRE (Setup_fdre_C_D)        0.029    13.225    hdmi_out_i/rgb2dvi_0/U0/DataEncoders[1].DataEncoder/n1d_1_reg[0]
  -------------------------------------------------------------------
                         required time                         13.225    
                         arrival time                          -8.036    
  -------------------------------------------------------------------
                         slack                                  5.189    





Min Delay Paths
--------------------------------------------------------------------------------------
Slack (MET) :             0.122ns  (arrival time - required time)
  Source:                 hdmi_out_i/rgb2dvi_0/U0/ClockGenInternal.ClockGenX/PLL_LockSyncAsync/oSyncStages_reg[0]/C
                            (rising edge-triggered cell FDRE clocked by clk_out1_hdmi_out_clk_wiz_0_0  {rise@0.000ns fall@7.015ns period=14.030ns})
  Destination:            hdmi_out_i/rgb2dvi_0/U0/ClockGenInternal.ClockGenX/PLL_LockSyncAsync/oSyncStages_reg[1]/D
                            (rising edge-triggered cell FDRE clocked by clk_out1_hdmi_out_clk_wiz_0_0  {rise@0.000ns fall@7.015ns period=14.030ns})
  Path Group:             clk_out1_hdmi_out_clk_wiz_0_0
  Path Type:              Hold (Min at Fast Process Corner)
  Requirement:            0.000ns  (clk_out1_hdmi_out_clk_wiz_0_0 rise@0.000ns - clk_out1_hdmi_out_clk_wiz_0_0 rise@0.000ns)
  Data Path Delay:        0.197ns  (logic 0.141ns (71.611%)  route 0.056ns (28.389%))
  Logic Levels:           0  
  Clock Path Skew:        0.000ns (DCD - SCD - CPR)
    Destination Clock Delay (DCD):    -0.816ns
    Source Clock Delay      (SCD):    -0.579ns
    Clock Pessimism Removal (CPR):    -0.238ns

    Location             Delay type                Incr(ns)  Path(ns)    Netlist Resource(s)
  -------------------------------------------------------------------    -------------------
                         (clock clk_out1_hdmi_out_clk_wiz_0_0 rise edge)
                                                      0.000     0.000 r  
    K17                                               0.000     0.000 r  System_clock (IN)
                         net (fo=0)                   0.000     0.000    hdmi_out_i/clk_wiz_0/inst/clk_in1
    K17                  IBUF (Prop_ibuf_I_O)         0.243     0.243 r  hdmi_out_i/clk_wiz_0/inst/clkin1_ibufg/O
                         net (fo=1, routed)           0.440     0.683    hdmi_out_i/clk_wiz_0/inst/clk_in1_hdmi_out_clk_wiz_0_0
    MMCME2_ADV_X1Y2      MMCME2_ADV (Prop_mmcme2_adv_CLKIN1_CLKOUT0)
                                                     -2.613    -1.930 r  hdmi_out_i/clk_wiz_0/inst/mmcm_adv_inst/CLKOUT0
                         net (fo=1, routed)           0.696    -1.233    hdmi_out_i/clk_wiz_0/inst/clk_out1_hdmi_out_clk_wiz_0_0
    BUFGCTRL_X0Y16       BUFG (Prop_bufg_I_O)         0.026    -1.207 r  hdmi_out_i/clk_wiz_0/inst/clkout1_buf/O
                         net (fo=267, routed)         0.629    -0.579    hdmi_out_i/rgb2dvi_0/U0/ClockGenInternal.ClockGenX/PLL_LockSyncAsync/oSyncStages_reg[0]_0
    SLICE_X113Y68        FDRE                                         r  hdmi_out_i/rgb2dvi_0/U0/ClockGenInternal.ClockGenX/PLL_LockSyncAsync/oSyncStages_reg[0]/C
  -------------------------------------------------------------------    -------------------
    SLICE_X113Y68        FDRE (Prop_fdre_C_Q)         0.141    -0.438 r  hdmi_out_i/rgb2dvi_0/U0/ClockGenInternal.ClockGenX/PLL_LockSyncAsync/oSyncStages_reg[0]/Q
                         net (fo=1, routed)           0.056    -0.382    hdmi_out_i/rgb2dvi_0/U0/ClockGenInternal.ClockGenX/PLL_LockSyncAsync/oSyncStages[0]
    SLICE_X113Y68        FDRE                                         r  hdmi_out_i/rgb2dvi_0/U0/ClockGenInternal.ClockGenX/PLL_LockSyncAsync/oSyncStages_reg[1]/D
  -------------------------------------------------------------------    -------------------

                         (clock clk_out1_hdmi_out_clk_wiz_0_0 rise edge)
                                                      0.000     0.000 r  
    K17                                               0.000     0.000 r  System_clock (IN)
                         net (fo=0)                   0.000     0.000    hdmi_out_i/clk_wiz_0/inst/clk_in1
    K17                  IBUF (Prop_ibuf_I_O)         0.431     0.431 r  hdmi_out_i/clk_wiz_0/inst/clkin1_ibufg/O
                         net (fo=1, routed)           0.480     0.911    hdmi_out_i/clk_wiz_0/inst/clk_in1_hdmi_out_clk_wiz_0_0
    MMCME2_ADV_X1Y2      MMCME2_ADV (Prop_mmcme2_adv_CLKIN1_CLKOUT0)
                                                     -3.407    -2.496 r  hdmi_out_i/clk_wiz_0/inst/mmcm_adv_inst/CLKOUT0
                         net (fo=1, routed)           0.752    -1.744    hdmi_out_i/clk_wiz_0/inst/clk_out1_hdmi_out_clk_wiz_0_0
    BUFGCTRL_X0Y16       BUFG (Prop_bufg_I_O)         0.029    -1.715 r  hdmi_out_i/clk_wiz_0/inst/clkout1_buf/O
                         net (fo=267, routed)         0.899    -0.816    hdmi_out_i/rgb2dvi_0/U0/ClockGenInternal.ClockGenX/PLL_LockSyncAsync/oSyncStages_reg[0]_0
    SLICE_X113Y68        FDRE                                         r  hdmi_out_i/rgb2dvi_0/U0/ClockGenInternal.ClockGenX/PLL_LockSyncAsync/oSyncStages_reg[1]/C
                         clock pessimism              0.238    -0.579    
    SLICE_X113Y68        FDRE (Hold_fdre_C_D)         0.075    -0.504    hdmi_out_i/rgb2dvi_0/U0/ClockGenInternal.ClockGenX/PLL_LockSyncAsync/oSyncStages_reg[1]
  -------------------------------------------------------------------
                         required time                          0.504    
                         arrival time                          -0.382    
  -------------------------------------------------------------------
                         slack                                  0.122    

Slack (MET) :             0.122ns  (arrival time - required time)
  Source:                 hdmi_out_i/rgb2dvi_0/U0/LockLostReset/SyncAsyncx/oSyncStages_reg[0]/C
                            (rising edge-triggered cell FDPE clocked by clk_out1_hdmi_out_clk_wiz_0_0  {rise@0.000ns fall@7.015ns period=14.030ns})
  Destination:            hdmi_out_i/rgb2dvi_0/U0/LockLostReset/SyncAsyncx/oSyncStages_reg[1]/D
                            (rising edge-triggered cell FDPE clocked by clk_out1_hdmi_out_clk_wiz_0_0  {rise@0.000ns fall@7.015ns period=14.030ns})
  Path Group:             clk_out1_hdmi_out_clk_wiz_0_0
  Path Type:              Hold (Min at Fast Process Corner)
  Requirement:            0.000ns  (clk_out1_hdmi_out_clk_wiz_0_0 rise@0.000ns - clk_out1_hdmi_out_clk_wiz_0_0 rise@0.000ns)
  Data Path Delay:        0.197ns  (logic 0.141ns (71.611%)  route 0.056ns (28.389%))
  Logic Levels:           0  
  Clock Path Skew:        0.000ns (DCD - SCD - CPR)
    Destination Clock Delay (DCD):    -0.736ns
    Source Clock Delay      (SCD):    -0.501ns
    Clock Pessimism Removal (CPR):    -0.235ns

    Location             Delay type                Incr(ns)  Path(ns)    Netlist Resource(s)
  -------------------------------------------------------------------    -------------------
                         (clock clk_out1_hdmi_out_clk_wiz_0_0 rise edge)
                                                      0.000     0.000 r  
    K17                                               0.000     0.000 r  System_clock (IN)
                         net (fo=0)                   0.000     0.000    hdmi_out_i/clk_wiz_0/inst/clk_in1
    K17                  IBUF (Prop_ibuf_I_O)         0.243     0.243 r  hdmi_out_i/clk_wiz_0/inst/clkin1_ibufg/O
                         net (fo=1, routed)           0.440     0.683    hdmi_out_i/clk_wiz_0/inst/clk_in1_hdmi_out_clk_wiz_0_0
    MMCME2_ADV_X1Y2      MMCME2_ADV (Prop_mmcme2_adv_CLKIN1_CLKOUT0)
                                                     -2.613    -1.930 r  hdmi_out_i/clk_wiz_0/inst/mmcm_adv_inst/CLKOUT0
                         net (fo=1, routed)           0.696    -1.233    hdmi_out_i/clk_wiz_0/inst/clk_out1_hdmi_out_clk_wiz_0_0
    BUFGCTRL_X0Y16       BUFG (Prop_bufg_I_O)         0.026    -1.207 r  hdmi_out_i/clk_wiz_0/inst/clkout1_buf/O
                         net (fo=267, routed)         0.706    -0.501    hdmi_out_i/rgb2dvi_0/U0/LockLostReset/SyncAsyncx/PixelClk
    SLICE_X113Y123       FDPE                                         r  hdmi_out_i/rgb2dvi_0/U0/LockLostReset/SyncAsyncx/oSyncStages_reg[0]/C
  -------------------------------------------------------------------    -------------------
    SLICE_X113Y123       FDPE (Prop_fdpe_C_Q)         0.141    -0.360 r  hdmi_out_i/rgb2dvi_0/U0/LockLostReset/SyncAsyncx/oSyncStages_reg[0]/Q
                         net (fo=1, routed)           0.056    -0.304    hdmi_out_i/rgb2dvi_0/U0/LockLostReset/SyncAsyncx/oSyncStages[0]
    SLICE_X113Y123       FDPE                                         r  hdmi_out_i/rgb2dvi_0/U0/LockLostReset/SyncAsyncx/oSyncStages_reg[1]/D
  -------------------------------------------------------------------    -------------------

                         (clock clk_out1_hdmi_out_clk_wiz_0_0 rise edge)
                                                      0.000     0.000 r  
    K17                                               0.000     0.000 r  System_clock (IN)
                         net (fo=0)                   0.000     0.000    hdmi_out_i/clk_wiz_0/inst/clk_in1
    K17                  IBUF (Prop_ibuf_I_O)         0.431     0.431 r  hdmi_out_i/clk_wiz_0/inst/clkin1_ibufg/O
                         net (fo=1, routed)           0.480     0.911    hdmi_out_i/clk_wiz_0/inst/clk_in1_hdmi_out_clk_wiz_0_0
    MMCME2_ADV_X1Y2      MMCME2_ADV (Prop_mmcme2_adv_CLKIN1_CLKOUT0)
                                                     -3.407    -2.496 r  hdmi_out_i/clk_wiz_0/inst/mmcm_adv_inst/CLKOUT0
                         net (fo=1, routed)           0.752    -1.744    hdmi_out_i/clk_wiz_0/inst/clk_out1_hdmi_out_clk_wiz_0_0
    BUFGCTRL_X0Y16       BUFG (Prop_bufg_I_O)         0.029    -1.715 r  hdmi_out_i/clk_wiz_0/inst/clkout1_buf/O
                         net (fo=267, routed)         0.979    -0.736    hdmi_out_i/rgb2dvi_0/U0/LockLostReset/SyncAsyncx/PixelClk
    SLICE_X113Y123       FDPE                                         r  hdmi_out_i/rgb2dvi_0/U0/LockLostReset/SyncAsyncx/oSyncStages_reg[1]/C
                         clock pessimism              0.235    -0.501    
    SLICE_X113Y123       FDPE (Hold_fdpe_C_D)         0.075    -0.426    hdmi_out_i/rgb2dvi_0/U0/LockLostReset/SyncAsyncx/oSyncStages_reg[1]
  -------------------------------------------------------------------
                         required time                          0.426    
                         arrival time                          -0.304    
  -------------------------------------------------------------------
                         slack                                  0.122    

Slack (MET) :             0.132ns  (arrival time - required time)
  Source:                 hdmi_out_i/rgb2dvi_0/U0/DataEncoders[1].DataEncoder/q_m_2_reg[3]/C
                            (rising edge-triggered cell FDRE clocked by clk_out1_hdmi_out_clk_wiz_0_0  {rise@0.000ns fall@7.015ns period=14.030ns})
  Destination:            hdmi_out_i/rgb2dvi_0/U0/DataEncoders[1].DataEncoder/pDataOutRaw_reg[3]/D
                            (rising edge-triggered cell FDRE clocked by clk_out1_hdmi_out_clk_wiz_0_0  {rise@0.000ns fall@7.015ns period=14.030ns})
  Path Group:             clk_out1_hdmi_out_clk_wiz_0_0
  Path Type:              Hold (Min at Fast Process Corner)
  Requirement:            0.000ns  (clk_out1_hdmi_out_clk_wiz_0_0 rise@0.000ns - clk_out1_hdmi_out_clk_wiz_0_0 rise@0.000ns)
  Data Path Delay:        0.276ns  (logic 0.189ns (68.452%)  route 0.087ns (31.548%))
  Logic Levels:           1  (LUT2=1)
  Clock Path Skew:        0.013ns (DCD - SCD - CPR)
    Destination Clock Delay (DCD):    -0.720ns
    Source Clock Delay      (SCD):    -0.488ns
    Clock Pessimism Removal (CPR):    -0.245ns

    Location             Delay type                Incr(ns)  Path(ns)    Netlist Resource(s)
  -------------------------------------------------------------------    -------------------
                         (clock clk_out1_hdmi_out_clk_wiz_0_0 rise edge)
                                                      0.000     0.000 r  
    K17                                               0.000     0.000 r  System_clock (IN)
                         net (fo=0)                   0.000     0.000    hdmi_out_i/clk_wiz_0/inst/clk_in1
    K17                  IBUF (Prop_ibuf_I_O)         0.243     0.243 r  hdmi_out_i/clk_wiz_0/inst/clkin1_ibufg/O
                         net (fo=1, routed)           0.440     0.683    hdmi_out_i/clk_wiz_0/inst/clk_in1_hdmi_out_clk_wiz_0_0
    MMCME2_ADV_X1Y2      MMCME2_ADV (Prop_mmcme2_adv_CLKIN1_CLKOUT0)
                                                     -2.613    -1.930 r  hdmi_out_i/clk_wiz_0/inst/mmcm_adv_inst/CLKOUT0
                         net (fo=1, routed)           0.696    -1.233    hdmi_out_i/clk_wiz_0/inst/clk_out1_hdmi_out_clk_wiz_0_0
    BUFGCTRL_X0Y16       BUFG (Prop_bufg_I_O)         0.026    -1.207 r  hdmi_out_i/clk_wiz_0/inst/clkout1_buf/O
                         net (fo=267, routed)         0.719    -0.488    hdmi_out_i/rgb2dvi_0/U0/DataEncoders[1].DataEncoder/PixelClk
    SLICE_X113Y148       FDRE                                         r  hdmi_out_i/rgb2dvi_0/U0/DataEncoders[1].DataEncoder/q_m_2_reg[3]/C
  -------------------------------------------------------------------    -------------------
    SLICE_X113Y148       FDRE (Prop_fdre_C_Q)         0.141    -0.347 r  hdmi_out_i/rgb2dvi_0/U0/DataEncoders[1].DataEncoder/q_m_2_reg[3]/Q
                         net (fo=1, routed)           0.087    -0.260    hdmi_out_i/rgb2dvi_0/U0/DataEncoders[1].DataEncoder/q_m_2_reg_n_0_[3]
    SLICE_X112Y148       LUT2 (Prop_lut2_I1_O)        0.048    -0.212 r  hdmi_out_i/rgb2dvi_0/U0/DataEncoders[1].DataEncoder/pDataOutRaw[3]_i_1/O
                         net (fo=1, routed)           0.000    -0.212    hdmi_out_i/rgb2dvi_0/U0/DataEncoders[1].DataEncoder/pDataOutRaw[3]_i_1_n_0
    SLICE_X112Y148       FDRE                                         r  hdmi_out_i/rgb2dvi_0/U0/DataEncoders[1].DataEncoder/pDataOutRaw_reg[3]/D
  -------------------------------------------------------------------    -------------------

                         (clock clk_out1_hdmi_out_clk_wiz_0_0 rise edge)
                                                      0.000     0.000 r  
    K17                                               0.000     0.000 r  System_clock (IN)
                         net (fo=0)                   0.000     0.000    hdmi_out_i/clk_wiz_0/inst/clk_in1
    K17                  IBUF (Prop_ibuf_I_O)         0.431     0.431 r  hdmi_out_i/clk_wiz_0/inst/clkin1_ibufg/O
                         net (fo=1, routed)           0.480     0.911    hdmi_out_i/clk_wiz_0/inst/clk_in1_hdmi_out_clk_wiz_0_0
    MMCME2_ADV_X1Y2      MMCME2_ADV (Prop_mmcme2_adv_CLKIN1_CLKOUT0)
                                                     -3.407    -2.496 r  hdmi_out_i/clk_wiz_0/inst/mmcm_adv_inst/CLKOUT0
                         net (fo=1, routed)           0.752    -1.744    hdmi_out_i/clk_wiz_0/inst/clk_out1_hdmi_out_clk_wiz_0_0
    BUFGCTRL_X0Y16       BUFG (Prop_bufg_I_O)         0.029    -1.715 r  hdmi_out_i/clk_wiz_0/inst/clkout1_buf/O
                         net (fo=267, routed)         0.995    -0.720    hdmi_out_i/rgb2dvi_0/U0/DataEncoders[1].DataEncoder/PixelClk
    SLICE_X112Y148       FDRE                                         r  hdmi_out_i/rgb2dvi_0/U0/DataEncoders[1].DataEncoder/pDataOutRaw_reg[3]/C
                         clock pessimism              0.245    -0.475    
    SLICE_X112Y148       FDRE (Hold_fdre_C_D)         0.131    -0.344    hdmi_out_i/rgb2dvi_0/U0/DataEncoders[1].DataEncoder/pDataOutRaw_reg[3]
  -------------------------------------------------------------------
                         required time                          0.344    
                         arrival time                          -0.212    
  -------------------------------------------------------------------
                         slack                                  0.132    

Slack (MET) :             0.160ns  (arrival time - required time)
  Source:                 hdmi_out_i/rgb2dvi_0/U0/ClockGenInternal.ClockGenX/LockLostReset/SyncAsyncx/oSyncStages_reg[0]/C
                            (rising edge-triggered cell FDPE clocked by clk_out1_hdmi_out_clk_wiz_0_0  {rise@0.000ns fall@7.015ns period=14.030ns})
  Destination:            hdmi_out_i/rgb2dvi_0/U0/ClockGenInternal.ClockGenX/LockLostReset/SyncAsyncx/oSyncStages_reg[1]/D
                            (rising edge-triggered cell FDPE clocked by clk_out1_hdmi_out_clk_wiz_0_0  {rise@0.000ns fall@7.015ns period=14.030ns})
  Path Group:             clk_out1_hdmi_out_clk_wiz_0_0
  Path Type:              Hold (Min at Fast Process Corner)
  Requirement:            0.000ns  (clk_out1_hdmi_out_clk_wiz_0_0 rise@0.000ns - clk_out1_hdmi_out_clk_wiz_0_0 rise@0.000ns)
  Data Path Delay:        0.220ns  (logic 0.164ns (74.580%)  route 0.056ns (25.420%))
  Logic Levels:           0  
  Clock Path Skew:        0.000ns (DCD - SCD - CPR)
    Destination Clock Delay (DCD):    -0.815ns
    Source Clock Delay      (SCD):    -0.578ns
    Clock Pessimism Removal (CPR):    -0.238ns

    Location             Delay type                Incr(ns)  Path(ns)    Netlist Resource(s)
  -------------------------------------------------------------------    -------------------
                         (clock clk_out1_hdmi_out_clk_wiz_0_0 rise edge)
                                                      0.000     0.000 r  
    K17                                               0.000     0.000 r  System_clock (IN)
                         net (fo=0)                   0.000     0.000    hdmi_out_i/clk_wiz_0/inst/clk_in1
    K17                  IBUF (Prop_ibuf_I_O)         0.243     0.243 r  hdmi_out_i/clk_wiz_0/inst/clkin1_ibufg/O
                         net (fo=1, routed)           0.440     0.683    hdmi_out_i/clk_wiz_0/inst/clk_in1_hdmi_out_clk_wiz_0_0
    MMCME2_ADV_X1Y2      MMCME2_ADV (Prop_mmcme2_adv_CLKIN1_CLKOUT0)
                                                     -2.613    -1.930 r  hdmi_out_i/clk_wiz_0/inst/mmcm_adv_inst/CLKOUT0
                         net (fo=1, routed)           0.696    -1.233    hdmi_out_i/clk_wiz_0/inst/clk_out1_hdmi_out_clk_wiz_0_0
    BUFGCTRL_X0Y16       BUFG (Prop_bufg_I_O)         0.026    -1.207 r  hdmi_out_i/clk_wiz_0/inst/clkout1_buf/O
                         net (fo=267, routed)         0.630    -0.578    hdmi_out_i/rgb2dvi_0/U0/ClockGenInternal.ClockGenX/LockLostReset/SyncAsyncx/oSyncStages_reg[0]_0
    SLICE_X112Y67        FDPE                                         r  hdmi_out_i/rgb2dvi_0/U0/ClockGenInternal.ClockGenX/LockLostReset/SyncAsyncx/oSyncStages_reg[0]/C
  -------------------------------------------------------------------    -------------------
    SLICE_X112Y67        FDPE (Prop_fdpe_C_Q)         0.164    -0.414 r  hdmi_out_i/rgb2dvi_0/U0/ClockGenInternal.ClockGenX/LockLostReset/SyncAsyncx/oSyncStages_reg[0]/Q
                         net (fo=1, routed)           0.056    -0.358    hdmi_out_i/rgb2dvi_0/U0/ClockGenInternal.ClockGenX/LockLostReset/SyncAsyncx/oSyncStages[0]
    SLICE_X112Y67        FDPE                                         r  hdmi_out_i/rgb2dvi_0/U0/ClockGenInternal.ClockGenX/LockLostReset/SyncAsyncx/oSyncStages_reg[1]/D
  -------------------------------------------------------------------    -------------------

                         (clock clk_out1_hdmi_out_clk_wiz_0_0 rise edge)
                                                      0.000     0.000 r  
    K17                                               0.000     0.000 r  System_clock (IN)
                         net (fo=0)                   0.000     0.000    hdmi_out_i/clk_wiz_0/inst/clk_in1
    K17                  IBUF (Prop_ibuf_I_O)         0.431     0.431 r  hdmi_out_i/clk_wiz_0/inst/clkin1_ibufg/O
                         net (fo=1, routed)           0.480     0.911    hdmi_out_i/clk_wiz_0/inst/clk_in1_hdmi_out_clk_wiz_0_0
    MMCME2_ADV_X1Y2      MMCME2_ADV (Prop_mmcme2_adv_CLKIN1_CLKOUT0)
                                                     -3.407    -2.496 r  hdmi_out_i/clk_wiz_0/inst/mmcm_adv_inst/CLKOUT0
                         net (fo=1, routed)           0.752    -1.744    hdmi_out_i/clk_wiz_0/inst/clk_out1_hdmi_out_clk_wiz_0_0
    BUFGCTRL_X0Y16       BUFG (Prop_bufg_I_O)         0.029    -1.715 r  hdmi_out_i/clk_wiz_0/inst/clkout1_buf/O
                         net (fo=267, routed)         0.900    -0.815    hdmi_out_i/rgb2dvi_0/U0/ClockGenInternal.ClockGenX/LockLostReset/SyncAsyncx/oSyncStages_reg[0]_0
    SLICE_X112Y67        FDPE                                         r  hdmi_out_i/rgb2dvi_0/U0/ClockGenInternal.ClockGenX/LockLostReset/SyncAsyncx/oSyncStages_reg[1]/C
                         clock pessimism              0.238    -0.578    
    SLICE_X112Y67        FDPE (Hold_fdpe_C_D)         0.060    -0.518    hdmi_out_i/rgb2dvi_0/U0/ClockGenInternal.ClockGenX/LockLostReset/SyncAsyncx/oSyncStages_reg[1]
  -------------------------------------------------------------------
                         required time                          0.518    
                         arrival time                          -0.358    
  -------------------------------------------------------------------
                         slack                                  0.160    

Slack (MET) :             0.168ns  (arrival time - required time)
  Source:                 hdmi_out_i/rgb2dvi_0/U0/DataEncoders[0].DataEncoder/pDataOut_1_reg[1]/C
                            (rising edge-triggered cell FDRE clocked by clk_out1_hdmi_out_clk_wiz_0_0  {rise@0.000ns fall@7.015ns period=14.030ns})
  Destination:            hdmi_out_i/rgb2dvi_0/U0/DataEncoders[0].DataEncoder/q_m_2_reg[1]/D
                            (rising edge-triggered cell FDRE clocked by clk_out1_hdmi_out_clk_wiz_0_0  {rise@0.000ns fall@7.015ns period=14.030ns})
  Path Group:             clk_out1_hdmi_out_clk_wiz_0_0
  Path Type:              Hold (Min at Fast Process Corner)
  Requirement:            0.000ns  (clk_out1_hdmi_out_clk_wiz_0_0 rise@0.000ns - clk_out1_hdmi_out_clk_wiz_0_0 rise@0.000ns)
  Data Path Delay:        0.273ns  (logic 0.186ns (68.033%)  route 0.087ns (31.967%))
  Logic Levels:           1  (LUT6=1)
  Clock Path Skew:        0.013ns (DCD - SCD - CPR)
    Destination Clock Delay (DCD):    -0.721ns
    Source Clock Delay      (SCD):    -0.489ns
    Clock Pessimism Removal (CPR):    -0.245ns

    Location             Delay type                Incr(ns)  Path(ns)    Netlist Resource(s)
  -------------------------------------------------------------------    -------------------
                         (clock clk_out1_hdmi_out_clk_wiz_0_0 rise edge)
                                                      0.000     0.000 r  
    K17                                               0.000     0.000 r  System_clock (IN)
                         net (fo=0)                   0.000     0.000    hdmi_out_i/clk_wiz_0/inst/clk_in1
    K17                  IBUF (Prop_ibuf_I_O)         0.243     0.243 r  hdmi_out_i/clk_wiz_0/inst/clkin1_ibufg/O
                         net (fo=1, routed)           0.440     0.683    hdmi_out_i/clk_wiz_0/inst/clk_in1_hdmi_out_clk_wiz_0_0
    MMCME2_ADV_X1Y2      MMCME2_ADV (Prop_mmcme2_adv_CLKIN1_CLKOUT0)
                                                     -2.613    -1.930 r  hdmi_out_i/clk_wiz_0/inst/mmcm_adv_inst/CLKOUT0
                         net (fo=1, routed)           0.696    -1.233    hdmi_out_i/clk_wiz_0/inst/clk_out1_hdmi_out_clk_wiz_0_0
    BUFGCTRL_X0Y16       BUFG (Prop_bufg_I_O)         0.026    -1.207 r  hdmi_out_i/clk_wiz_0/inst/clkout1_buf/O
                         net (fo=267, routed)         0.718    -0.489    hdmi_out_i/rgb2dvi_0/U0/DataEncoders[0].DataEncoder/PixelClk
    SLICE_X110Y143       FDRE                                         r  hdmi_out_i/rgb2dvi_0/U0/DataEncoders[0].DataEncoder/pDataOut_1_reg[1]/C
  -------------------------------------------------------------------    -------------------
    SLICE_X110Y143       FDRE (Prop_fdre_C_Q)         0.141    -0.348 r  hdmi_out_i/rgb2dvi_0/U0/DataEncoders[0].DataEncoder/pDataOut_1_reg[1]/Q
                         net (fo=8, routed)           0.087    -0.261    hdmi_out_i/rgb2dvi_0/U0/DataEncoders[0].DataEncoder/p_0_in
    SLICE_X111Y143       LUT6 (Prop_lut6_I0_O)        0.045    -0.216 r  hdmi_out_i/rgb2dvi_0/U0/DataEncoders[0].DataEncoder/q_m_2[1]_i_1__0/O
                         net (fo=1, routed)           0.000    -0.216    hdmi_out_i/rgb2dvi_0/U0/DataEncoders[0].DataEncoder/q_m_2[1]_i_1__0_n_0
    SLICE_X111Y143       FDRE                                         r  hdmi_out_i/rgb2dvi_0/U0/DataEncoders[0].DataEncoder/q_m_2_reg[1]/D
  -------------------------------------------------------------------    -------------------

                         (clock clk_out1_hdmi_out_clk_wiz_0_0 rise edge)
                                                      0.000     0.000 r  
    K17                                               0.000     0.000 r  System_clock (IN)
                         net (fo=0)                   0.000     0.000    hdmi_out_i/clk_wiz_0/inst/clk_in1
    K17                  IBUF (Prop_ibuf_I_O)         0.431     0.431 r  hdmi_out_i/clk_wiz_0/inst/clkin1_ibufg/O
                         net (fo=1, routed)           0.480     0.911    hdmi_out_i/clk_wiz_0/inst/clk_in1_hdmi_out_clk_wiz_0_0
    MMCME2_ADV_X1Y2      MMCME2_ADV (Prop_mmcme2_adv_CLKIN1_CLKOUT0)
                                                     -3.407    -2.496 r  hdmi_out_i/clk_wiz_0/inst/mmcm_adv_inst/CLKOUT0
                         net (fo=1, routed)           0.752    -1.744    hdmi_out_i/clk_wiz_0/inst/clk_out1_hdmi_out_clk_wiz_0_0
    BUFGCTRL_X0Y16       BUFG (Prop_bufg_I_O)         0.029    -1.715 r  hdmi_out_i/clk_wiz_0/inst/clkout1_buf/O
                         net (fo=267, routed)         0.994    -0.721    hdmi_out_i/rgb2dvi_0/U0/DataEncoders[0].DataEncoder/PixelClk
    SLICE_X111Y143       FDRE                                         r  hdmi_out_i/rgb2dvi_0/U0/DataEncoders[0].DataEncoder/q_m_2_reg[1]/C
                         clock pessimism              0.245    -0.476    
    SLICE_X111Y143       FDRE (Hold_fdre_C_D)         0.092    -0.384    hdmi_out_i/rgb2dvi_0/U0/DataEncoders[0].DataEncoder/q_m_2_reg[1]
  -------------------------------------------------------------------
                         required time                          0.384    
                         arrival time                          -0.216    
  -------------------------------------------------------------------
                         slack                                  0.168    

Slack (MET) :             0.178ns  (arrival time - required time)
  Source:                 hdmi_out_i/rgb2dvi_0/U0/DataEncoders[2].DataEncoder/pDataOut_1_reg[0]/C
                            (rising edge-triggered cell FDRE clocked by clk_out1_hdmi_out_clk_wiz_0_0  {rise@0.000ns fall@7.015ns period=14.030ns})
  Destination:            hdmi_out_i/rgb2dvi_0/U0/DataEncoders[2].DataEncoder/n1q_m_2_reg[3]/D
                            (rising edge-triggered cell FDRE clocked by clk_out1_hdmi_out_clk_wiz_0_0  {rise@0.000ns fall@7.015ns period=14.030ns})
  Path Group:             clk_out1_hdmi_out_clk_wiz_0_0
  Path Type:              Hold (Min at Fast Process Corner)
  Requirement:            0.000ns  (clk_out1_hdmi_out_clk_wiz_0_0 rise@0.000ns - clk_out1_hdmi_out_clk_wiz_0_0 rise@0.000ns)
  Data Path Delay:        0.315ns  (logic 0.186ns (59.026%)  route 0.129ns (40.974%))
  Logic Levels:           1  (LUT6=1)
  Clock Path Skew:        0.016ns (DCD - SCD - CPR)
    Destination Clock Delay (DCD):    -0.721ns
    Source Clock Delay      (SCD):    -0.489ns
    Clock Pessimism Removal (CPR):    -0.248ns

    Location             Delay type                Incr(ns)  Path(ns)    Netlist Resource(s)
  -------------------------------------------------------------------    -------------------
                         (clock clk_out1_hdmi_out_clk_wiz_0_0 rise edge)
                                                      0.000     0.000 r  
    K17                                               0.000     0.000 r  System_clock (IN)
                         net (fo=0)                   0.000     0.000    hdmi_out_i/clk_wiz_0/inst/clk_in1
    K17                  IBUF (Prop_ibuf_I_O)         0.243     0.243 r  hdmi_out_i/clk_wiz_0/inst/clkin1_ibufg/O
                         net (fo=1, routed)           0.440     0.683    hdmi_out_i/clk_wiz_0/inst/clk_in1_hdmi_out_clk_wiz_0_0
    MMCME2_ADV_X1Y2      MMCME2_ADV (Prop_mmcme2_adv_CLKIN1_CLKOUT0)
                                                     -2.613    -1.930 r  hdmi_out_i/clk_wiz_0/inst/mmcm_adv_inst/CLKOUT0
                         net (fo=1, routed)           0.696    -1.233    hdmi_out_i/clk_wiz_0/inst/clk_out1_hdmi_out_clk_wiz_0_0
    BUFGCTRL_X0Y16       BUFG (Prop_bufg_I_O)         0.026    -1.207 r  hdmi_out_i/clk_wiz_0/inst/clkout1_buf/O
                         net (fo=267, routed)         0.718    -0.489    hdmi_out_i/rgb2dvi_0/U0/DataEncoders[2].DataEncoder/PixelClk
    SLICE_X111Y144       FDRE                                         r  hdmi_out_i/rgb2dvi_0/U0/DataEncoders[2].DataEncoder/pDataOut_1_reg[0]/C
  -------------------------------------------------------------------    -------------------
    SLICE_X111Y144       FDRE (Prop_fdre_C_Q)         0.141    -0.348 r  hdmi_out_i/rgb2dvi_0/U0/DataEncoders[2].DataEncoder/pDataOut_1_reg[0]/Q
                         net (fo=15, routed)          0.129    -0.219    hdmi_out_i/rgb2dvi_0/U0/DataEncoders[2].DataEncoder/pDataOut_1_reg_n_0_[0]
    SLICE_X112Y144       LUT6 (Prop_lut6_I4_O)        0.045    -0.174 r  hdmi_out_i/rgb2dvi_0/U0/DataEncoders[2].DataEncoder/n1q_m_2[3]_i_1__1/O
                         net (fo=1, routed)           0.000    -0.174    hdmi_out_i/rgb2dvi_0/U0/DataEncoders[2].DataEncoder/n1q_m_2[3]_i_1__1_n_0
    SLICE_X112Y144       FDRE                                         r  hdmi_out_i/rgb2dvi_0/U0/DataEncoders[2].DataEncoder/n1q_m_2_reg[3]/D
  -------------------------------------------------------------------    -------------------

                         (clock clk_out1_hdmi_out_clk_wiz_0_0 rise edge)
                                                      0.000     0.000 r  
    K17                                               0.000     0.000 r  System_clock (IN)
                         net (fo=0)                   0.000     0.000    hdmi_out_i/clk_wiz_0/inst/clk_in1
    K17                  IBUF (Prop_ibuf_I_O)         0.431     0.431 r  hdmi_out_i/clk_wiz_0/inst/clkin1_ibufg/O
                         net (fo=1, routed)           0.480     0.911    hdmi_out_i/clk_wiz_0/inst/clk_in1_hdmi_out_clk_wiz_0_0
    MMCME2_ADV_X1Y2      MMCME2_ADV (Prop_mmcme2_adv_CLKIN1_CLKOUT0)
                                                     -3.407    -2.496 r  hdmi_out_i/clk_wiz_0/inst/mmcm_adv_inst/CLKOUT0
                         net (fo=1, routed)           0.752    -1.744    hdmi_out_i/clk_wiz_0/inst/clk_out1_hdmi_out_clk_wiz_0_0
    BUFGCTRL_X0Y16       BUFG (Prop_bufg_I_O)         0.029    -1.715 r  hdmi_out_i/clk_wiz_0/inst/clkout1_buf/O
                         net (fo=267, routed)         0.994    -0.721    hdmi_out_i/rgb2dvi_0/U0/DataEncoders[2].DataEncoder/PixelClk
    SLICE_X112Y144       FDRE                                         r  hdmi_out_i/rgb2dvi_0/U0/DataEncoders[2].DataEncoder/n1q_m_2_reg[3]/C
                         clock pessimism              0.248    -0.473    
    SLICE_X112Y144       FDRE (Hold_fdre_C_D)         0.121    -0.352    hdmi_out_i/rgb2dvi_0/U0/DataEncoders[2].DataEncoder/n1q_m_2_reg[3]
  -------------------------------------------------------------------
                         required time                          0.352    
                         arrival time                          -0.174    
  -------------------------------------------------------------------
                         slack                                  0.178    

Slack (MET) :             0.180ns  (arrival time - required time)
  Source:                 hdmi_out_i/rgb2dvi_0/U0/DataEncoders[0].DataEncoder/pDataOut_1_reg[2]/C
                            (rising edge-triggered cell FDRE clocked by clk_out1_hdmi_out_clk_wiz_0_0  {rise@0.000ns fall@7.015ns period=14.030ns})
  Destination:            hdmi_out_i/rgb2dvi_0/U0/DataEncoders[0].DataEncoder/q_m_2_reg[2]/D
                            (rising edge-triggered cell FDRE clocked by clk_out1_hdmi_out_clk_wiz_0_0  {rise@0.000ns fall@7.015ns period=14.030ns})
  Path Group:             clk_out1_hdmi_out_clk_wiz_0_0
  Path Type:              Hold (Min at Fast Process Corner)
  Requirement:            0.000ns  (clk_out1_hdmi_out_clk_wiz_0_0 rise@0.000ns - clk_out1_hdmi_out_clk_wiz_0_0 rise@0.000ns)
  Data Path Delay:        0.284ns  (logic 0.186ns (65.536%)  route 0.098ns (34.464%))
  Logic Levels:           1  (LUT3=1)
  Clock Path Skew:        0.013ns (DCD - SCD - CPR)
    Destination Clock Delay (DCD):    -0.722ns
    Source Clock Delay      (SCD):    -0.490ns
    Clock Pessimism Removal (CPR):    -0.245ns

    Location             Delay type                Incr(ns)  Path(ns)    Netlist Resource(s)
  -------------------------------------------------------------------    -------------------
                         (clock clk_out1_hdmi_out_clk_wiz_0_0 rise edge)
                                                      0.000     0.000 r  
    K17                                               0.000     0.000 r  System_clock (IN)
                         net (fo=0)                   0.000     0.000    hdmi_out_i/clk_wiz_0/inst/clk_in1
    K17                  IBUF (Prop_ibuf_I_O)         0.243     0.243 r  hdmi_out_i/clk_wiz_0/inst/clkin1_ibufg/O
                         net (fo=1, routed)           0.440     0.683    hdmi_out_i/clk_wiz_0/inst/clk_in1_hdmi_out_clk_wiz_0_0
    MMCME2_ADV_X1Y2      MMCME2_ADV (Prop_mmcme2_adv_CLKIN1_CLKOUT0)
                                                     -2.613    -1.930 r  hdmi_out_i/clk_wiz_0/inst/mmcm_adv_inst/CLKOUT0
                         net (fo=1, routed)           0.696    -1.233    hdmi_out_i/clk_wiz_0/inst/clk_out1_hdmi_out_clk_wiz_0_0
    BUFGCTRL_X0Y16       BUFG (Prop_bufg_I_O)         0.026    -1.207 r  hdmi_out_i/clk_wiz_0/inst/clkout1_buf/O
                         net (fo=267, routed)         0.717    -0.490    hdmi_out_i/rgb2dvi_0/U0/DataEncoders[0].DataEncoder/PixelClk
    SLICE_X110Y142       FDRE                                         r  hdmi_out_i/rgb2dvi_0/U0/DataEncoders[0].DataEncoder/pDataOut_1_reg[2]/C
  -------------------------------------------------------------------    -------------------
    SLICE_X110Y142       FDRE (Prop_fdre_C_Q)         0.141    -0.349 r  hdmi_out_i/rgb2dvi_0/U0/DataEncoders[0].DataEncoder/pDataOut_1_reg[2]/Q
                         net (fo=5, routed)           0.098    -0.251    hdmi_out_i/rgb2dvi_0/U0/DataEncoders[0].DataEncoder/p_1_in
    SLICE_X111Y142       LUT3 (Prop_lut3_I2_O)        0.045    -0.206 r  hdmi_out_i/rgb2dvi_0/U0/DataEncoders[0].DataEncoder/q_m_2[2]_i_1/O
                         net (fo=1, routed)           0.000    -0.206    hdmi_out_i/rgb2dvi_0/U0/DataEncoders[0].DataEncoder/p_5_in4_in
    SLICE_X111Y142       FDRE                                         r  hdmi_out_i/rgb2dvi_0/U0/DataEncoders[0].DataEncoder/q_m_2_reg[2]/D
  -------------------------------------------------------------------    -------------------

                         (clock clk_out1_hdmi_out_clk_wiz_0_0 rise edge)
                                                      0.000     0.000 r  
    K17                                               0.000     0.000 r  System_clock (IN)
                         net (fo=0)                   0.000     0.000    hdmi_out_i/clk_wiz_0/inst/clk_in1
    K17                  IBUF (Prop_ibuf_I_O)         0.431     0.431 r  hdmi_out_i/clk_wiz_0/inst/clkin1_ibufg/O
                         net (fo=1, routed)           0.480     0.911    hdmi_out_i/clk_wiz_0/inst/clk_in1_hdmi_out_clk_wiz_0_0
    MMCME2_ADV_X1Y2      MMCME2_ADV (Prop_mmcme2_adv_CLKIN1_CLKOUT0)
                                                     -3.407    -2.496 r  hdmi_out_i/clk_wiz_0/inst/mmcm_adv_inst/CLKOUT0
                         net (fo=1, routed)           0.752    -1.744    hdmi_out_i/clk_wiz_0/inst/clk_out1_hdmi_out_clk_wiz_0_0
    BUFGCTRL_X0Y16       BUFG (Prop_bufg_I_O)         0.029    -1.715 r  hdmi_out_i/clk_wiz_0/inst/clkout1_buf/O
                         net (fo=267, routed)         0.993    -0.722    hdmi_out_i/rgb2dvi_0/U0/DataEncoders[0].DataEncoder/PixelClk
    SLICE_X111Y142       FDRE                                         r  hdmi_out_i/rgb2dvi_0/U0/DataEncoders[0].DataEncoder/q_m_2_reg[2]/C
                         clock pessimism              0.245    -0.477    
    SLICE_X111Y142       FDRE (Hold_fdre_C_D)         0.091    -0.386    hdmi_out_i/rgb2dvi_0/U0/DataEncoders[0].DataEncoder/q_m_2_reg[2]
  -------------------------------------------------------------------
                         required time                          0.386    
                         arrival time                          -0.206    
  -------------------------------------------------------------------
                         slack                                  0.180    

Slack (MET) :             0.181ns  (arrival time - required time)
  Source:                 hdmi_out_i/rgb2dvi_0/U0/DataEncoders[0].DataEncoder/q_m_2_reg[8]/C
                            (rising edge-triggered cell FDRE clocked by clk_out1_hdmi_out_clk_wiz_0_0  {rise@0.000ns fall@7.015ns period=14.030ns})
  Destination:            hdmi_out_i/rgb2dvi_0/U0/DataEncoders[0].DataEncoder/pDataOutRaw_reg[8]/D
                            (rising edge-triggered cell FDSE clocked by clk_out1_hdmi_out_clk_wiz_0_0  {rise@0.000ns fall@7.015ns period=14.030ns})
  Path Group:             clk_out1_hdmi_out_clk_wiz_0_0
  Path Type:              Hold (Min at Fast Process Corner)
  Requirement:            0.000ns  (clk_out1_hdmi_out_clk_wiz_0_0 rise@0.000ns - clk_out1_hdmi_out_clk_wiz_0_0 rise@0.000ns)
  Data Path Delay:        0.317ns  (logic 0.186ns (58.725%)  route 0.131ns (41.275%))
  Logic Levels:           1  (LUT4=1)
  Clock Path Skew:        0.016ns (DCD - SCD - CPR)
    Destination Clock Delay (DCD):    -0.722ns
    Source Clock Delay      (SCD):    -0.490ns
    Clock Pessimism Removal (CPR):    -0.248ns

    Location             Delay type                Incr(ns)  Path(ns)    Netlist Resource(s)
  -------------------------------------------------------------------    -------------------
                         (clock clk_out1_hdmi_out_clk_wiz_0_0 rise edge)
                                                      0.000     0.000 r  
    K17                                               0.000     0.000 r  System_clock (IN)
                         net (fo=0)                   0.000     0.000    hdmi_out_i/clk_wiz_0/inst/clk_in1
    K17                  IBUF (Prop_ibuf_I_O)         0.243     0.243 r  hdmi_out_i/clk_wiz_0/inst/clkin1_ibufg/O
                         net (fo=1, routed)           0.440     0.683    hdmi_out_i/clk_wiz_0/inst/clk_in1_hdmi_out_clk_wiz_0_0
    MMCME2_ADV_X1Y2      MMCME2_ADV (Prop_mmcme2_adv_CLKIN1_CLKOUT0)
                                                     -2.613    -1.930 r  hdmi_out_i/clk_wiz_0/inst/mmcm_adv_inst/CLKOUT0
                         net (fo=1, routed)           0.696    -1.233    hdmi_out_i/clk_wiz_0/inst/clk_out1_hdmi_out_clk_wiz_0_0
    BUFGCTRL_X0Y16       BUFG (Prop_bufg_I_O)         0.026    -1.207 r  hdmi_out_i/clk_wiz_0/inst/clkout1_buf/O
                         net (fo=267, routed)         0.717    -0.490    hdmi_out_i/rgb2dvi_0/U0/DataEncoders[0].DataEncoder/PixelClk
    SLICE_X111Y142       FDRE                                         r  hdmi_out_i/rgb2dvi_0/U0/DataEncoders[0].DataEncoder/q_m_2_reg[8]/C
  -------------------------------------------------------------------    -------------------
    SLICE_X111Y142       FDRE (Prop_fdre_C_Q)         0.141    -0.349 r  hdmi_out_i/rgb2dvi_0/U0/DataEncoders[0].DataEncoder/q_m_2_reg[8]/Q
                         net (fo=9, routed)           0.131    -0.218    hdmi_out_i/rgb2dvi_0/U0/DataEncoders[0].DataEncoder/q_m_2[8]
    SLICE_X112Y141       LUT4 (Prop_lut4_I3_O)        0.045    -0.173 r  hdmi_out_i/rgb2dvi_0/U0/DataEncoders[0].DataEncoder/pDataOutRaw[8]_i_1/O
                         net (fo=1, routed)           0.000    -0.173    hdmi_out_i/rgb2dvi_0/U0/DataEncoders[0].DataEncoder/q_out_20_in[8]
    SLICE_X112Y141       FDSE                                         r  hdmi_out_i/rgb2dvi_0/U0/DataEncoders[0].DataEncoder/pDataOutRaw_reg[8]/D
  -------------------------------------------------------------------    -------------------

                         (clock clk_out1_hdmi_out_clk_wiz_0_0 rise edge)
                                                      0.000     0.000 r  
    K17                                               0.000     0.000 r  System_clock (IN)
                         net (fo=0)                   0.000     0.000    hdmi_out_i/clk_wiz_0/inst/clk_in1
    K17                  IBUF (Prop_ibuf_I_O)         0.431     0.431 r  hdmi_out_i/clk_wiz_0/inst/clkin1_ibufg/O
                         net (fo=1, routed)           0.480     0.911    hdmi_out_i/clk_wiz_0/inst/clk_in1_hdmi_out_clk_wiz_0_0
    MMCME2_ADV_X1Y2      MMCME2_ADV (Prop_mmcme2_adv_CLKIN1_CLKOUT0)
                                                     -3.407    -2.496 r  hdmi_out_i/clk_wiz_0/inst/mmcm_adv_inst/CLKOUT0
                         net (fo=1, routed)           0.752    -1.744    hdmi_out_i/clk_wiz_0/inst/clk_out1_hdmi_out_clk_wiz_0_0
    BUFGCTRL_X0Y16       BUFG (Prop_bufg_I_O)         0.029    -1.715 r  hdmi_out_i/clk_wiz_0/inst/clkout1_buf/O
                         net (fo=267, routed)         0.993    -0.722    hdmi_out_i/rgb2dvi_0/U0/DataEncoders[0].DataEncoder/PixelClk
    SLICE_X112Y141       FDSE                                         r  hdmi_out_i/rgb2dvi_0/U0/DataEncoders[0].DataEncoder/pDataOutRaw_reg[8]/C
                         clock pessimism              0.248    -0.474    
    SLICE_X112Y141       FDSE (Hold_fdse_C_D)         0.120    -0.354    hdmi_out_i/rgb2dvi_0/U0/DataEncoders[0].DataEncoder/pDataOutRaw_reg[8]
  -------------------------------------------------------------------
                         required time                          0.354    
                         arrival time                          -0.173    
  -------------------------------------------------------------------
                         slack                                  0.181    

Slack (MET) :             0.191ns  (arrival time - required time)
  Source:                 hdmi_out_i/rgb2dvi_0/U0/DataEncoders[1].DataEncoder/q_m_2_reg[8]/C
                            (rising edge-triggered cell FDRE clocked by clk_out1_hdmi_out_clk_wiz_0_0  {rise@0.000ns fall@7.015ns period=14.030ns})
  Destination:            hdmi_out_i/rgb2dvi_0/U0/DataEncoders[1].DataEncoder/pDataOutRaw_reg[8]/D
                            (rising edge-triggered cell FDSE clocked by clk_out1_hdmi_out_clk_wiz_0_0  {rise@0.000ns fall@7.015ns period=14.030ns})
  Path Group:             clk_out1_hdmi_out_clk_wiz_0_0
  Path Type:              Hold (Min at Fast Process Corner)
  Requirement:            0.000ns  (clk_out1_hdmi_out_clk_wiz_0_0 rise@0.000ns - clk_out1_hdmi_out_clk_wiz_0_0 rise@0.000ns)
  Data Path Delay:        0.273ns  (logic 0.141ns (51.633%)  route 0.132ns (48.367%))
  Logic Levels:           0  
  Clock Path Skew:        0.016ns (DCD - SCD - CPR)
    Destination Clock Delay (DCD):    -0.720ns
    Source Clock Delay      (SCD):    -0.488ns
    Clock Pessimism Removal (CPR):    -0.248ns

    Location             Delay type                Incr(ns)  Path(ns)    Netlist Resource(s)
  -------------------------------------------------------------------    -------------------
                         (clock clk_out1_hdmi_out_clk_wiz_0_0 rise edge)
                                                      0.000     0.000 r  
    K17                                               0.000     0.000 r  System_clock (IN)
                         net (fo=0)                   0.000     0.000    hdmi_out_i/clk_wiz_0/inst/clk_in1
    K17                  IBUF (Prop_ibuf_I_O)         0.243     0.243 r  hdmi_out_i/clk_wiz_0/inst/clkin1_ibufg/O
                         net (fo=1, routed)           0.440     0.683    hdmi_out_i/clk_wiz_0/inst/clk_in1_hdmi_out_clk_wiz_0_0
    MMCME2_ADV_X1Y2      MMCME2_ADV (Prop_mmcme2_adv_CLKIN1_CLKOUT0)
                                                     -2.613    -1.930 r  hdmi_out_i/clk_wiz_0/inst/mmcm_adv_inst/CLKOUT0
                         net (fo=1, routed)           0.696    -1.233    hdmi_out_i/clk_wiz_0/inst/clk_out1_hdmi_out_clk_wiz_0_0
    BUFGCTRL_X0Y16       BUFG (Prop_bufg_I_O)         0.026    -1.207 r  hdmi_out_i/clk_wiz_0/inst/clkout1_buf/O
                         net (fo=267, routed)         0.719    -0.488    hdmi_out_i/rgb2dvi_0/U0/DataEncoders[1].DataEncoder/PixelClk
    SLICE_X111Y148       FDRE                                         r  hdmi_out_i/rgb2dvi_0/U0/DataEncoders[1].DataEncoder/q_m_2_reg[8]/C
  -------------------------------------------------------------------    -------------------
    SLICE_X111Y148       FDRE (Prop_fdre_C_Q)         0.141    -0.347 r  hdmi_out_i/rgb2dvi_0/U0/DataEncoders[1].DataEncoder/q_m_2_reg[8]/Q
                         net (fo=9, routed)           0.132    -0.215    hdmi_out_i/rgb2dvi_0/U0/DataEncoders[1].DataEncoder/q_m_2[8]
    SLICE_X111Y149       FDSE                                         r  hdmi_out_i/rgb2dvi_0/U0/DataEncoders[1].DataEncoder/pDataOutRaw_reg[8]/D
  -------------------------------------------------------------------    -------------------

                         (clock clk_out1_hdmi_out_clk_wiz_0_0 rise edge)
                                                      0.000     0.000 r  
    K17                                               0.000     0.000 r  System_clock (IN)
                         net (fo=0)                   0.000     0.000    hdmi_out_i/clk_wiz_0/inst/clk_in1
    K17                  IBUF (Prop_ibuf_I_O)         0.431     0.431 r  hdmi_out_i/clk_wiz_0/inst/clkin1_ibufg/O
                         net (fo=1, routed)           0.480     0.911    hdmi_out_i/clk_wiz_0/inst/clk_in1_hdmi_out_clk_wiz_0_0
    MMCME2_ADV_X1Y2      MMCME2_ADV (Prop_mmcme2_adv_CLKIN1_CLKOUT0)
                                                     -3.407    -2.496 r  hdmi_out_i/clk_wiz_0/inst/mmcm_adv_inst/CLKOUT0
                         net (fo=1, routed)           0.752    -1.744    hdmi_out_i/clk_wiz_0/inst/clk_out1_hdmi_out_clk_wiz_0_0
    BUFGCTRL_X0Y16       BUFG (Prop_bufg_I_O)         0.029    -1.715 r  hdmi_out_i/clk_wiz_0/inst/clkout1_buf/O
                         net (fo=267, routed)         0.995    -0.720    hdmi_out_i/rgb2dvi_0/U0/DataEncoders[1].DataEncoder/PixelClk
    SLICE_X111Y149       FDSE                                         r  hdmi_out_i/rgb2dvi_0/U0/DataEncoders[1].DataEncoder/pDataOutRaw_reg[8]/C
                         clock pessimism              0.248    -0.472    
    SLICE_X111Y149       FDSE (Hold_fdse_C_D)         0.066    -0.406    hdmi_out_i/rgb2dvi_0/U0/DataEncoders[1].DataEncoder/pDataOutRaw_reg[8]
  -------------------------------------------------------------------
                         required time                          0.406    
                         arrival time                          -0.215    
  -------------------------------------------------------------------
                         slack                                  0.191    

Slack (MET) :             0.197ns  (arrival time - required time)
  Source:                 hdmi_out_i/v_tc_0/U0/U_TC_TOP/GEN_GENERATOR.U_TC_GEN/htotal_reg[5]/C
                            (rising edge-triggered cell FDRE clocked by clk_out1_hdmi_out_clk_wiz_0_0  {rise@0.000ns fall@7.015ns period=14.030ns})
  Destination:            hdmi_out_i/v_tc_0/U0/U_TC_TOP/GEN_GENERATOR.U_TC_GEN/htotal_1_reg[5]/D
                            (rising edge-triggered cell FDSE clocked by clk_out1_hdmi_out_clk_wiz_0_0  {rise@0.000ns fall@7.015ns period=14.030ns})
  Path Group:             clk_out1_hdmi_out_clk_wiz_0_0
  Path Type:              Hold (Min at Fast Process Corner)
  Requirement:            0.000ns  (clk_out1_hdmi_out_clk_wiz_0_0 rise@0.000ns - clk_out1_hdmi_out_clk_wiz_0_0 rise@0.000ns)
  Data Path Delay:        0.315ns  (logic 0.251ns (79.720%)  route 0.064ns (20.280%))
  Logic Levels:           2  (CARRY4=1 LUT1=1)
  Clock Path Skew:        0.013ns (DCD - SCD - CPR)
    Destination Clock Delay (DCD):    -0.731ns
    Source Clock Delay      (SCD):    -0.497ns
    Clock Pessimism Removal (CPR):    -0.247ns

    Location             Delay type                Incr(ns)  Path(ns)    Netlist Resource(s)
  -------------------------------------------------------------------    -------------------
                         (clock clk_out1_hdmi_out_clk_wiz_0_0 rise edge)
                                                      0.000     0.000 r  
    K17                                               0.000     0.000 r  System_clock (IN)
                         net (fo=0)                   0.000     0.000    hdmi_out_i/clk_wiz_0/inst/clk_in1
    K17                  IBUF (Prop_ibuf_I_O)         0.243     0.243 r  hdmi_out_i/clk_wiz_0/inst/clkin1_ibufg/O
                         net (fo=1, routed)           0.440     0.683    hdmi_out_i/clk_wiz_0/inst/clk_in1_hdmi_out_clk_wiz_0_0
    MMCME2_ADV_X1Y2      MMCME2_ADV (Prop_mmcme2_adv_CLKIN1_CLKOUT0)
                                                     -2.613    -1.930 r  hdmi_out_i/clk_wiz_0/inst/mmcm_adv_inst/CLKOUT0
                         net (fo=1, routed)           0.696    -1.233    hdmi_out_i/clk_wiz_0/inst/clk_out1_hdmi_out_clk_wiz_0_0
    BUFGCTRL_X0Y16       BUFG (Prop_bufg_I_O)         0.026    -1.207 r  hdmi_out_i/clk_wiz_0/inst/clkout1_buf/O
                         net (fo=267, routed)         0.710    -0.497    hdmi_out_i/v_tc_0/U0/U_TC_TOP/GEN_GENERATOR.U_TC_GEN/clk
    SLICE_X110Y130       FDRE                                         r  hdmi_out_i/v_tc_0/U0/U_TC_TOP/GEN_GENERATOR.U_TC_GEN/htotal_reg[5]/C
  -------------------------------------------------------------------    -------------------
    SLICE_X110Y130       FDRE (Prop_fdre_C_Q)         0.141    -0.356 f  hdmi_out_i/v_tc_0/U0/U_TC_TOP/GEN_GENERATOR.U_TC_GEN/htotal_reg[5]/Q
                         net (fo=2, routed)           0.064    -0.292    hdmi_out_i/v_tc_0/U0/U_TC_TOP/GEN_GENERATOR.U_TC_GEN/htotal[5]
    SLICE_X111Y130       LUT1 (Prop_lut1_I0_O)        0.045    -0.247 r  hdmi_out_i/v_tc_0/U0/U_TC_TOP/GEN_GENERATOR.U_TC_GEN/htotal_1[7]_i_4/O
                         net (fo=1, routed)           0.000    -0.247    hdmi_out_i/v_tc_0/U0/U_TC_TOP/GEN_GENERATOR.U_TC_GEN/htotal_1[7]_i_4_n_0
    SLICE_X111Y130       CARRY4 (Prop_carry4_S[1]_O[1])
                                                      0.065    -0.182 r  hdmi_out_i/v_tc_0/U0/U_TC_TOP/GEN_GENERATOR.U_TC_GEN/htotal_1_reg[7]_i_1/O[1]
                         net (fo=1, routed)           0.000    -0.182    hdmi_out_i/v_tc_0/U0/U_TC_TOP/GEN_GENERATOR.U_TC_GEN/htotal_1_reg[7]_i_1_n_6
    SLICE_X111Y130       FDSE                                         r  hdmi_out_i/v_tc_0/U0/U_TC_TOP/GEN_GENERATOR.U_TC_GEN/htotal_1_reg[5]/D
  -------------------------------------------------------------------    -------------------

                         (clock clk_out1_hdmi_out_clk_wiz_0_0 rise edge)
                                                      0.000     0.000 r  
    K17                                               0.000     0.000 r  System_clock (IN)
                         net (fo=0)                   0.000     0.000    hdmi_out_i/clk_wiz_0/inst/clk_in1
    K17                  IBUF (Prop_ibuf_I_O)         0.431     0.431 r  hdmi_out_i/clk_wiz_0/inst/clkin1_ibufg/O
                         net (fo=1, routed)           0.480     0.911    hdmi_out_i/clk_wiz_0/inst/clk_in1_hdmi_out_clk_wiz_0_0
    MMCME2_ADV_X1Y2      MMCME2_ADV (Prop_mmcme2_adv_CLKIN1_CLKOUT0)
                                                     -3.407    -2.496 r  hdmi_out_i/clk_wiz_0/inst/mmcm_adv_inst/CLKOUT0
                         net (fo=1, routed)           0.752    -1.744    hdmi_out_i/clk_wiz_0/inst/clk_out1_hdmi_out_clk_wiz_0_0
    BUFGCTRL_X0Y16       BUFG (Prop_bufg_I_O)         0.029    -1.715 r  hdmi_out_i/clk_wiz_0/inst/clkout1_buf/O
                         net (fo=267, routed)         0.984    -0.731    hdmi_out_i/v_tc_0/U0/U_TC_TOP/GEN_GENERATOR.U_TC_GEN/clk
    SLICE_X111Y130       FDSE                                         r  hdmi_out_i/v_tc_0/U0/U_TC_TOP/GEN_GENERATOR.U_TC_GEN/htotal_1_reg[5]/C
                         clock pessimism              0.247    -0.484    
    SLICE_X111Y130       FDSE (Hold_fdse_C_D)         0.105    -0.379    hdmi_out_i/v_tc_0/U0/U_TC_TOP/GEN_GENERATOR.U_TC_GEN/htotal_1_reg[5]
  -------------------------------------------------------------------
                         required time                          0.379    
                         arrival time                          -0.182    
  -------------------------------------------------------------------
                         slack                                  0.197    





Pulse Width Checks
--------------------------------------------------------------------------------------
Clock Name:         clk_out1_hdmi_out_clk_wiz_0_0
Waveform(ns):       { 0.000 7.015 }
Period(ns):         14.030
Sources:            { hdmi_out_i/clk_wiz_0/inst/mmcm_adv_inst/CLKOUT0 }

Check Type        Corner  Lib Pin             Reference Pin  Required(ns)  Actual(ns)  Slack(ns)  Location         Pin
Min Period        n/a     BUFG/I              n/a            2.155         14.030      11.875     BUFGCTRL_X0Y16   hdmi_out_i/clk_wiz_0/inst/clkout1_buf/I
Min Period        n/a     MMCME2_ADV/CLKOUT0  n/a            1.249         14.030      12.781     MMCME2_ADV_X1Y2  hdmi_out_i/clk_wiz_0/inst/mmcm_adv_inst/CLKOUT0
Min Period        n/a     PLLE2_ADV/CLKIN1    n/a            1.249         14.030      12.781     PLLE2_ADV_X1Y0   hdmi_out_i/rgb2dvi_0/U0/ClockGenInternal.ClockGenX/GenPLL.DVI_ClkGenerator/CLKIN1
Min Period        n/a     FDRE/C              n/a            1.000         14.030      13.030     SLICE_X107Y138   hdmi_out_i/hdmi_code_0/inst/x_coordinate_reg[0]/C
Min Period        n/a     FDRE/C              n/a            1.000         14.030      13.030     SLICE_X106Y140   hdmi_out_i/hdmi_code_0/inst/x_coordinate_reg[10]/C
Min Period        n/a     FDRE/C              n/a            1.000         14.030      13.030     SLICE_X106Y138   hdmi_out_i/hdmi_code_0/inst/x_coordinate_reg[1]/C
Min Period        n/a     FDRE/C              n/a            1.000         14.030      13.030     SLICE_X106Y138   hdmi_out_i/hdmi_code_0/inst/x_coordinate_reg[2]/C
Min Period        n/a     FDRE/C              n/a            1.000         14.030      13.030     SLICE_X106Y138   hdmi_out_i/hdmi_code_0/inst/x_coordinate_reg[3]/C
Min Period        n/a     FDRE/C              n/a            1.000         14.030      13.030     SLICE_X106Y139   hdmi_out_i/hdmi_code_0/inst/x_coordinate_reg[4]/C
Min Period        n/a     FDRE/C              n/a            1.000         14.030      13.030     SLICE_X106Y139   hdmi_out_i/hdmi_code_0/inst/x_coordinate_reg[5]/C
Max Period        n/a     PLLE2_ADV/CLKIN1    n/a            52.633        14.030      38.603     PLLE2_ADV_X1Y0   hdmi_out_i/rgb2dvi_0/U0/ClockGenInternal.ClockGenX/GenPLL.DVI_ClkGenerator/CLKIN1
Max Period        n/a     MMCME2_ADV/CLKOUT0  n/a            213.360       14.030      199.330    MMCME2_ADV_X1Y2  hdmi_out_i/clk_wiz_0/inst/mmcm_adv_inst/CLKOUT0
Low Pulse Width   Slow    PLLE2_ADV/CLKIN1    n/a            3.000         7.015       4.015      PLLE2_ADV_X1Y0   hdmi_out_i/rgb2dvi_0/U0/ClockGenInternal.ClockGenX/GenPLL.DVI_ClkGenerator/CLKIN1
Low Pulse Width   Fast    PLLE2_ADV/CLKIN1    n/a            3.000         7.015       4.015      PLLE2_ADV_X1Y0   hdmi_out_i/rgb2dvi_0/U0/ClockGenInternal.ClockGenX/GenPLL.DVI_ClkGenerator/CLKIN1
Low Pulse Width   Slow    FDRE/C              n/a            0.500         7.015       6.515      SLICE_X107Y138   hdmi_out_i/hdmi_code_0/inst/x_coordinate_reg[0]/C
Low Pulse Width   Fast    FDRE/C              n/a            0.500         7.015       6.515      SLICE_X107Y138   hdmi_out_i/hdmi_code_0/inst/x_coordinate_reg[0]/C
Low Pulse Width   Slow    FDRE/C              n/a            0.500         7.015       6.515      SLICE_X106Y140   hdmi_out_i/hdmi_code_0/inst/x_coordinate_reg[10]/C
Low Pulse Width   Fast    FDRE/C              n/a            0.500         7.015       6.515      SLICE_X106Y140   hdmi_out_i/hdmi_code_0/inst/x_coordinate_reg[10]/C
Low Pulse Width   Slow    FDRE/C              n/a            0.500         7.015       6.515      SLICE_X106Y138   hdmi_out_i/hdmi_code_0/inst/x_coordinate_reg[1]/C
Low Pulse Width   Fast    FDRE/C              n/a            0.500         7.015       6.515      SLICE_X106Y138   hdmi_out_i/hdmi_code_0/inst/x_coordinate_reg[1]/C
Low Pulse Width   Slow    FDRE/C              n/a            0.500         7.015       6.515      SLICE_X106Y138   hdmi_out_i/hdmi_code_0/inst/x_coordinate_reg[2]/C
Low Pulse Width   Fast    FDRE/C              n/a            0.500         7.015       6.515      SLICE_X106Y138   hdmi_out_i/hdmi_code_0/inst/x_coordinate_reg[2]/C
High Pulse Width  Slow    PLLE2_ADV/CLKIN1    n/a            3.000         7.015       4.015      PLLE2_ADV_X1Y0   hdmi_out_i/rgb2dvi_0/U0/ClockGenInternal.ClockGenX/GenPLL.DVI_ClkGenerator/CLKIN1
High Pulse Width  Fast    PLLE2_ADV/CLKIN1    n/a            3.000         7.015       4.015      PLLE2_ADV_X1Y0   hdmi_out_i/rgb2dvi_0/U0/ClockGenInternal.ClockGenX/GenPLL.DVI_ClkGenerator/CLKIN1
High Pulse Width  Slow    FDRE/C              n/a            0.500         7.015       6.515      SLICE_X107Y138   hdmi_out_i/hdmi_code_0/inst/x_coordinate_reg[0]/C
High Pulse Width  Fast    FDRE/C              n/a            0.500         7.015       6.515      SLICE_X107Y138   hdmi_out_i/hdmi_code_0/inst/x_coordinate_reg[0]/C
High Pulse Width  Slow    FDRE/C              n/a            0.500         7.015       6.515      SLICE_X106Y140   hdmi_out_i/hdmi_code_0/inst/x_coordinate_reg[10]/C
High Pulse Width  Fast    FDRE/C              n/a            0.500         7.015       6.515      SLICE_X106Y140   hdmi_out_i/hdmi_code_0/inst/x_coordinate_reg[10]/C
High Pulse Width  Slow    FDRE/C              n/a            0.500         7.015       6.515      SLICE_X106Y138   hdmi_out_i/hdmi_code_0/inst/x_coordinate_reg[1]/C
High Pulse Width  Fast    FDRE/C              n/a            0.500         7.015       6.515      SLICE_X106Y138   hdmi_out_i/hdmi_code_0/inst/x_coordinate_reg[1]/C
High Pulse Width  Slow    FDRE/C              n/a            0.500         7.015       6.515      SLICE_X106Y138   hdmi_out_i/hdmi_code_0/inst/x_coordinate_reg[2]/C
High Pulse Width  Fast    FDRE/C              n/a            0.500         7.015       6.515      SLICE_X106Y138   hdmi_out_i/hdmi_code_0/inst/x_coordinate_reg[2]/C



---------------------------------------------------------------------------------------------------
From Clock:  CLKFBIN
  To Clock:  CLKFBIN

Setup :           NA  Failing Endpoints,  Worst Slack           NA  ,  Total Violation           NA
Hold  :           NA  Failing Endpoints,  Worst Slack           NA  ,  Total Violation           NA
PW    :            0  Failing Endpoints,  Worst Slack       12.781ns,  Total Violation        0.000ns
---------------------------------------------------------------------------------------------------


Pulse Width Checks
--------------------------------------------------------------------------------------
Clock Name:         CLKFBIN
Waveform(ns):       { 0.000 7.015 }
Period(ns):         14.030
Sources:            { hdmi_out_i/rgb2dvi_0/U0/ClockGenInternal.ClockGenX/GenPLL.DVI_ClkGenerator/CLKFBOUT }

Check Type  Corner  Lib Pin             Reference Pin  Required(ns)  Actual(ns)  Slack(ns)  Location        Pin
Min Period  n/a     PLLE2_ADV/CLKFBOUT  n/a            1.249         14.030      12.781     PLLE2_ADV_X1Y0  hdmi_out_i/rgb2dvi_0/U0/ClockGenInternal.ClockGenX/GenPLL.DVI_ClkGenerator/CLKFBOUT
Min Period  n/a     PLLE2_ADV/CLKFBIN   n/a            1.249         14.030      12.781     PLLE2_ADV_X1Y0  hdmi_out_i/rgb2dvi_0/U0/ClockGenInternal.ClockGenX/GenPLL.DVI_ClkGenerator/CLKFBIN
Max Period  n/a     PLLE2_ADV/CLKFBIN   n/a            52.633        14.030      38.603     PLLE2_ADV_X1Y0  hdmi_out_i/rgb2dvi_0/U0/ClockGenInternal.ClockGenX/GenPLL.DVI_ClkGenerator/CLKFBIN
Max Period  n/a     PLLE2_ADV/CLKFBOUT  n/a            160.000       14.030      145.970    PLLE2_ADV_X1Y0  hdmi_out_i/rgb2dvi_0/U0/ClockGenInternal.ClockGenX/GenPLL.DVI_ClkGenerator/CLKFBOUT



---------------------------------------------------------------------------------------------------
From Clock:  PixelClkIO
  To Clock:  PixelClkIO

Setup :           NA  Failing Endpoints,  Worst Slack           NA  ,  Total Violation           NA
Hold  :           NA  Failing Endpoints,  Worst Slack           NA  ,  Total Violation           NA
PW    :            0  Failing Endpoints,  Worst Slack       11.875ns,  Total Violation        0.000ns
---------------------------------------------------------------------------------------------------


Pulse Width Checks
--------------------------------------------------------------------------------------
Clock Name:         PixelClkIO
Waveform(ns):       { 0.000 7.015 }
Period(ns):         14.030
Sources:            { hdmi_out_i/rgb2dvi_0/U0/ClockGenInternal.ClockGenX/GenPLL.DVI_ClkGenerator/CLKOUT1 }

Check Type  Corner  Lib Pin            Reference Pin  Required(ns)  Actual(ns)  Slack(ns)  Location        Pin
Min Period  n/a     BUFG/I             n/a            2.155         14.030      11.875     BUFGCTRL_X0Y0   hdmi_out_i/rgb2dvi_0/U0/ClockGenInternal.ClockGenX/PixelClk_BUFG_inst/I
Min Period  n/a     OSERDESE2/CLKDIV   n/a            1.667         14.030      12.363     OLOGIC_X1Y124   hdmi_out_i/rgb2dvi_0/U0/ClockSerializer/SerializerMaster/CLKDIV
Min Period  n/a     OSERDESE2/CLKDIV   n/a            1.667         14.030      12.363     OLOGIC_X1Y123   hdmi_out_i/rgb2dvi_0/U0/ClockSerializer/SerializerSlave/CLKDIV
Min Period  n/a     OSERDESE2/CLKDIV   n/a            1.667         14.030      12.363     OLOGIC_X1Y142   hdmi_out_i/rgb2dvi_0/U0/DataEncoders[0].DataSerializer/SerializerMaster/CLKDIV
Min Period  n/a     OSERDESE2/CLKDIV   n/a            1.667         14.030      12.363     OLOGIC_X1Y141   hdmi_out_i/rgb2dvi_0/U0/DataEncoders[0].DataSerializer/SerializerSlave/CLKDIV
Min Period  n/a     OSERDESE2/CLKDIV   n/a            1.667         14.030      12.363     OLOGIC_X1Y148   hdmi_out_i/rgb2dvi_0/U0/DataEncoders[1].DataSerializer/SerializerMaster/CLKDIV
Min Period  n/a     OSERDESE2/CLKDIV   n/a            1.667         14.030      12.363     OLOGIC_X1Y147   hdmi_out_i/rgb2dvi_0/U0/DataEncoders[1].DataSerializer/SerializerSlave/CLKDIV
Min Period  n/a     OSERDESE2/CLKDIV   n/a            1.667         14.030      12.363     OLOGIC_X1Y146   hdmi_out_i/rgb2dvi_0/U0/DataEncoders[2].DataSerializer/SerializerMaster/CLKDIV
Min Period  n/a     OSERDESE2/CLKDIV   n/a            1.667         14.030      12.363     OLOGIC_X1Y145   hdmi_out_i/rgb2dvi_0/U0/DataEncoders[2].DataSerializer/SerializerSlave/CLKDIV
Min Period  n/a     PLLE2_ADV/CLKOUT1  n/a            1.249         14.030      12.781     PLLE2_ADV_X1Y0  hdmi_out_i/rgb2dvi_0/U0/ClockGenInternal.ClockGenX/GenPLL.DVI_ClkGenerator/CLKOUT1
Max Period  n/a     PLLE2_ADV/CLKOUT1  n/a            160.000       14.030      145.970    PLLE2_ADV_X1Y0  hdmi_out_i/rgb2dvi_0/U0/ClockGenInternal.ClockGenX/GenPLL.DVI_ClkGenerator/CLKOUT1



---------------------------------------------------------------------------------------------------
From Clock:  SerialClkIO
  To Clock:  SerialClkIO

Setup :           NA  Failing Endpoints,  Worst Slack           NA  ,  Total Violation           NA
Hold  :           NA  Failing Endpoints,  Worst Slack           NA  ,  Total Violation           NA
PW    :            0  Failing Endpoints,  Worst Slack        0.651ns,  Total Violation        0.000ns
---------------------------------------------------------------------------------------------------


Pulse Width Checks
--------------------------------------------------------------------------------------
Clock Name:         SerialClkIO
Waveform(ns):       { 0.000 1.403 }
Period(ns):         2.806
Sources:            { hdmi_out_i/rgb2dvi_0/U0/ClockGenInternal.ClockGenX/GenPLL.DVI_ClkGenerator/CLKOUT0 }

Check Type  Corner  Lib Pin            Reference Pin  Required(ns)  Actual(ns)  Slack(ns)  Location        Pin
Min Period  n/a     BUFG/I             n/a            2.155         2.806       0.651      BUFGCTRL_X0Y1   hdmi_out_i/rgb2dvi_0/U0/ClockGenInternal.ClockGenX/SerialClk_BUFG_inst/I
Min Period  n/a     OSERDESE2/CLK      n/a            1.667         2.806       1.139      OLOGIC_X1Y124   hdmi_out_i/rgb2dvi_0/U0/ClockSerializer/SerializerMaster/CLK
Min Period  n/a     OSERDESE2/CLK      n/a            1.667         2.806       1.139      OLOGIC_X1Y123   hdmi_out_i/rgb2dvi_0/U0/ClockSerializer/SerializerSlave/CLK
Min Period  n/a     OSERDESE2/CLK      n/a            1.667         2.806       1.139      OLOGIC_X1Y142   hdmi_out_i/rgb2dvi_0/U0/DataEncoders[0].DataSerializer/SerializerMaster/CLK
Min Period  n/a     OSERDESE2/CLK      n/a            1.667         2.806       1.139      OLOGIC_X1Y141   hdmi_out_i/rgb2dvi_0/U0/DataEncoders[0].DataSerializer/SerializerSlave/CLK
Min Period  n/a     OSERDESE2/CLK      n/a            1.667         2.806       1.139      OLOGIC_X1Y148   hdmi_out_i/rgb2dvi_0/U0/DataEncoders[1].DataSerializer/SerializerMaster/CLK
Min Period  n/a     OSERDESE2/CLK      n/a            1.667         2.806       1.139      OLOGIC_X1Y147   hdmi_out_i/rgb2dvi_0/U0/DataEncoders[1].DataSerializer/SerializerSlave/CLK
Min Period  n/a     OSERDESE2/CLK      n/a            1.667         2.806       1.139      OLOGIC_X1Y146   hdmi_out_i/rgb2dvi_0/U0/DataEncoders[2].DataSerializer/SerializerMaster/CLK
Min Period  n/a     OSERDESE2/CLK      n/a            1.667         2.806       1.139      OLOGIC_X1Y145   hdmi_out_i/rgb2dvi_0/U0/DataEncoders[2].DataSerializer/SerializerSlave/CLK
Min Period  n/a     PLLE2_ADV/CLKOUT0  n/a            1.249         2.806       1.557      PLLE2_ADV_X1Y0  hdmi_out_i/rgb2dvi_0/U0/ClockGenInternal.ClockGenX/GenPLL.DVI_ClkGenerator/CLKOUT0
Max Period  n/a     PLLE2_ADV/CLKOUT0  n/a            160.000       2.806       157.194    PLLE2_ADV_X1Y0  hdmi_out_i/rgb2dvi_0/U0/ClockGenInternal.ClockGenX/GenPLL.DVI_ClkGenerator/CLKOUT0



---------------------------------------------------------------------------------------------------
From Clock:  clkfbout_hdmi_out_clk_wiz_0_0
  To Clock:  clkfbout_hdmi_out_clk_wiz_0_0

Setup :           NA  Failing Endpoints,  Worst Slack           NA  ,  Total Violation           NA
Hold  :           NA  Failing Endpoints,  Worst Slack           NA  ,  Total Violation           NA
PW    :            0  Failing Endpoints,  Worst Slack       39.515ns,  Total Violation        0.000ns
---------------------------------------------------------------------------------------------------


Pulse Width Checks
--------------------------------------------------------------------------------------
Clock Name:         clkfbout_hdmi_out_clk_wiz_0_0
Waveform(ns):       { 0.000 20.835 }
Period(ns):         41.670
Sources:            { hdmi_out_i/clk_wiz_0/inst/mmcm_adv_inst/CLKFBOUT }

Check Type  Corner  Lib Pin              Reference Pin  Required(ns)  Actual(ns)  Slack(ns)  Location         Pin
Min Period  n/a     BUFG/I               n/a            2.155         41.670      39.515     BUFGCTRL_X0Y17   hdmi_out_i/clk_wiz_0/inst/clkf_buf/I
Min Period  n/a     MMCME2_ADV/CLKFBOUT  n/a            1.249         41.670      40.421     MMCME2_ADV_X1Y2  hdmi_out_i/clk_wiz_0/inst/mmcm_adv_inst/CLKFBOUT
Min Period  n/a     MMCME2_ADV/CLKFBIN   n/a            1.249         41.670      40.421     MMCME2_ADV_X1Y2  hdmi_out_i/clk_wiz_0/inst/mmcm_adv_inst/CLKFBIN
Max Period  n/a     MMCME2_ADV/CLKFBIN   n/a            100.000       41.670      58.330     MMCME2_ADV_X1Y2  hdmi_out_i/clk_wiz_0/inst/mmcm_adv_inst/CLKFBIN
Max Period  n/a     MMCME2_ADV/CLKFBOUT  n/a            213.360       41.670      171.690    MMCME2_ADV_X1Y2  hdmi_out_i/clk_wiz_0/inst/mmcm_adv_inst/CLKFBOUT



---------------------------------------------------------------------------------------------------
From Clock:  clk_out1_hdmi_out_clk_wiz_0_0
  To Clock:  PixelClkIO

Setup :            0  Failing Endpoints,  Worst Slack        8.055ns,  Total Violation        0.000ns
Hold  :            0  Failing Endpoints,  Worst Slack        0.165ns,  Total Violation        0.000ns
---------------------------------------------------------------------------------------------------


Max Delay Paths
--------------------------------------------------------------------------------------
Slack (MET) :             8.055ns  (required time - arrival time)
  Source:                 hdmi_out_i/rgb2dvi_0/U0/LockLostReset/SyncAsyncx/oSyncStages_reg[1]/C
                            (rising edge-triggered cell FDPE clocked by clk_out1_hdmi_out_clk_wiz_0_0  {rise@0.000ns fall@7.015ns period=14.030ns})
  Destination:            hdmi_out_i/rgb2dvi_0/U0/DataEncoders[1].DataSerializer/SerializerMaster/RST
                            (rising edge-triggered cell OSERDESE2 clocked by PixelClkIO  {rise@0.000ns fall@7.015ns period=14.030ns})
  Path Group:             PixelClkIO
  Path Type:              Setup (Max at Slow Process Corner)
  Requirement:            14.030ns  (PixelClkIO rise@14.030ns - clk_out1_hdmi_out_clk_wiz_0_0 rise@0.000ns)
  Data Path Delay:        7.930ns  (logic 0.419ns (5.284%)  route 7.511ns (94.716%))
  Logic Levels:           0  
  Clock Path Skew:        3.331ns (DCD - SCD + CPR)
    Destination Clock Delay (DCD):    2.225ns = ( 16.255 - 14.030 ) 
    Source Clock Delay      (SCD):    -0.653ns
    Clock Pessimism Removal (CPR):    0.453ns
  Clock Uncertainty:      0.352ns  ((TSJ^2 + DJ^2)^1/2) / 2 + PE
    Total System Jitter     (TSJ):    0.071ns
    Discrete Jitter          (DJ):    0.120ns
    Phase Error              (PE):    0.283ns

    Location             Delay type                Incr(ns)  Path(ns)    Netlist Resource(s)
  -------------------------------------------------------------------    -------------------
                         (clock clk_out1_hdmi_out_clk_wiz_0_0 rise edge)
                                                      0.000     0.000 r  
    K17                                               0.000     0.000 r  System_clock (IN)
                         net (fo=0)                   0.000     0.000    hdmi_out_i/clk_wiz_0/inst/clk_in1
    K17                  IBUF (Prop_ibuf_I_O)         1.475     1.475 r  hdmi_out_i/clk_wiz_0/inst/clkin1_ibufg/O
                         net (fo=1, routed)           1.285     2.760    hdmi_out_i/clk_wiz_0/inst/clk_in1_hdmi_out_clk_wiz_0_0
    MMCME2_ADV_X1Y2      MMCME2_ADV (Prop_mmcme2_adv_CLKIN1_CLKOUT0)
                                                     -7.759    -4.999 r  hdmi_out_i/clk_wiz_0/inst/mmcm_adv_inst/CLKOUT0
                         net (fo=1, routed)           2.206    -2.793    hdmi_out_i/clk_wiz_0/inst/clk_out1_hdmi_out_clk_wiz_0_0
    BUFGCTRL_X0Y16       BUFG (Prop_bufg_I_O)         0.101    -2.692 r  hdmi_out_i/clk_wiz_0/inst/clkout1_buf/O
                         net (fo=267, routed)         2.039    -0.653    hdmi_out_i/rgb2dvi_0/U0/LockLostReset/SyncAsyncx/PixelClk
    SLICE_X113Y123       FDPE                                         r  hdmi_out_i/rgb2dvi_0/U0/LockLostReset/SyncAsyncx/oSyncStages_reg[1]/C
  -------------------------------------------------------------------    -------------------
    SLICE_X113Y123       FDPE (Prop_fdpe_C_Q)         0.419    -0.234 r  hdmi_out_i/rgb2dvi_0/U0/LockLostReset/SyncAsyncx/oSyncStages_reg[1]/Q
                         net (fo=8, routed)           7.511     7.276    hdmi_out_i/rgb2dvi_0/U0/DataEncoders[1].DataSerializer/out[0]
    OLOGIC_X1Y148        OSERDESE2                                    r  hdmi_out_i/rgb2dvi_0/U0/DataEncoders[1].DataSerializer/SerializerMaster/RST
  -------------------------------------------------------------------    -------------------

                         (clock PixelClkIO rise edge)
                                                     14.030    14.030 r  
    K17                                               0.000    14.030 r  System_clock (IN)
                         net (fo=0)                   0.000    14.030    hdmi_out_i/clk_wiz_0/inst/clk_in1
    K17                  IBUF (Prop_ibuf_I_O)         1.404    15.435 r  hdmi_out_i/clk_wiz_0/inst/clkin1_ibufg/O
                         net (fo=1, routed)           1.162    16.596    hdmi_out_i/clk_wiz_0/inst/clk_in1_hdmi_out_clk_wiz_0_0
    MMCME2_ADV_X1Y2      MMCME2_ADV (Prop_mmcme2_adv_CLKIN1_CLKOUT0)
                                                     -7.814     8.782 r  hdmi_out_i/clk_wiz_0/inst/mmcm_adv_inst/CLKOUT0
                         net (fo=1, routed)           2.012    10.794    hdmi_out_i/clk_wiz_0/inst/clk_out1_hdmi_out_clk_wiz_0_0
    BUFGCTRL_X0Y16       BUFG (Prop_bufg_I_O)         0.091    10.885 r  hdmi_out_i/clk_wiz_0/inst/clkout1_buf/O
                         net (fo=267, routed)         1.634    12.520    hdmi_out_i/rgb2dvi_0/U0/ClockGenInternal.ClockGenX/oSyncStages_reg[0]
    PLLE2_ADV_X1Y0       PLLE2_ADV (Prop_plle2_adv_CLKIN1_CLKOUT1)
                                                      0.083    12.603 r  hdmi_out_i/rgb2dvi_0/U0/ClockGenInternal.ClockGenX/GenPLL.DVI_ClkGenerator/CLKOUT1
                         net (fo=1, routed)           1.720    14.323    hdmi_out_i/rgb2dvi_0/U0/ClockGenInternal.ClockGenX/PixelClk
    BUFGCTRL_X0Y0        BUFG (Prop_bufg_I_O)         0.091    14.414 r  hdmi_out_i/rgb2dvi_0/U0/ClockGenInternal.ClockGenX/PixelClk_BUFG_inst/O
                         net (fo=8, routed)           1.841    16.255    hdmi_out_i/rgb2dvi_0/U0/DataEncoders[1].DataSerializer/PixelClk
    OLOGIC_X1Y148        OSERDESE2                                    r  hdmi_out_i/rgb2dvi_0/U0/DataEncoders[1].DataSerializer/SerializerMaster/CLKDIV
                         clock pessimism              0.453    16.708    
                         clock uncertainty           -0.352    16.356    
    OLOGIC_X1Y148        OSERDESE2 (Setup_oserdese2_CLKDIV_RST)
                                                     -1.024    15.332    hdmi_out_i/rgb2dvi_0/U0/DataEncoders[1].DataSerializer/SerializerMaster
  -------------------------------------------------------------------
                         required time                         15.332    
                         arrival time                          -7.276    
  -------------------------------------------------------------------
                         slack                                  8.055    

Slack (MET) :             8.194ns  (required time - arrival time)
  Source:                 hdmi_out_i/rgb2dvi_0/U0/LockLostReset/SyncAsyncx/oSyncStages_reg[1]/C
                            (rising edge-triggered cell FDPE clocked by clk_out1_hdmi_out_clk_wiz_0_0  {rise@0.000ns fall@7.015ns period=14.030ns})
  Destination:            hdmi_out_i/rgb2dvi_0/U0/DataEncoders[1].DataSerializer/SerializerSlave/RST
                            (rising edge-triggered cell OSERDESE2 clocked by PixelClkIO  {rise@0.000ns fall@7.015ns period=14.030ns})
  Path Group:             PixelClkIO
  Path Type:              Setup (Max at Slow Process Corner)
  Requirement:            14.030ns  (PixelClkIO rise@14.030ns - clk_out1_hdmi_out_clk_wiz_0_0 rise@0.000ns)
  Data Path Delay:        7.791ns  (logic 0.419ns (5.378%)  route 7.372ns (94.622%))
  Logic Levels:           0  
  Clock Path Skew:        3.331ns (DCD - SCD + CPR)
    Destination Clock Delay (DCD):    2.225ns = ( 16.255 - 14.030 ) 
    Source Clock Delay      (SCD):    -0.653ns
    Clock Pessimism Removal (CPR):    0.453ns
  Clock Uncertainty:      0.352ns  ((TSJ^2 + DJ^2)^1/2) / 2 + PE
    Total System Jitter     (TSJ):    0.071ns
    Discrete Jitter          (DJ):    0.120ns
    Phase Error              (PE):    0.283ns

    Location             Delay type                Incr(ns)  Path(ns)    Netlist Resource(s)
  -------------------------------------------------------------------    -------------------
                         (clock clk_out1_hdmi_out_clk_wiz_0_0 rise edge)
                                                      0.000     0.000 r  
    K17                                               0.000     0.000 r  System_clock (IN)
                         net (fo=0)                   0.000     0.000    hdmi_out_i/clk_wiz_0/inst/clk_in1
    K17                  IBUF (Prop_ibuf_I_O)         1.475     1.475 r  hdmi_out_i/clk_wiz_0/inst/clkin1_ibufg/O
                         net (fo=1, routed)           1.285     2.760    hdmi_out_i/clk_wiz_0/inst/clk_in1_hdmi_out_clk_wiz_0_0
    MMCME2_ADV_X1Y2      MMCME2_ADV (Prop_mmcme2_adv_CLKIN1_CLKOUT0)
                                                     -7.759    -4.999 r  hdmi_out_i/clk_wiz_0/inst/mmcm_adv_inst/CLKOUT0
                         net (fo=1, routed)           2.206    -2.793    hdmi_out_i/clk_wiz_0/inst/clk_out1_hdmi_out_clk_wiz_0_0
    BUFGCTRL_X0Y16       BUFG (Prop_bufg_I_O)         0.101    -2.692 r  hdmi_out_i/clk_wiz_0/inst/clkout1_buf/O
                         net (fo=267, routed)         2.039    -0.653    hdmi_out_i/rgb2dvi_0/U0/LockLostReset/SyncAsyncx/PixelClk
    SLICE_X113Y123       FDPE                                         r  hdmi_out_i/rgb2dvi_0/U0/LockLostReset/SyncAsyncx/oSyncStages_reg[1]/C
  -------------------------------------------------------------------    -------------------
    SLICE_X113Y123       FDPE (Prop_fdpe_C_Q)         0.419    -0.234 r  hdmi_out_i/rgb2dvi_0/U0/LockLostReset/SyncAsyncx/oSyncStages_reg[1]/Q
                         net (fo=8, routed)           7.372     7.138    hdmi_out_i/rgb2dvi_0/U0/DataEncoders[1].DataSerializer/out[0]
    OLOGIC_X1Y147        OSERDESE2                                    r  hdmi_out_i/rgb2dvi_0/U0/DataEncoders[1].DataSerializer/SerializerSlave/RST
  -------------------------------------------------------------------    -------------------

                         (clock PixelClkIO rise edge)
                                                     14.030    14.030 r  
    K17                                               0.000    14.030 r  System_clock (IN)
                         net (fo=0)                   0.000    14.030    hdmi_out_i/clk_wiz_0/inst/clk_in1
    K17                  IBUF (Prop_ibuf_I_O)         1.404    15.435 r  hdmi_out_i/clk_wiz_0/inst/clkin1_ibufg/O
                         net (fo=1, routed)           1.162    16.596    hdmi_out_i/clk_wiz_0/inst/clk_in1_hdmi_out_clk_wiz_0_0
    MMCME2_ADV_X1Y2      MMCME2_ADV (Prop_mmcme2_adv_CLKIN1_CLKOUT0)
                                                     -7.814     8.782 r  hdmi_out_i/clk_wiz_0/inst/mmcm_adv_inst/CLKOUT0
                         net (fo=1, routed)           2.012    10.794    hdmi_out_i/clk_wiz_0/inst/clk_out1_hdmi_out_clk_wiz_0_0
    BUFGCTRL_X0Y16       BUFG (Prop_bufg_I_O)         0.091    10.885 r  hdmi_out_i/clk_wiz_0/inst/clkout1_buf/O
                         net (fo=267, routed)         1.634    12.520    hdmi_out_i/rgb2dvi_0/U0/ClockGenInternal.ClockGenX/oSyncStages_reg[0]
    PLLE2_ADV_X1Y0       PLLE2_ADV (Prop_plle2_adv_CLKIN1_CLKOUT1)
                                                      0.083    12.603 r  hdmi_out_i/rgb2dvi_0/U0/ClockGenInternal.ClockGenX/GenPLL.DVI_ClkGenerator/CLKOUT1
                         net (fo=1, routed)           1.720    14.323    hdmi_out_i/rgb2dvi_0/U0/ClockGenInternal.ClockGenX/PixelClk
    BUFGCTRL_X0Y0        BUFG (Prop_bufg_I_O)         0.091    14.414 r  hdmi_out_i/rgb2dvi_0/U0/ClockGenInternal.ClockGenX/PixelClk_BUFG_inst/O
                         net (fo=8, routed)           1.841    16.255    hdmi_out_i/rgb2dvi_0/U0/DataEncoders[1].DataSerializer/PixelClk
    OLOGIC_X1Y147        OSERDESE2                                    r  hdmi_out_i/rgb2dvi_0/U0/DataEncoders[1].DataSerializer/SerializerSlave/CLKDIV
                         clock pessimism              0.453    16.708    
                         clock uncertainty           -0.352    16.356    
    OLOGIC_X1Y147        OSERDESE2 (Setup_oserdese2_CLKDIV_RST)
                                                     -1.024    15.332    hdmi_out_i/rgb2dvi_0/U0/DataEncoders[1].DataSerializer/SerializerSlave
  -------------------------------------------------------------------
                         required time                         15.332    
                         arrival time                          -7.138    
  -------------------------------------------------------------------
                         slack                                  8.194    

Slack (MET) :             8.341ns  (required time - arrival time)
  Source:                 hdmi_out_i/rgb2dvi_0/U0/LockLostReset/SyncAsyncx/oSyncStages_reg[1]/C
                            (rising edge-triggered cell FDPE clocked by clk_out1_hdmi_out_clk_wiz_0_0  {rise@0.000ns fall@7.015ns period=14.030ns})
  Destination:            hdmi_out_i/rgb2dvi_0/U0/DataEncoders[2].DataSerializer/SerializerMaster/RST
                            (rising edge-triggered cell OSERDESE2 clocked by PixelClkIO  {rise@0.000ns fall@7.015ns period=14.030ns})
  Path Group:             PixelClkIO
  Path Type:              Setup (Max at Slow Process Corner)
  Requirement:            14.030ns  (PixelClkIO rise@14.030ns - clk_out1_hdmi_out_clk_wiz_0_0 rise@0.000ns)
  Data Path Delay:        7.643ns  (logic 0.419ns (5.482%)  route 7.224ns (94.518%))
  Logic Levels:           0  
  Clock Path Skew:        3.330ns (DCD - SCD + CPR)
    Destination Clock Delay (DCD):    2.224ns = ( 16.254 - 14.030 ) 
    Source Clock Delay      (SCD):    -0.653ns
    Clock Pessimism Removal (CPR):    0.453ns
  Clock Uncertainty:      0.352ns  ((TSJ^2 + DJ^2)^1/2) / 2 + PE
    Total System Jitter     (TSJ):    0.071ns
    Discrete Jitter          (DJ):    0.120ns
    Phase Error              (PE):    0.283ns

    Location             Delay type                Incr(ns)  Path(ns)    Netlist Resource(s)
  -------------------------------------------------------------------    -------------------
                         (clock clk_out1_hdmi_out_clk_wiz_0_0 rise edge)
                                                      0.000     0.000 r  
    K17                                               0.000     0.000 r  System_clock (IN)
                         net (fo=0)                   0.000     0.000    hdmi_out_i/clk_wiz_0/inst/clk_in1
    K17                  IBUF (Prop_ibuf_I_O)         1.475     1.475 r  hdmi_out_i/clk_wiz_0/inst/clkin1_ibufg/O
                         net (fo=1, routed)           1.285     2.760    hdmi_out_i/clk_wiz_0/inst/clk_in1_hdmi_out_clk_wiz_0_0
    MMCME2_ADV_X1Y2      MMCME2_ADV (Prop_mmcme2_adv_CLKIN1_CLKOUT0)
                                                     -7.759    -4.999 r  hdmi_out_i/clk_wiz_0/inst/mmcm_adv_inst/CLKOUT0
                         net (fo=1, routed)           2.206    -2.793    hdmi_out_i/clk_wiz_0/inst/clk_out1_hdmi_out_clk_wiz_0_0
    BUFGCTRL_X0Y16       BUFG (Prop_bufg_I_O)         0.101    -2.692 r  hdmi_out_i/clk_wiz_0/inst/clkout1_buf/O
                         net (fo=267, routed)         2.039    -0.653    hdmi_out_i/rgb2dvi_0/U0/LockLostReset/SyncAsyncx/PixelClk
    SLICE_X113Y123       FDPE                                         r  hdmi_out_i/rgb2dvi_0/U0/LockLostReset/SyncAsyncx/oSyncStages_reg[1]/C
  -------------------------------------------------------------------    -------------------
    SLICE_X113Y123       FDPE (Prop_fdpe_C_Q)         0.419    -0.234 r  hdmi_out_i/rgb2dvi_0/U0/LockLostReset/SyncAsyncx/oSyncStages_reg[1]/Q
                         net (fo=8, routed)           7.224     6.990    hdmi_out_i/rgb2dvi_0/U0/DataEncoders[2].DataSerializer/out[0]
    OLOGIC_X1Y146        OSERDESE2                                    r  hdmi_out_i/rgb2dvi_0/U0/DataEncoders[2].DataSerializer/SerializerMaster/RST
  -------------------------------------------------------------------    -------------------

                         (clock PixelClkIO rise edge)
                                                     14.030    14.030 r  
    K17                                               0.000    14.030 r  System_clock (IN)
                         net (fo=0)                   0.000    14.030    hdmi_out_i/clk_wiz_0/inst/clk_in1
    K17                  IBUF (Prop_ibuf_I_O)         1.404    15.435 r  hdmi_out_i/clk_wiz_0/inst/clkin1_ibufg/O
                         net (fo=1, routed)           1.162    16.596    hdmi_out_i/clk_wiz_0/inst/clk_in1_hdmi_out_clk_wiz_0_0
    MMCME2_ADV_X1Y2      MMCME2_ADV (Prop_mmcme2_adv_CLKIN1_CLKOUT0)
                                                     -7.814     8.782 r  hdmi_out_i/clk_wiz_0/inst/mmcm_adv_inst/CLKOUT0
                         net (fo=1, routed)           2.012    10.794    hdmi_out_i/clk_wiz_0/inst/clk_out1_hdmi_out_clk_wiz_0_0
    BUFGCTRL_X0Y16       BUFG (Prop_bufg_I_O)         0.091    10.885 r  hdmi_out_i/clk_wiz_0/inst/clkout1_buf/O
                         net (fo=267, routed)         1.634    12.520    hdmi_out_i/rgb2dvi_0/U0/ClockGenInternal.ClockGenX/oSyncStages_reg[0]
    PLLE2_ADV_X1Y0       PLLE2_ADV (Prop_plle2_adv_CLKIN1_CLKOUT1)
                                                      0.083    12.603 r  hdmi_out_i/rgb2dvi_0/U0/ClockGenInternal.ClockGenX/GenPLL.DVI_ClkGenerator/CLKOUT1
                         net (fo=1, routed)           1.720    14.323    hdmi_out_i/rgb2dvi_0/U0/ClockGenInternal.ClockGenX/PixelClk
    BUFGCTRL_X0Y0        BUFG (Prop_bufg_I_O)         0.091    14.414 r  hdmi_out_i/rgb2dvi_0/U0/ClockGenInternal.ClockGenX/PixelClk_BUFG_inst/O
                         net (fo=8, routed)           1.840    16.254    hdmi_out_i/rgb2dvi_0/U0/DataEncoders[2].DataSerializer/PixelClk
    OLOGIC_X1Y146        OSERDESE2                                    r  hdmi_out_i/rgb2dvi_0/U0/DataEncoders[2].DataSerializer/SerializerMaster/CLKDIV
                         clock pessimism              0.453    16.707    
                         clock uncertainty           -0.352    16.355    
    OLOGIC_X1Y146        OSERDESE2 (Setup_oserdese2_CLKDIV_RST)
                                                     -1.024    15.331    hdmi_out_i/rgb2dvi_0/U0/DataEncoders[2].DataSerializer/SerializerMaster
  -------------------------------------------------------------------
                         required time                         15.331    
                         arrival time                          -6.990    
  -------------------------------------------------------------------
                         slack                                  8.341    

Slack (MET) :             8.489ns  (required time - arrival time)
  Source:                 hdmi_out_i/rgb2dvi_0/U0/LockLostReset/SyncAsyncx/oSyncStages_reg[1]/C
                            (rising edge-triggered cell FDPE clocked by clk_out1_hdmi_out_clk_wiz_0_0  {rise@0.000ns fall@7.015ns period=14.030ns})
  Destination:            hdmi_out_i/rgb2dvi_0/U0/DataEncoders[2].DataSerializer/SerializerSlave/RST
                            (rising edge-triggered cell OSERDESE2 clocked by PixelClkIO  {rise@0.000ns fall@7.015ns period=14.030ns})
  Path Group:             PixelClkIO
  Path Type:              Setup (Max at Slow Process Corner)
  Requirement:            14.030ns  (PixelClkIO rise@14.030ns - clk_out1_hdmi_out_clk_wiz_0_0 rise@0.000ns)
  Data Path Delay:        7.495ns  (logic 0.419ns (5.591%)  route 7.076ns (94.409%))
  Logic Levels:           0  
  Clock Path Skew:        3.330ns (DCD - SCD + CPR)
    Destination Clock Delay (DCD):    2.224ns = ( 16.254 - 14.030 ) 
    Source Clock Delay      (SCD):    -0.653ns
    Clock Pessimism Removal (CPR):    0.453ns
  Clock Uncertainty:      0.352ns  ((TSJ^2 + DJ^2)^1/2) / 2 + PE
    Total System Jitter     (TSJ):    0.071ns
    Discrete Jitter          (DJ):    0.120ns
    Phase Error              (PE):    0.283ns

    Location             Delay type                Incr(ns)  Path(ns)    Netlist Resource(s)
  -------------------------------------------------------------------    -------------------
                         (clock clk_out1_hdmi_out_clk_wiz_0_0 rise edge)
                                                      0.000     0.000 r  
    K17                                               0.000     0.000 r  System_clock (IN)
                         net (fo=0)                   0.000     0.000    hdmi_out_i/clk_wiz_0/inst/clk_in1
    K17                  IBUF (Prop_ibuf_I_O)         1.475     1.475 r  hdmi_out_i/clk_wiz_0/inst/clkin1_ibufg/O
                         net (fo=1, routed)           1.285     2.760    hdmi_out_i/clk_wiz_0/inst/clk_in1_hdmi_out_clk_wiz_0_0
    MMCME2_ADV_X1Y2      MMCME2_ADV (Prop_mmcme2_adv_CLKIN1_CLKOUT0)
                                                     -7.759    -4.999 r  hdmi_out_i/clk_wiz_0/inst/mmcm_adv_inst/CLKOUT0
                         net (fo=1, routed)           2.206    -2.793    hdmi_out_i/clk_wiz_0/inst/clk_out1_hdmi_out_clk_wiz_0_0
    BUFGCTRL_X0Y16       BUFG (Prop_bufg_I_O)         0.101    -2.692 r  hdmi_out_i/clk_wiz_0/inst/clkout1_buf/O
                         net (fo=267, routed)         2.039    -0.653    hdmi_out_i/rgb2dvi_0/U0/LockLostReset/SyncAsyncx/PixelClk
    SLICE_X113Y123       FDPE                                         r  hdmi_out_i/rgb2dvi_0/U0/LockLostReset/SyncAsyncx/oSyncStages_reg[1]/C
  -------------------------------------------------------------------    -------------------
    SLICE_X113Y123       FDPE (Prop_fdpe_C_Q)         0.419    -0.234 r  hdmi_out_i/rgb2dvi_0/U0/LockLostReset/SyncAsyncx/oSyncStages_reg[1]/Q
                         net (fo=8, routed)           7.076     6.841    hdmi_out_i/rgb2dvi_0/U0/DataEncoders[2].DataSerializer/out[0]
    OLOGIC_X1Y145        OSERDESE2                                    r  hdmi_out_i/rgb2dvi_0/U0/DataEncoders[2].DataSerializer/SerializerSlave/RST
  -------------------------------------------------------------------    -------------------

                         (clock PixelClkIO rise edge)
                                                     14.030    14.030 r  
    K17                                               0.000    14.030 r  System_clock (IN)
                         net (fo=0)                   0.000    14.030    hdmi_out_i/clk_wiz_0/inst/clk_in1
    K17                  IBUF (Prop_ibuf_I_O)         1.404    15.435 r  hdmi_out_i/clk_wiz_0/inst/clkin1_ibufg/O
                         net (fo=1, routed)           1.162    16.596    hdmi_out_i/clk_wiz_0/inst/clk_in1_hdmi_out_clk_wiz_0_0
    MMCME2_ADV_X1Y2      MMCME2_ADV (Prop_mmcme2_adv_CLKIN1_CLKOUT0)
                                                     -7.814     8.782 r  hdmi_out_i/clk_wiz_0/inst/mmcm_adv_inst/CLKOUT0
                         net (fo=1, routed)           2.012    10.794    hdmi_out_i/clk_wiz_0/inst/clk_out1_hdmi_out_clk_wiz_0_0
    BUFGCTRL_X0Y16       BUFG (Prop_bufg_I_O)         0.091    10.885 r  hdmi_out_i/clk_wiz_0/inst/clkout1_buf/O
                         net (fo=267, routed)         1.634    12.520    hdmi_out_i/rgb2dvi_0/U0/ClockGenInternal.ClockGenX/oSyncStages_reg[0]
    PLLE2_ADV_X1Y0       PLLE2_ADV (Prop_plle2_adv_CLKIN1_CLKOUT1)
                                                      0.083    12.603 r  hdmi_out_i/rgb2dvi_0/U0/ClockGenInternal.ClockGenX/GenPLL.DVI_ClkGenerator/CLKOUT1
                         net (fo=1, routed)           1.720    14.323    hdmi_out_i/rgb2dvi_0/U0/ClockGenInternal.ClockGenX/PixelClk
    BUFGCTRL_X0Y0        BUFG (Prop_bufg_I_O)         0.091    14.414 r  hdmi_out_i/rgb2dvi_0/U0/ClockGenInternal.ClockGenX/PixelClk_BUFG_inst/O
                         net (fo=8, routed)           1.840    16.254    hdmi_out_i/rgb2dvi_0/U0/DataEncoders[2].DataSerializer/PixelClk
    OLOGIC_X1Y145        OSERDESE2                                    r  hdmi_out_i/rgb2dvi_0/U0/DataEncoders[2].DataSerializer/SerializerSlave/CLKDIV
                         clock pessimism              0.453    16.707    
                         clock uncertainty           -0.352    16.355    
    OLOGIC_X1Y145        OSERDESE2 (Setup_oserdese2_CLKDIV_RST)
                                                     -1.024    15.331    hdmi_out_i/rgb2dvi_0/U0/DataEncoders[2].DataSerializer/SerializerSlave
  -------------------------------------------------------------------
                         required time                         15.331    
                         arrival time                          -6.841    
  -------------------------------------------------------------------
                         slack                                  8.489    

Slack (MET) :             8.630ns  (required time - arrival time)
  Source:                 hdmi_out_i/rgb2dvi_0/U0/LockLostReset/SyncAsyncx/oSyncStages_reg[1]/C
                            (rising edge-triggered cell FDPE clocked by clk_out1_hdmi_out_clk_wiz_0_0  {rise@0.000ns fall@7.015ns period=14.030ns})
  Destination:            hdmi_out_i/rgb2dvi_0/U0/DataEncoders[0].DataSerializer/SerializerMaster/RST
                            (rising edge-triggered cell OSERDESE2 clocked by PixelClkIO  {rise@0.000ns fall@7.015ns period=14.030ns})
  Path Group:             PixelClkIO
  Path Type:              Setup (Max at Slow Process Corner)
  Requirement:            14.030ns  (PixelClkIO rise@14.030ns - clk_out1_hdmi_out_clk_wiz_0_0 rise@0.000ns)
  Data Path Delay:        7.353ns  (logic 0.419ns (5.698%)  route 6.934ns (94.302%))
  Logic Levels:           0  
  Clock Path Skew:        3.329ns (DCD - SCD + CPR)
    Destination Clock Delay (DCD):    2.223ns = ( 16.253 - 14.030 ) 
    Source Clock Delay      (SCD):    -0.653ns
    Clock Pessimism Removal (CPR):    0.453ns
  Clock Uncertainty:      0.352ns  ((TSJ^2 + DJ^2)^1/2) / 2 + PE
    Total System Jitter     (TSJ):    0.071ns
    Discrete Jitter          (DJ):    0.120ns
    Phase Error              (PE):    0.283ns

    Location             Delay type                Incr(ns)  Path(ns)    Netlist Resource(s)
  -------------------------------------------------------------------    -------------------
                         (clock clk_out1_hdmi_out_clk_wiz_0_0 rise edge)
                                                      0.000     0.000 r  
    K17                                               0.000     0.000 r  System_clock (IN)
                         net (fo=0)                   0.000     0.000    hdmi_out_i/clk_wiz_0/inst/clk_in1
    K17                  IBUF (Prop_ibuf_I_O)         1.475     1.475 r  hdmi_out_i/clk_wiz_0/inst/clkin1_ibufg/O
                         net (fo=1, routed)           1.285     2.760    hdmi_out_i/clk_wiz_0/inst/clk_in1_hdmi_out_clk_wiz_0_0
    MMCME2_ADV_X1Y2      MMCME2_ADV (Prop_mmcme2_adv_CLKIN1_CLKOUT0)
                                                     -7.759    -4.999 r  hdmi_out_i/clk_wiz_0/inst/mmcm_adv_inst/CLKOUT0
                         net (fo=1, routed)           2.206    -2.793    hdmi_out_i/clk_wiz_0/inst/clk_out1_hdmi_out_clk_wiz_0_0
    BUFGCTRL_X0Y16       BUFG (Prop_bufg_I_O)         0.101    -2.692 r  hdmi_out_i/clk_wiz_0/inst/clkout1_buf/O
                         net (fo=267, routed)         2.039    -0.653    hdmi_out_i/rgb2dvi_0/U0/LockLostReset/SyncAsyncx/PixelClk
    SLICE_X113Y123       FDPE                                         r  hdmi_out_i/rgb2dvi_0/U0/LockLostReset/SyncAsyncx/oSyncStages_reg[1]/C
  -------------------------------------------------------------------    -------------------
    SLICE_X113Y123       FDPE (Prop_fdpe_C_Q)         0.419    -0.234 r  hdmi_out_i/rgb2dvi_0/U0/LockLostReset/SyncAsyncx/oSyncStages_reg[1]/Q
                         net (fo=8, routed)           6.934     6.700    hdmi_out_i/rgb2dvi_0/U0/DataEncoders[0].DataSerializer/aRst
    OLOGIC_X1Y142        OSERDESE2                                    r  hdmi_out_i/rgb2dvi_0/U0/DataEncoders[0].DataSerializer/SerializerMaster/RST
  -------------------------------------------------------------------    -------------------

                         (clock PixelClkIO rise edge)
                                                     14.030    14.030 r  
    K17                                               0.000    14.030 r  System_clock (IN)
                         net (fo=0)                   0.000    14.030    hdmi_out_i/clk_wiz_0/inst/clk_in1
    K17                  IBUF (Prop_ibuf_I_O)         1.404    15.435 r  hdmi_out_i/clk_wiz_0/inst/clkin1_ibufg/O
                         net (fo=1, routed)           1.162    16.596    hdmi_out_i/clk_wiz_0/inst/clk_in1_hdmi_out_clk_wiz_0_0
    MMCME2_ADV_X1Y2      MMCME2_ADV (Prop_mmcme2_adv_CLKIN1_CLKOUT0)
                                                     -7.814     8.782 r  hdmi_out_i/clk_wiz_0/inst/mmcm_adv_inst/CLKOUT0
                         net (fo=1, routed)           2.012    10.794    hdmi_out_i/clk_wiz_0/inst/clk_out1_hdmi_out_clk_wiz_0_0
    BUFGCTRL_X0Y16       BUFG (Prop_bufg_I_O)         0.091    10.885 r  hdmi_out_i/clk_wiz_0/inst/clkout1_buf/O
                         net (fo=267, routed)         1.634    12.520    hdmi_out_i/rgb2dvi_0/U0/ClockGenInternal.ClockGenX/oSyncStages_reg[0]
    PLLE2_ADV_X1Y0       PLLE2_ADV (Prop_plle2_adv_CLKIN1_CLKOUT1)
                                                      0.083    12.603 r  hdmi_out_i/rgb2dvi_0/U0/ClockGenInternal.ClockGenX/GenPLL.DVI_ClkGenerator/CLKOUT1
                         net (fo=1, routed)           1.720    14.323    hdmi_out_i/rgb2dvi_0/U0/ClockGenInternal.ClockGenX/PixelClk
    BUFGCTRL_X0Y0        BUFG (Prop_bufg_I_O)         0.091    14.414 r  hdmi_out_i/rgb2dvi_0/U0/ClockGenInternal.ClockGenX/PixelClk_BUFG_inst/O
                         net (fo=8, routed)           1.839    16.253    hdmi_out_i/rgb2dvi_0/U0/DataEncoders[0].DataSerializer/PixelClk
    OLOGIC_X1Y142        OSERDESE2                                    r  hdmi_out_i/rgb2dvi_0/U0/DataEncoders[0].DataSerializer/SerializerMaster/CLKDIV
                         clock pessimism              0.453    16.706    
                         clock uncertainty           -0.352    16.354    
    OLOGIC_X1Y142        OSERDESE2 (Setup_oserdese2_CLKDIV_RST)
                                                     -1.024    15.330    hdmi_out_i/rgb2dvi_0/U0/DataEncoders[0].DataSerializer/SerializerMaster
  -------------------------------------------------------------------
                         required time                         15.330    
                         arrival time                          -6.700    
  -------------------------------------------------------------------
                         slack                                  8.630    

Slack (MET) :             8.847ns  (required time - arrival time)
  Source:                 hdmi_out_i/rgb2dvi_0/U0/LockLostReset/SyncAsyncx/oSyncStages_reg[1]/C
                            (rising edge-triggered cell FDPE clocked by clk_out1_hdmi_out_clk_wiz_0_0  {rise@0.000ns fall@7.015ns period=14.030ns})
  Destination:            hdmi_out_i/rgb2dvi_0/U0/ClockSerializer/SerializerMaster/RST
                            (rising edge-triggered cell OSERDESE2 clocked by PixelClkIO  {rise@0.000ns fall@7.015ns period=14.030ns})
  Path Group:             PixelClkIO
  Path Type:              Setup (Max at Slow Process Corner)
  Requirement:            14.030ns  (PixelClkIO rise@14.030ns - clk_out1_hdmi_out_clk_wiz_0_0 rise@0.000ns)
  Data Path Delay:        7.124ns  (logic 0.419ns (5.881%)  route 6.705ns (94.119%))
  Logic Levels:           0  
  Clock Path Skew:        3.317ns (DCD - SCD + CPR)
    Destination Clock Delay (DCD):    2.211ns = ( 16.241 - 14.030 ) 
    Source Clock Delay      (SCD):    -0.653ns
    Clock Pessimism Removal (CPR):    0.453ns
  Clock Uncertainty:      0.352ns  ((TSJ^2 + DJ^2)^1/2) / 2 + PE
    Total System Jitter     (TSJ):    0.071ns
    Discrete Jitter          (DJ):    0.120ns
    Phase Error              (PE):    0.283ns

    Location             Delay type                Incr(ns)  Path(ns)    Netlist Resource(s)
  -------------------------------------------------------------------    -------------------
                         (clock clk_out1_hdmi_out_clk_wiz_0_0 rise edge)
                                                      0.000     0.000 r  
    K17                                               0.000     0.000 r  System_clock (IN)
                         net (fo=0)                   0.000     0.000    hdmi_out_i/clk_wiz_0/inst/clk_in1
    K17                  IBUF (Prop_ibuf_I_O)         1.475     1.475 r  hdmi_out_i/clk_wiz_0/inst/clkin1_ibufg/O
                         net (fo=1, routed)           1.285     2.760    hdmi_out_i/clk_wiz_0/inst/clk_in1_hdmi_out_clk_wiz_0_0
    MMCME2_ADV_X1Y2      MMCME2_ADV (Prop_mmcme2_adv_CLKIN1_CLKOUT0)
                                                     -7.759    -4.999 r  hdmi_out_i/clk_wiz_0/inst/mmcm_adv_inst/CLKOUT0
                         net (fo=1, routed)           2.206    -2.793    hdmi_out_i/clk_wiz_0/inst/clk_out1_hdmi_out_clk_wiz_0_0
    BUFGCTRL_X0Y16       BUFG (Prop_bufg_I_O)         0.101    -2.692 r  hdmi_out_i/clk_wiz_0/inst/clkout1_buf/O
                         net (fo=267, routed)         2.039    -0.653    hdmi_out_i/rgb2dvi_0/U0/LockLostReset/SyncAsyncx/PixelClk
    SLICE_X113Y123       FDPE                                         r  hdmi_out_i/rgb2dvi_0/U0/LockLostReset/SyncAsyncx/oSyncStages_reg[1]/C
  -------------------------------------------------------------------    -------------------
    SLICE_X113Y123       FDPE (Prop_fdpe_C_Q)         0.419    -0.234 r  hdmi_out_i/rgb2dvi_0/U0/LockLostReset/SyncAsyncx/oSyncStages_reg[1]/Q
                         net (fo=8, routed)           6.705     6.471    hdmi_out_i/rgb2dvi_0/U0/ClockSerializer/aRst
    OLOGIC_X1Y124        OSERDESE2                                    r  hdmi_out_i/rgb2dvi_0/U0/ClockSerializer/SerializerMaster/RST
  -------------------------------------------------------------------    -------------------

                         (clock PixelClkIO rise edge)
                                                     14.030    14.030 r  
    K17                                               0.000    14.030 r  System_clock (IN)
                         net (fo=0)                   0.000    14.030    hdmi_out_i/clk_wiz_0/inst/clk_in1
    K17                  IBUF (Prop_ibuf_I_O)         1.404    15.435 r  hdmi_out_i/clk_wiz_0/inst/clkin1_ibufg/O
                         net (fo=1, routed)           1.162    16.596    hdmi_out_i/clk_wiz_0/inst/clk_in1_hdmi_out_clk_wiz_0_0
    MMCME2_ADV_X1Y2      MMCME2_ADV (Prop_mmcme2_adv_CLKIN1_CLKOUT0)
                                                     -7.814     8.782 r  hdmi_out_i/clk_wiz_0/inst/mmcm_adv_inst/CLKOUT0
                         net (fo=1, routed)           2.012    10.794    hdmi_out_i/clk_wiz_0/inst/clk_out1_hdmi_out_clk_wiz_0_0
    BUFGCTRL_X0Y16       BUFG (Prop_bufg_I_O)         0.091    10.885 r  hdmi_out_i/clk_wiz_0/inst/clkout1_buf/O
                         net (fo=267, routed)         1.634    12.520    hdmi_out_i/rgb2dvi_0/U0/ClockGenInternal.ClockGenX/oSyncStages_reg[0]
    PLLE2_ADV_X1Y0       PLLE2_ADV (Prop_plle2_adv_CLKIN1_CLKOUT1)
                                                      0.083    12.603 r  hdmi_out_i/rgb2dvi_0/U0/ClockGenInternal.ClockGenX/GenPLL.DVI_ClkGenerator/CLKOUT1
                         net (fo=1, routed)           1.720    14.323    hdmi_out_i/rgb2dvi_0/U0/ClockGenInternal.ClockGenX/PixelClk
    BUFGCTRL_X0Y0        BUFG (Prop_bufg_I_O)         0.091    14.414 r  hdmi_out_i/rgb2dvi_0/U0/ClockGenInternal.ClockGenX/PixelClk_BUFG_inst/O
                         net (fo=8, routed)           1.827    16.241    hdmi_out_i/rgb2dvi_0/U0/ClockSerializer/PixelClk
    OLOGIC_X1Y124        OSERDESE2                                    r  hdmi_out_i/rgb2dvi_0/U0/ClockSerializer/SerializerMaster/CLKDIV
                         clock pessimism              0.453    16.694    
                         clock uncertainty           -0.352    16.342    
    OLOGIC_X1Y124        OSERDESE2 (Setup_oserdese2_CLKDIV_RST)
                                                     -1.024    15.318    hdmi_out_i/rgb2dvi_0/U0/ClockSerializer/SerializerMaster
  -------------------------------------------------------------------
                         required time                         15.318    
                         arrival time                          -6.471    
  -------------------------------------------------------------------
                         slack                                  8.847    

Slack (MET) :             8.930ns  (required time - arrival time)
  Source:                 hdmi_out_i/rgb2dvi_0/U0/LockLostReset/SyncAsyncx/oSyncStages_reg[1]/C
                            (rising edge-triggered cell FDPE clocked by clk_out1_hdmi_out_clk_wiz_0_0  {rise@0.000ns fall@7.015ns period=14.030ns})
  Destination:            hdmi_out_i/rgb2dvi_0/U0/DataEncoders[0].DataSerializer/SerializerSlave/RST
                            (rising edge-triggered cell OSERDESE2 clocked by PixelClkIO  {rise@0.000ns fall@7.015ns period=14.030ns})
  Path Group:             PixelClkIO
  Path Type:              Setup (Max at Slow Process Corner)
  Requirement:            14.030ns  (PixelClkIO rise@14.030ns - clk_out1_hdmi_out_clk_wiz_0_0 rise@0.000ns)
  Data Path Delay:        7.052ns  (logic 0.419ns (5.941%)  route 6.633ns (94.059%))
  Logic Levels:           0  
  Clock Path Skew:        3.329ns (DCD - SCD + CPR)
    Destination Clock Delay (DCD):    2.223ns = ( 16.253 - 14.030 ) 
    Source Clock Delay      (SCD):    -0.653ns
    Clock Pessimism Removal (CPR):    0.453ns
  Clock Uncertainty:      0.352ns  ((TSJ^2 + DJ^2)^1/2) / 2 + PE
    Total System Jitter     (TSJ):    0.071ns
    Discrete Jitter          (DJ):    0.120ns
    Phase Error              (PE):    0.283ns

    Location             Delay type                Incr(ns)  Path(ns)    Netlist Resource(s)
  -------------------------------------------------------------------    -------------------
                         (clock clk_out1_hdmi_out_clk_wiz_0_0 rise edge)
                                                      0.000     0.000 r  
    K17                                               0.000     0.000 r  System_clock (IN)
                         net (fo=0)                   0.000     0.000    hdmi_out_i/clk_wiz_0/inst/clk_in1
    K17                  IBUF (Prop_ibuf_I_O)         1.475     1.475 r  hdmi_out_i/clk_wiz_0/inst/clkin1_ibufg/O
                         net (fo=1, routed)           1.285     2.760    hdmi_out_i/clk_wiz_0/inst/clk_in1_hdmi_out_clk_wiz_0_0
    MMCME2_ADV_X1Y2      MMCME2_ADV (Prop_mmcme2_adv_CLKIN1_CLKOUT0)
                                                     -7.759    -4.999 r  hdmi_out_i/clk_wiz_0/inst/mmcm_adv_inst/CLKOUT0
                         net (fo=1, routed)           2.206    -2.793    hdmi_out_i/clk_wiz_0/inst/clk_out1_hdmi_out_clk_wiz_0_0
    BUFGCTRL_X0Y16       BUFG (Prop_bufg_I_O)         0.101    -2.692 r  hdmi_out_i/clk_wiz_0/inst/clkout1_buf/O
                         net (fo=267, routed)         2.039    -0.653    hdmi_out_i/rgb2dvi_0/U0/LockLostReset/SyncAsyncx/PixelClk
    SLICE_X113Y123       FDPE                                         r  hdmi_out_i/rgb2dvi_0/U0/LockLostReset/SyncAsyncx/oSyncStages_reg[1]/C
  -------------------------------------------------------------------    -------------------
    SLICE_X113Y123       FDPE (Prop_fdpe_C_Q)         0.419    -0.234 r  hdmi_out_i/rgb2dvi_0/U0/LockLostReset/SyncAsyncx/oSyncStages_reg[1]/Q
                         net (fo=8, routed)           6.633     6.399    hdmi_out_i/rgb2dvi_0/U0/DataEncoders[0].DataSerializer/aRst
    OLOGIC_X1Y141        OSERDESE2                                    r  hdmi_out_i/rgb2dvi_0/U0/DataEncoders[0].DataSerializer/SerializerSlave/RST
  -------------------------------------------------------------------    -------------------

                         (clock PixelClkIO rise edge)
                                                     14.030    14.030 r  
    K17                                               0.000    14.030 r  System_clock (IN)
                         net (fo=0)                   0.000    14.030    hdmi_out_i/clk_wiz_0/inst/clk_in1
    K17                  IBUF (Prop_ibuf_I_O)         1.404    15.435 r  hdmi_out_i/clk_wiz_0/inst/clkin1_ibufg/O
                         net (fo=1, routed)           1.162    16.596    hdmi_out_i/clk_wiz_0/inst/clk_in1_hdmi_out_clk_wiz_0_0
    MMCME2_ADV_X1Y2      MMCME2_ADV (Prop_mmcme2_adv_CLKIN1_CLKOUT0)
                                                     -7.814     8.782 r  hdmi_out_i/clk_wiz_0/inst/mmcm_adv_inst/CLKOUT0
                         net (fo=1, routed)           2.012    10.794    hdmi_out_i/clk_wiz_0/inst/clk_out1_hdmi_out_clk_wiz_0_0
    BUFGCTRL_X0Y16       BUFG (Prop_bufg_I_O)         0.091    10.885 r  hdmi_out_i/clk_wiz_0/inst/clkout1_buf/O
                         net (fo=267, routed)         1.634    12.520    hdmi_out_i/rgb2dvi_0/U0/ClockGenInternal.ClockGenX/oSyncStages_reg[0]
    PLLE2_ADV_X1Y0       PLLE2_ADV (Prop_plle2_adv_CLKIN1_CLKOUT1)
                                                      0.083    12.603 r  hdmi_out_i/rgb2dvi_0/U0/ClockGenInternal.ClockGenX/GenPLL.DVI_ClkGenerator/CLKOUT1
                         net (fo=1, routed)           1.720    14.323    hdmi_out_i/rgb2dvi_0/U0/ClockGenInternal.ClockGenX/PixelClk
    BUFGCTRL_X0Y0        BUFG (Prop_bufg_I_O)         0.091    14.414 r  hdmi_out_i/rgb2dvi_0/U0/ClockGenInternal.ClockGenX/PixelClk_BUFG_inst/O
                         net (fo=8, routed)           1.839    16.253    hdmi_out_i/rgb2dvi_0/U0/DataEncoders[0].DataSerializer/PixelClk
    OLOGIC_X1Y141        OSERDESE2                                    r  hdmi_out_i/rgb2dvi_0/U0/DataEncoders[0].DataSerializer/SerializerSlave/CLKDIV
                         clock pessimism              0.453    16.706    
                         clock uncertainty           -0.352    16.354    
    OLOGIC_X1Y141        OSERDESE2 (Setup_oserdese2_CLKDIV_RST)
                                                     -1.024    15.330    hdmi_out_i/rgb2dvi_0/U0/DataEncoders[0].DataSerializer/SerializerSlave
  -------------------------------------------------------------------
                         required time                         15.330    
                         arrival time                          -6.399    
  -------------------------------------------------------------------
                         slack                                  8.930    

Slack (MET) :             9.033ns  (required time - arrival time)
  Source:                 hdmi_out_i/rgb2dvi_0/U0/LockLostReset/SyncAsyncx/oSyncStages_reg[1]/C
                            (rising edge-triggered cell FDPE clocked by clk_out1_hdmi_out_clk_wiz_0_0  {rise@0.000ns fall@7.015ns period=14.030ns})
  Destination:            hdmi_out_i/rgb2dvi_0/U0/ClockSerializer/SerializerSlave/RST
                            (rising edge-triggered cell OSERDESE2 clocked by PixelClkIO  {rise@0.000ns fall@7.015ns period=14.030ns})
  Path Group:             PixelClkIO
  Path Type:              Setup (Max at Slow Process Corner)
  Requirement:            14.030ns  (PixelClkIO rise@14.030ns - clk_out1_hdmi_out_clk_wiz_0_0 rise@0.000ns)
  Data Path Delay:        6.938ns  (logic 0.419ns (6.039%)  route 6.519ns (93.961%))
  Logic Levels:           0  
  Clock Path Skew:        3.317ns (DCD - SCD + CPR)
    Destination Clock Delay (DCD):    2.211ns = ( 16.241 - 14.030 ) 
    Source Clock Delay      (SCD):    -0.653ns
    Clock Pessimism Removal (CPR):    0.453ns
  Clock Uncertainty:      0.352ns  ((TSJ^2 + DJ^2)^1/2) / 2 + PE
    Total System Jitter     (TSJ):    0.071ns
    Discrete Jitter          (DJ):    0.120ns
    Phase Error              (PE):    0.283ns

    Location             Delay type                Incr(ns)  Path(ns)    Netlist Resource(s)
  -------------------------------------------------------------------    -------------------
                         (clock clk_out1_hdmi_out_clk_wiz_0_0 rise edge)
                                                      0.000     0.000 r  
    K17                                               0.000     0.000 r  System_clock (IN)
                         net (fo=0)                   0.000     0.000    hdmi_out_i/clk_wiz_0/inst/clk_in1
    K17                  IBUF (Prop_ibuf_I_O)         1.475     1.475 r  hdmi_out_i/clk_wiz_0/inst/clkin1_ibufg/O
                         net (fo=1, routed)           1.285     2.760    hdmi_out_i/clk_wiz_0/inst/clk_in1_hdmi_out_clk_wiz_0_0
    MMCME2_ADV_X1Y2      MMCME2_ADV (Prop_mmcme2_adv_CLKIN1_CLKOUT0)
                                                     -7.759    -4.999 r  hdmi_out_i/clk_wiz_0/inst/mmcm_adv_inst/CLKOUT0
                         net (fo=1, routed)           2.206    -2.793    hdmi_out_i/clk_wiz_0/inst/clk_out1_hdmi_out_clk_wiz_0_0
    BUFGCTRL_X0Y16       BUFG (Prop_bufg_I_O)         0.101    -2.692 r  hdmi_out_i/clk_wiz_0/inst/clkout1_buf/O
                         net (fo=267, routed)         2.039    -0.653    hdmi_out_i/rgb2dvi_0/U0/LockLostReset/SyncAsyncx/PixelClk
    SLICE_X113Y123       FDPE                                         r  hdmi_out_i/rgb2dvi_0/U0/LockLostReset/SyncAsyncx/oSyncStages_reg[1]/C
  -------------------------------------------------------------------    -------------------
    SLICE_X113Y123       FDPE (Prop_fdpe_C_Q)         0.419    -0.234 r  hdmi_out_i/rgb2dvi_0/U0/LockLostReset/SyncAsyncx/oSyncStages_reg[1]/Q
                         net (fo=8, routed)           6.519     6.285    hdmi_out_i/rgb2dvi_0/U0/ClockSerializer/aRst
    OLOGIC_X1Y123        OSERDESE2                                    r  hdmi_out_i/rgb2dvi_0/U0/ClockSerializer/SerializerSlave/RST
  -------------------------------------------------------------------    -------------------

                         (clock PixelClkIO rise edge)
                                                     14.030    14.030 r  
    K17                                               0.000    14.030 r  System_clock (IN)
                         net (fo=0)                   0.000    14.030    hdmi_out_i/clk_wiz_0/inst/clk_in1
    K17                  IBUF (Prop_ibuf_I_O)         1.404    15.435 r  hdmi_out_i/clk_wiz_0/inst/clkin1_ibufg/O
                         net (fo=1, routed)           1.162    16.596    hdmi_out_i/clk_wiz_0/inst/clk_in1_hdmi_out_clk_wiz_0_0
    MMCME2_ADV_X1Y2      MMCME2_ADV (Prop_mmcme2_adv_CLKIN1_CLKOUT0)
                                                     -7.814     8.782 r  hdmi_out_i/clk_wiz_0/inst/mmcm_adv_inst/CLKOUT0
                         net (fo=1, routed)           2.012    10.794    hdmi_out_i/clk_wiz_0/inst/clk_out1_hdmi_out_clk_wiz_0_0
    BUFGCTRL_X0Y16       BUFG (Prop_bufg_I_O)         0.091    10.885 r  hdmi_out_i/clk_wiz_0/inst/clkout1_buf/O
                         net (fo=267, routed)         1.634    12.520    hdmi_out_i/rgb2dvi_0/U0/ClockGenInternal.ClockGenX/oSyncStages_reg[0]
    PLLE2_ADV_X1Y0       PLLE2_ADV (Prop_plle2_adv_CLKIN1_CLKOUT1)
                                                      0.083    12.603 r  hdmi_out_i/rgb2dvi_0/U0/ClockGenInternal.ClockGenX/GenPLL.DVI_ClkGenerator/CLKOUT1
                         net (fo=1, routed)           1.720    14.323    hdmi_out_i/rgb2dvi_0/U0/ClockGenInternal.ClockGenX/PixelClk
    BUFGCTRL_X0Y0        BUFG (Prop_bufg_I_O)         0.091    14.414 r  hdmi_out_i/rgb2dvi_0/U0/ClockGenInternal.ClockGenX/PixelClk_BUFG_inst/O
                         net (fo=8, routed)           1.827    16.241    hdmi_out_i/rgb2dvi_0/U0/ClockSerializer/PixelClk
    OLOGIC_X1Y123        OSERDESE2                                    r  hdmi_out_i/rgb2dvi_0/U0/ClockSerializer/SerializerSlave/CLKDIV
                         clock pessimism              0.453    16.694    
                         clock uncertainty           -0.352    16.342    
    OLOGIC_X1Y123        OSERDESE2 (Setup_oserdese2_CLKDIV_RST)
                                                     -1.024    15.318    hdmi_out_i/rgb2dvi_0/U0/ClockSerializer/SerializerSlave
  -------------------------------------------------------------------
                         required time                         15.318    
                         arrival time                          -6.285    
  -------------------------------------------------------------------
                         slack                                  9.033    

Slack (MET) :             9.746ns  (required time - arrival time)
  Source:                 hdmi_out_i/rgb2dvi_0/U0/DataEncoders[2].DataEncoder/pDataOutRaw_reg[0]/C
                            (rising edge-triggered cell FDRE clocked by clk_out1_hdmi_out_clk_wiz_0_0  {rise@0.000ns fall@7.015ns period=14.030ns})
  Destination:            hdmi_out_i/rgb2dvi_0/U0/DataEncoders[2].DataSerializer/SerializerMaster/D1
                            (rising edge-triggered cell OSERDESE2 clocked by PixelClkIO  {rise@0.000ns fall@7.015ns period=14.030ns})
  Path Group:             PixelClkIO
  Path Type:              Setup (Max at Slow Process Corner)
  Requirement:            14.030ns  (PixelClkIO rise@14.030ns - clk_out1_hdmi_out_clk_wiz_0_0 rise@0.000ns)
  Data Path Delay:        6.618ns  (logic 0.518ns (7.827%)  route 6.100ns (92.173%))
  Logic Levels:           0  
  Clock Path Skew:        3.312ns (DCD - SCD + CPR)
    Destination Clock Delay (DCD):    2.224ns = ( 16.254 - 14.030 ) 
    Source Clock Delay      (SCD):    -0.635ns
    Clock Pessimism Removal (CPR):    0.453ns
  Clock Uncertainty:      0.352ns  ((TSJ^2 + DJ^2)^1/2) / 2 + PE
    Total System Jitter     (TSJ):    0.071ns
    Discrete Jitter          (DJ):    0.120ns
    Phase Error              (PE):    0.283ns

    Location             Delay type                Incr(ns)  Path(ns)    Netlist Resource(s)
  -------------------------------------------------------------------    -------------------
                         (clock clk_out1_hdmi_out_clk_wiz_0_0 rise edge)
                                                      0.000     0.000 r  
    K17                                               0.000     0.000 r  System_clock (IN)
                         net (fo=0)                   0.000     0.000    hdmi_out_i/clk_wiz_0/inst/clk_in1
    K17                  IBUF (Prop_ibuf_I_O)         1.475     1.475 r  hdmi_out_i/clk_wiz_0/inst/clkin1_ibufg/O
                         net (fo=1, routed)           1.285     2.760    hdmi_out_i/clk_wiz_0/inst/clk_in1_hdmi_out_clk_wiz_0_0
    MMCME2_ADV_X1Y2      MMCME2_ADV (Prop_mmcme2_adv_CLKIN1_CLKOUT0)
                                                     -7.759    -4.999 r  hdmi_out_i/clk_wiz_0/inst/mmcm_adv_inst/CLKOUT0
                         net (fo=1, routed)           2.206    -2.793    hdmi_out_i/clk_wiz_0/inst/clk_out1_hdmi_out_clk_wiz_0_0
    BUFGCTRL_X0Y16       BUFG (Prop_bufg_I_O)         0.101    -2.692 r  hdmi_out_i/clk_wiz_0/inst/clkout1_buf/O
                         net (fo=267, routed)         2.057    -0.635    hdmi_out_i/rgb2dvi_0/U0/DataEncoders[2].DataEncoder/PixelClk
    SLICE_X112Y146       FDRE                                         r  hdmi_out_i/rgb2dvi_0/U0/DataEncoders[2].DataEncoder/pDataOutRaw_reg[0]/C
  -------------------------------------------------------------------    -------------------
    SLICE_X112Y146       FDRE (Prop_fdre_C_Q)         0.518    -0.117 r  hdmi_out_i/rgb2dvi_0/U0/DataEncoders[2].DataEncoder/pDataOutRaw_reg[0]/Q
                         net (fo=1, routed)           6.100     5.983    hdmi_out_i/rgb2dvi_0/U0/DataEncoders[2].DataSerializer/pDataOut[0]
    OLOGIC_X1Y146        OSERDESE2                                    r  hdmi_out_i/rgb2dvi_0/U0/DataEncoders[2].DataSerializer/SerializerMaster/D1
  -------------------------------------------------------------------    -------------------

                         (clock PixelClkIO rise edge)
                                                     14.030    14.030 r  
    K17                                               0.000    14.030 r  System_clock (IN)
                         net (fo=0)                   0.000    14.030    hdmi_out_i/clk_wiz_0/inst/clk_in1
    K17                  IBUF (Prop_ibuf_I_O)         1.404    15.435 r  hdmi_out_i/clk_wiz_0/inst/clkin1_ibufg/O
                         net (fo=1, routed)           1.162    16.596    hdmi_out_i/clk_wiz_0/inst/clk_in1_hdmi_out_clk_wiz_0_0
    MMCME2_ADV_X1Y2      MMCME2_ADV (Prop_mmcme2_adv_CLKIN1_CLKOUT0)
                                                     -7.814     8.782 r  hdmi_out_i/clk_wiz_0/inst/mmcm_adv_inst/CLKOUT0
                         net (fo=1, routed)           2.012    10.794    hdmi_out_i/clk_wiz_0/inst/clk_out1_hdmi_out_clk_wiz_0_0
    BUFGCTRL_X0Y16       BUFG (Prop_bufg_I_O)         0.091    10.885 r  hdmi_out_i/clk_wiz_0/inst/clkout1_buf/O
                         net (fo=267, routed)         1.634    12.520    hdmi_out_i/rgb2dvi_0/U0/ClockGenInternal.ClockGenX/oSyncStages_reg[0]
    PLLE2_ADV_X1Y0       PLLE2_ADV (Prop_plle2_adv_CLKIN1_CLKOUT1)
                                                      0.083    12.603 r  hdmi_out_i/rgb2dvi_0/U0/ClockGenInternal.ClockGenX/GenPLL.DVI_ClkGenerator/CLKOUT1
                         net (fo=1, routed)           1.720    14.323    hdmi_out_i/rgb2dvi_0/U0/ClockGenInternal.ClockGenX/PixelClk
    BUFGCTRL_X0Y0        BUFG (Prop_bufg_I_O)         0.091    14.414 r  hdmi_out_i/rgb2dvi_0/U0/ClockGenInternal.ClockGenX/PixelClk_BUFG_inst/O
                         net (fo=8, routed)           1.840    16.254    hdmi_out_i/rgb2dvi_0/U0/DataEncoders[2].DataSerializer/PixelClk
    OLOGIC_X1Y146        OSERDESE2                                    r  hdmi_out_i/rgb2dvi_0/U0/DataEncoders[2].DataSerializer/SerializerMaster/CLKDIV
                         clock pessimism              0.453    16.707    
                         clock uncertainty           -0.352    16.355    
    OLOGIC_X1Y146        OSERDESE2 (Setup_oserdese2_CLKDIV_D1)
                                                     -0.625    15.730    hdmi_out_i/rgb2dvi_0/U0/DataEncoders[2].DataSerializer/SerializerMaster
  -------------------------------------------------------------------
                         required time                         15.730    
                         arrival time                          -5.983    
  -------------------------------------------------------------------
                         slack                                  9.746    

Slack (MET) :             9.800ns  (required time - arrival time)
  Source:                 hdmi_out_i/rgb2dvi_0/U0/DataEncoders[1].DataEncoder/pDataOutRaw_reg[4]/C
                            (rising edge-triggered cell FDSE clocked by clk_out1_hdmi_out_clk_wiz_0_0  {rise@0.000ns fall@7.015ns period=14.030ns})
  Destination:            hdmi_out_i/rgb2dvi_0/U0/DataEncoders[1].DataSerializer/SerializerMaster/D5
                            (rising edge-triggered cell OSERDESE2 clocked by PixelClkIO  {rise@0.000ns fall@7.015ns period=14.030ns})
  Path Group:             PixelClkIO
  Path Type:              Setup (Max at Slow Process Corner)
  Requirement:            14.030ns  (PixelClkIO rise@14.030ns - clk_out1_hdmi_out_clk_wiz_0_0 rise@0.000ns)
  Data Path Delay:        6.388ns  (logic 0.478ns (7.483%)  route 5.910ns (92.517%))
  Logic Levels:           0  
  Clock Path Skew:        3.312ns (DCD - SCD + CPR)
    Destination Clock Delay (DCD):    2.225ns = ( 16.255 - 14.030 ) 
    Source Clock Delay      (SCD):    -0.634ns
    Clock Pessimism Removal (CPR):    0.453ns
  Clock Uncertainty:      0.352ns  ((TSJ^2 + DJ^2)^1/2) / 2 + PE
    Total System Jitter     (TSJ):    0.071ns
    Discrete Jitter          (DJ):    0.120ns
    Phase Error              (PE):    0.283ns

    Location             Delay type                Incr(ns)  Path(ns)    Netlist Resource(s)
  -------------------------------------------------------------------    -------------------
                         (clock clk_out1_hdmi_out_clk_wiz_0_0 rise edge)
                                                      0.000     0.000 r  
    K17                                               0.000     0.000 r  System_clock (IN)
                         net (fo=0)                   0.000     0.000    hdmi_out_i/clk_wiz_0/inst/clk_in1
    K17                  IBUF (Prop_ibuf_I_O)         1.475     1.475 r  hdmi_out_i/clk_wiz_0/inst/clkin1_ibufg/O
                         net (fo=1, routed)           1.285     2.760    hdmi_out_i/clk_wiz_0/inst/clk_in1_hdmi_out_clk_wiz_0_0
    MMCME2_ADV_X1Y2      MMCME2_ADV (Prop_mmcme2_adv_CLKIN1_CLKOUT0)
                                                     -7.759    -4.999 r  hdmi_out_i/clk_wiz_0/inst/mmcm_adv_inst/CLKOUT0
                         net (fo=1, routed)           2.206    -2.793    hdmi_out_i/clk_wiz_0/inst/clk_out1_hdmi_out_clk_wiz_0_0
    BUFGCTRL_X0Y16       BUFG (Prop_bufg_I_O)         0.101    -2.692 r  hdmi_out_i/clk_wiz_0/inst/clkout1_buf/O
                         net (fo=267, routed)         2.058    -0.634    hdmi_out_i/rgb2dvi_0/U0/DataEncoders[1].DataEncoder/PixelClk
    SLICE_X112Y148       FDSE                                         r  hdmi_out_i/rgb2dvi_0/U0/DataEncoders[1].DataEncoder/pDataOutRaw_reg[4]/C
  -------------------------------------------------------------------    -------------------
    SLICE_X112Y148       FDSE (Prop_fdse_C_Q)         0.478    -0.156 r  hdmi_out_i/rgb2dvi_0/U0/DataEncoders[1].DataEncoder/pDataOutRaw_reg[4]/Q
                         net (fo=1, routed)           5.910     5.753    hdmi_out_i/rgb2dvi_0/U0/DataEncoders[1].DataSerializer/pDataOut[4]
    OLOGIC_X1Y148        OSERDESE2                                    r  hdmi_out_i/rgb2dvi_0/U0/DataEncoders[1].DataSerializer/SerializerMaster/D5
  -------------------------------------------------------------------    -------------------

                         (clock PixelClkIO rise edge)
                                                     14.030    14.030 r  
    K17                                               0.000    14.030 r  System_clock (IN)
                         net (fo=0)                   0.000    14.030    hdmi_out_i/clk_wiz_0/inst/clk_in1
    K17                  IBUF (Prop_ibuf_I_O)         1.404    15.435 r  hdmi_out_i/clk_wiz_0/inst/clkin1_ibufg/O
                         net (fo=1, routed)           1.162    16.596    hdmi_out_i/clk_wiz_0/inst/clk_in1_hdmi_out_clk_wiz_0_0
    MMCME2_ADV_X1Y2      MMCME2_ADV (Prop_mmcme2_adv_CLKIN1_CLKOUT0)
                                                     -7.814     8.782 r  hdmi_out_i/clk_wiz_0/inst/mmcm_adv_inst/CLKOUT0
                         net (fo=1, routed)           2.012    10.794    hdmi_out_i/clk_wiz_0/inst/clk_out1_hdmi_out_clk_wiz_0_0
    BUFGCTRL_X0Y16       BUFG (Prop_bufg_I_O)         0.091    10.885 r  hdmi_out_i/clk_wiz_0/inst/clkout1_buf/O
                         net (fo=267, routed)         1.634    12.520    hdmi_out_i/rgb2dvi_0/U0/ClockGenInternal.ClockGenX/oSyncStages_reg[0]
    PLLE2_ADV_X1Y0       PLLE2_ADV (Prop_plle2_adv_CLKIN1_CLKOUT1)
                                                      0.083    12.603 r  hdmi_out_i/rgb2dvi_0/U0/ClockGenInternal.ClockGenX/GenPLL.DVI_ClkGenerator/CLKOUT1
                         net (fo=1, routed)           1.720    14.323    hdmi_out_i/rgb2dvi_0/U0/ClockGenInternal.ClockGenX/PixelClk
    BUFGCTRL_X0Y0        BUFG (Prop_bufg_I_O)         0.091    14.414 r  hdmi_out_i/rgb2dvi_0/U0/ClockGenInternal.ClockGenX/PixelClk_BUFG_inst/O
                         net (fo=8, routed)           1.841    16.255    hdmi_out_i/rgb2dvi_0/U0/DataEncoders[1].DataSerializer/PixelClk
    OLOGIC_X1Y148        OSERDESE2                                    r  hdmi_out_i/rgb2dvi_0/U0/DataEncoders[1].DataSerializer/SerializerMaster/CLKDIV
                         clock pessimism              0.453    16.708    
                         clock uncertainty           -0.352    16.356    
    OLOGIC_X1Y148        OSERDESE2 (Setup_oserdese2_CLKDIV_D5)
                                                     -0.802    15.554    hdmi_out_i/rgb2dvi_0/U0/DataEncoders[1].DataSerializer/SerializerMaster
  -------------------------------------------------------------------
                         required time                         15.554    
                         arrival time                          -5.753    
  -------------------------------------------------------------------
                         slack                                  9.800    





Min Delay Paths
--------------------------------------------------------------------------------------
Slack (MET) :             0.165ns  (arrival time - required time)
  Source:                 hdmi_out_i/rgb2dvi_0/U0/DataEncoders[1].DataEncoder/pDataOutRaw_reg[6]/C
                            (rising edge-triggered cell FDSE clocked by clk_out1_hdmi_out_clk_wiz_0_0  {rise@0.000ns fall@7.015ns period=14.030ns})
  Destination:            hdmi_out_i/rgb2dvi_0/U0/DataEncoders[1].DataSerializer/SerializerMaster/D7
                            (rising edge-triggered cell OSERDESE2 clocked by PixelClkIO  {rise@0.000ns fall@7.015ns period=14.030ns})
  Path Group:             PixelClkIO
  Path Type:              Hold (Min at Slow Process Corner)
  Requirement:            0.000ns  (PixelClkIO rise@0.000ns - clk_out1_hdmi_out_clk_wiz_0_0 rise@0.000ns)
  Data Path Delay:        4.580ns  (logic 0.418ns (9.127%)  route 4.162ns (90.873%))
  Logic Levels:           0  
  Clock Path Skew:        4.125ns (DCD - SCD - CPR)
    Destination Clock Delay (DCD):    3.294ns
    Source Clock Delay      (SCD):    -1.284ns
    Clock Pessimism Removal (CPR):    0.453ns
  Clock Uncertainty:      0.352ns  ((TSJ^2 + DJ^2)^1/2) / 2 + PE
    Total System Jitter     (TSJ):    0.071ns
    Discrete Jitter          (DJ):    0.120ns
    Phase Error              (PE):    0.283ns

    Location             Delay type                Incr(ns)  Path(ns)    Netlist Resource(s)
  -------------------------------------------------------------------    -------------------
                         (clock clk_out1_hdmi_out_clk_wiz_0_0 rise edge)
                                                      0.000     0.000 r  
    K17                                               0.000     0.000 r  System_clock (IN)
                         net (fo=0)                   0.000     0.000    hdmi_out_i/clk_wiz_0/inst/clk_in1
    K17                  IBUF (Prop_ibuf_I_O)         1.404     1.404 r  hdmi_out_i/clk_wiz_0/inst/clkin1_ibufg/O
                         net (fo=1, routed)           1.162     2.566    hdmi_out_i/clk_wiz_0/inst/clk_in1_hdmi_out_clk_wiz_0_0
    MMCME2_ADV_X1Y2      MMCME2_ADV (Prop_mmcme2_adv_CLKIN1_CLKOUT0)
                                                     -7.814    -5.248 r  hdmi_out_i/clk_wiz_0/inst/mmcm_adv_inst/CLKOUT0
                         net (fo=1, routed)           2.012    -3.236    hdmi_out_i/clk_wiz_0/inst/clk_out1_hdmi_out_clk_wiz_0_0
    BUFGCTRL_X0Y16       BUFG (Prop_bufg_I_O)         0.091    -3.145 r  hdmi_out_i/clk_wiz_0/inst/clkout1_buf/O
                         net (fo=267, routed)         1.861    -1.284    hdmi_out_i/rgb2dvi_0/U0/DataEncoders[1].DataEncoder/PixelClk
    SLICE_X112Y148       FDSE                                         r  hdmi_out_i/rgb2dvi_0/U0/DataEncoders[1].DataEncoder/pDataOutRaw_reg[6]/C
  -------------------------------------------------------------------    -------------------
    SLICE_X112Y148       FDSE (Prop_fdse_C_Q)         0.418    -0.866 r  hdmi_out_i/rgb2dvi_0/U0/DataEncoders[1].DataEncoder/pDataOutRaw_reg[6]/Q
                         net (fo=1, routed)           4.162     3.296    hdmi_out_i/rgb2dvi_0/U0/DataEncoders[1].DataSerializer/pDataOut[6]
    OLOGIC_X1Y148        OSERDESE2                                    r  hdmi_out_i/rgb2dvi_0/U0/DataEncoders[1].DataSerializer/SerializerMaster/D7
  -------------------------------------------------------------------    -------------------

                         (clock PixelClkIO rise edge)
                                                      0.000     0.000 r  
    K17                                               0.000     0.000 r  System_clock (IN)
                         net (fo=0)                   0.000     0.000    hdmi_out_i/clk_wiz_0/inst/clk_in1
    K17                  IBUF (Prop_ibuf_I_O)         1.475     1.475 r  hdmi_out_i/clk_wiz_0/inst/clkin1_ibufg/O
                         net (fo=1, routed)           1.285     2.760    hdmi_out_i/clk_wiz_0/inst/clk_in1_hdmi_out_clk_wiz_0_0
    MMCME2_ADV_X1Y2      MMCME2_ADV (Prop_mmcme2_adv_CLKIN1_CLKOUT0)
                                                     -7.759    -4.999 r  hdmi_out_i/clk_wiz_0/inst/mmcm_adv_inst/CLKOUT0
                         net (fo=1, routed)           2.206    -2.793    hdmi_out_i/clk_wiz_0/inst/clk_out1_hdmi_out_clk_wiz_0_0
    BUFGCTRL_X0Y16       BUFG (Prop_bufg_I_O)         0.101    -2.692 r  hdmi_out_i/clk_wiz_0/inst/clkout1_buf/O
                         net (fo=267, routed)         1.831    -0.861    hdmi_out_i/rgb2dvi_0/U0/ClockGenInternal.ClockGenX/oSyncStages_reg[0]
    PLLE2_ADV_X1Y0       PLLE2_ADV (Prop_plle2_adv_CLKIN1_CLKOUT1)
                                                      0.088    -0.773 r  hdmi_out_i/rgb2dvi_0/U0/ClockGenInternal.ClockGenX/GenPLL.DVI_ClkGenerator/CLKOUT1
                         net (fo=1, routed)           1.883     1.110    hdmi_out_i/rgb2dvi_0/U0/ClockGenInternal.ClockGenX/PixelClk
    BUFGCTRL_X0Y0        BUFG (Prop_bufg_I_O)         0.101     1.211 r  hdmi_out_i/rgb2dvi_0/U0/ClockGenInternal.ClockGenX/PixelClk_BUFG_inst/O
                         net (fo=8, routed)           2.083     3.294    hdmi_out_i/rgb2dvi_0/U0/DataEncoders[1].DataSerializer/PixelClk
    OLOGIC_X1Y148        OSERDESE2                                    r  hdmi_out_i/rgb2dvi_0/U0/DataEncoders[1].DataSerializer/SerializerMaster/CLKDIV
                         clock pessimism             -0.453     2.841    
                         clock uncertainty            0.352     3.194    
    OLOGIC_X1Y148        OSERDESE2 (Hold_oserdese2_CLKDIV_D7)
                                                     -0.063     3.131    hdmi_out_i/rgb2dvi_0/U0/DataEncoders[1].DataSerializer/SerializerMaster
  -------------------------------------------------------------------
                         required time                         -3.131    
                         arrival time                           3.296    
  -------------------------------------------------------------------
                         slack                                  0.165    

Slack (MET) :             0.291ns  (arrival time - required time)
  Source:                 hdmi_out_i/rgb2dvi_0/U0/DataEncoders[1].DataEncoder/pDataOutRaw_reg[9]/C
                            (rising edge-triggered cell FDSE clocked by clk_out1_hdmi_out_clk_wiz_0_0  {rise@0.000ns fall@7.015ns period=14.030ns})
  Destination:            hdmi_out_i/rgb2dvi_0/U0/DataEncoders[1].DataSerializer/SerializerSlave/D4
                            (rising edge-triggered cell OSERDESE2 clocked by PixelClkIO  {rise@0.000ns fall@7.015ns period=14.030ns})
  Path Group:             PixelClkIO
  Path Type:              Hold (Min at Fast Process Corner)
  Requirement:            0.000ns  (PixelClkIO rise@0.000ns - clk_out1_hdmi_out_clk_wiz_0_0 rise@0.000ns)
  Data Path Delay:        2.423ns  (logic 0.148ns (6.107%)  route 2.275ns (93.893%))
  Logic Levels:           0  
  Clock Path Skew:        1.814ns (DCD - SCD - CPR)
    Destination Clock Delay (DCD):    0.818ns
    Source Clock Delay      (SCD):    -0.488ns
    Clock Pessimism Removal (CPR):    -0.508ns
  Clock Uncertainty:      0.352ns  ((TSJ^2 + DJ^2)^1/2) / 2 + PE
    Total System Jitter     (TSJ):    0.071ns
    Discrete Jitter          (DJ):    0.120ns
    Phase Error              (PE):    0.283ns

    Location             Delay type                Incr(ns)  Path(ns)    Netlist Resource(s)
  -------------------------------------------------------------------    -------------------
                         (clock clk_out1_hdmi_out_clk_wiz_0_0 rise edge)
                                                      0.000     0.000 r  
    K17                                               0.000     0.000 r  System_clock (IN)
                         net (fo=0)                   0.000     0.000    hdmi_out_i/clk_wiz_0/inst/clk_in1
    K17                  IBUF (Prop_ibuf_I_O)         0.243     0.243 r  hdmi_out_i/clk_wiz_0/inst/clkin1_ibufg/O
                         net (fo=1, routed)           0.440     0.683    hdmi_out_i/clk_wiz_0/inst/clk_in1_hdmi_out_clk_wiz_0_0
    MMCME2_ADV_X1Y2      MMCME2_ADV (Prop_mmcme2_adv_CLKIN1_CLKOUT0)
                                                     -2.613    -1.930 r  hdmi_out_i/clk_wiz_0/inst/mmcm_adv_inst/CLKOUT0
                         net (fo=1, routed)           0.696    -1.233    hdmi_out_i/clk_wiz_0/inst/clk_out1_hdmi_out_clk_wiz_0_0
    BUFGCTRL_X0Y16       BUFG (Prop_bufg_I_O)         0.026    -1.207 r  hdmi_out_i/clk_wiz_0/inst/clkout1_buf/O
                         net (fo=267, routed)         0.719    -0.488    hdmi_out_i/rgb2dvi_0/U0/DataEncoders[1].DataEncoder/PixelClk
    SLICE_X112Y148       FDSE                                         r  hdmi_out_i/rgb2dvi_0/U0/DataEncoders[1].DataEncoder/pDataOutRaw_reg[9]/C
  -------------------------------------------------------------------    -------------------
    SLICE_X112Y148       FDSE (Prop_fdse_C_Q)         0.148    -0.340 r  hdmi_out_i/rgb2dvi_0/U0/DataEncoders[1].DataEncoder/pDataOutRaw_reg[9]/Q
                         net (fo=1, routed)           2.275     1.935    hdmi_out_i/rgb2dvi_0/U0/DataEncoders[1].DataSerializer/pDataOut[9]
    OLOGIC_X1Y147        OSERDESE2                                    r  hdmi_out_i/rgb2dvi_0/U0/DataEncoders[1].DataSerializer/SerializerSlave/D4
  -------------------------------------------------------------------    -------------------

                         (clock PixelClkIO rise edge)
                                                      0.000     0.000 r  
    K17                                               0.000     0.000 r  System_clock (IN)
                         net (fo=0)                   0.000     0.000    hdmi_out_i/clk_wiz_0/inst/clk_in1
    K17                  IBUF (Prop_ibuf_I_O)         0.431     0.431 r  hdmi_out_i/clk_wiz_0/inst/clkin1_ibufg/O
                         net (fo=1, routed)           0.480     0.911    hdmi_out_i/clk_wiz_0/inst/clk_in1_hdmi_out_clk_wiz_0_0
    MMCME2_ADV_X1Y2      MMCME2_ADV (Prop_mmcme2_adv_CLKIN1_CLKOUT0)
                                                     -3.407    -2.496 r  hdmi_out_i/clk_wiz_0/inst/mmcm_adv_inst/CLKOUT0
                         net (fo=1, routed)           0.752    -1.744    hdmi_out_i/clk_wiz_0/inst/clk_out1_hdmi_out_clk_wiz_0_0
    BUFGCTRL_X0Y16       BUFG (Prop_bufg_I_O)         0.029    -1.715 r  hdmi_out_i/clk_wiz_0/inst/clkout1_buf/O
                         net (fo=267, routed)         0.869    -0.846    hdmi_out_i/rgb2dvi_0/U0/ClockGenInternal.ClockGenX/oSyncStages_reg[0]
    PLLE2_ADV_X1Y0       PLLE2_ADV (Prop_plle2_adv_CLKIN1_CLKOUT1)
                                                      0.053    -0.793 r  hdmi_out_i/rgb2dvi_0/U0/ClockGenInternal.ClockGenX/GenPLL.DVI_ClkGenerator/CLKOUT1
                         net (fo=1, routed)           0.592    -0.201    hdmi_out_i/rgb2dvi_0/U0/ClockGenInternal.ClockGenX/PixelClk
    BUFGCTRL_X0Y0        BUFG (Prop_bufg_I_O)         0.029    -0.172 r  hdmi_out_i/rgb2dvi_0/U0/ClockGenInternal.ClockGenX/PixelClk_BUFG_inst/O
                         net (fo=8, routed)           0.990     0.818    hdmi_out_i/rgb2dvi_0/U0/DataEncoders[1].DataSerializer/PixelClk
    OLOGIC_X1Y147        OSERDESE2                                    r  hdmi_out_i/rgb2dvi_0/U0/DataEncoders[1].DataSerializer/SerializerSlave/CLKDIV
                         clock pessimism              0.508     1.326    
                         clock uncertainty            0.352     1.678    
    OLOGIC_X1Y147        OSERDESE2 (Hold_oserdese2_CLKDIV_D4)
                                                     -0.034     1.644    hdmi_out_i/rgb2dvi_0/U0/DataEncoders[1].DataSerializer/SerializerSlave
  -------------------------------------------------------------------
                         required time                         -1.644    
                         arrival time                           1.935    
  -------------------------------------------------------------------
                         slack                                  0.291    

Slack (MET) :             0.364ns  (arrival time - required time)
  Source:                 hdmi_out_i/rgb2dvi_0/U0/DataEncoders[1].DataEncoder/pDataOutRaw_reg[7]/C
                            (rising edge-triggered cell FDRE clocked by clk_out1_hdmi_out_clk_wiz_0_0  {rise@0.000ns fall@7.015ns period=14.030ns})
  Destination:            hdmi_out_i/rgb2dvi_0/U0/DataEncoders[1].DataSerializer/SerializerMaster/D8
                            (rising edge-triggered cell OSERDESE2 clocked by PixelClkIO  {rise@0.000ns fall@7.015ns period=14.030ns})
  Path Group:             PixelClkIO
  Path Type:              Hold (Min at Slow Process Corner)
  Requirement:            0.000ns  (PixelClkIO rise@0.000ns - clk_out1_hdmi_out_clk_wiz_0_0 rise@0.000ns)
  Data Path Delay:        4.638ns  (logic 0.337ns (7.266%)  route 4.301ns (92.734%))
  Logic Levels:           0  
  Clock Path Skew:        4.125ns (DCD - SCD - CPR)
    Destination Clock Delay (DCD):    3.294ns
    Source Clock Delay      (SCD):    -1.284ns
    Clock Pessimism Removal (CPR):    0.453ns
  Clock Uncertainty:      0.352ns  ((TSJ^2 + DJ^2)^1/2) / 2 + PE
    Total System Jitter     (TSJ):    0.071ns
    Discrete Jitter          (DJ):    0.120ns
    Phase Error              (PE):    0.283ns

    Location             Delay type                Incr(ns)  Path(ns)    Netlist Resource(s)
  -------------------------------------------------------------------    -------------------
                         (clock clk_out1_hdmi_out_clk_wiz_0_0 rise edge)
                                                      0.000     0.000 r  
    K17                                               0.000     0.000 r  System_clock (IN)
                         net (fo=0)                   0.000     0.000    hdmi_out_i/clk_wiz_0/inst/clk_in1
    K17                  IBUF (Prop_ibuf_I_O)         1.404     1.404 r  hdmi_out_i/clk_wiz_0/inst/clkin1_ibufg/O
                         net (fo=1, routed)           1.162     2.566    hdmi_out_i/clk_wiz_0/inst/clk_in1_hdmi_out_clk_wiz_0_0
    MMCME2_ADV_X1Y2      MMCME2_ADV (Prop_mmcme2_adv_CLKIN1_CLKOUT0)
                                                     -7.814    -5.248 r  hdmi_out_i/clk_wiz_0/inst/mmcm_adv_inst/CLKOUT0
                         net (fo=1, routed)           2.012    -3.236    hdmi_out_i/clk_wiz_0/inst/clk_out1_hdmi_out_clk_wiz_0_0
    BUFGCTRL_X0Y16       BUFG (Prop_bufg_I_O)         0.091    -3.145 r  hdmi_out_i/clk_wiz_0/inst/clkout1_buf/O
                         net (fo=267, routed)         1.861    -1.284    hdmi_out_i/rgb2dvi_0/U0/DataEncoders[1].DataEncoder/PixelClk
    SLICE_X111Y149       FDRE                                         r  hdmi_out_i/rgb2dvi_0/U0/DataEncoders[1].DataEncoder/pDataOutRaw_reg[7]/C
  -------------------------------------------------------------------    -------------------
    SLICE_X111Y149       FDRE (Prop_fdre_C_Q)         0.337    -0.947 r  hdmi_out_i/rgb2dvi_0/U0/DataEncoders[1].DataEncoder/pDataOutRaw_reg[7]/Q
                         net (fo=1, routed)           4.301     3.354    hdmi_out_i/rgb2dvi_0/U0/DataEncoders[1].DataSerializer/pDataOut[7]
    OLOGIC_X1Y148        OSERDESE2                                    r  hdmi_out_i/rgb2dvi_0/U0/DataEncoders[1].DataSerializer/SerializerMaster/D8
  -------------------------------------------------------------------    -------------------

                         (clock PixelClkIO rise edge)
                                                      0.000     0.000 r  
    K17                                               0.000     0.000 r  System_clock (IN)
                         net (fo=0)                   0.000     0.000    hdmi_out_i/clk_wiz_0/inst/clk_in1
    K17                  IBUF (Prop_ibuf_I_O)         1.475     1.475 r  hdmi_out_i/clk_wiz_0/inst/clkin1_ibufg/O
                         net (fo=1, routed)           1.285     2.760    hdmi_out_i/clk_wiz_0/inst/clk_in1_hdmi_out_clk_wiz_0_0
    MMCME2_ADV_X1Y2      MMCME2_ADV (Prop_mmcme2_adv_CLKIN1_CLKOUT0)
                                                     -7.759    -4.999 r  hdmi_out_i/clk_wiz_0/inst/mmcm_adv_inst/CLKOUT0
                         net (fo=1, routed)           2.206    -2.793    hdmi_out_i/clk_wiz_0/inst/clk_out1_hdmi_out_clk_wiz_0_0
    BUFGCTRL_X0Y16       BUFG (Prop_bufg_I_O)         0.101    -2.692 r  hdmi_out_i/clk_wiz_0/inst/clkout1_buf/O
                         net (fo=267, routed)         1.831    -0.861    hdmi_out_i/rgb2dvi_0/U0/ClockGenInternal.ClockGenX/oSyncStages_reg[0]
    PLLE2_ADV_X1Y0       PLLE2_ADV (Prop_plle2_adv_CLKIN1_CLKOUT1)
                                                      0.088    -0.773 r  hdmi_out_i/rgb2dvi_0/U0/ClockGenInternal.ClockGenX/GenPLL.DVI_ClkGenerator/CLKOUT1
                         net (fo=1, routed)           1.883     1.110    hdmi_out_i/rgb2dvi_0/U0/ClockGenInternal.ClockGenX/PixelClk
    BUFGCTRL_X0Y0        BUFG (Prop_bufg_I_O)         0.101     1.211 r  hdmi_out_i/rgb2dvi_0/U0/ClockGenInternal.ClockGenX/PixelClk_BUFG_inst/O
                         net (fo=8, routed)           2.083     3.294    hdmi_out_i/rgb2dvi_0/U0/DataEncoders[1].DataSerializer/PixelClk
    OLOGIC_X1Y148        OSERDESE2                                    r  hdmi_out_i/rgb2dvi_0/U0/DataEncoders[1].DataSerializer/SerializerMaster/CLKDIV
                         clock pessimism             -0.453     2.841    
                         clock uncertainty            0.352     3.194    
    OLOGIC_X1Y148        OSERDESE2 (Hold_oserdese2_CLKDIV_D8)
                                                     -0.204     2.990    hdmi_out_i/rgb2dvi_0/U0/DataEncoders[1].DataSerializer/SerializerMaster
  -------------------------------------------------------------------
                         required time                         -2.990    
                         arrival time                           3.354    
  -------------------------------------------------------------------
                         slack                                  0.364    

Slack (MET) :             0.391ns  (arrival time - required time)
  Source:                 hdmi_out_i/rgb2dvi_0/U0/DataEncoders[2].DataEncoder/pDataOutRaw_reg[8]/C
                            (rising edge-triggered cell FDSE clocked by clk_out1_hdmi_out_clk_wiz_0_0  {rise@0.000ns fall@7.015ns period=14.030ns})
  Destination:            hdmi_out_i/rgb2dvi_0/U0/DataEncoders[2].DataSerializer/SerializerSlave/D3
                            (rising edge-triggered cell OSERDESE2 clocked by PixelClkIO  {rise@0.000ns fall@7.015ns period=14.030ns})
  Path Group:             PixelClkIO
  Path Type:              Hold (Min at Fast Process Corner)
  Requirement:            0.000ns  (PixelClkIO rise@0.000ns - clk_out1_hdmi_out_clk_wiz_0_0 rise@0.000ns)
  Data Path Delay:        2.524ns  (logic 0.148ns (5.865%)  route 2.376ns (94.135%))
  Logic Levels:           0  
  Clock Path Skew:        1.814ns (DCD - SCD - CPR)
    Destination Clock Delay (DCD):    0.817ns
    Source Clock Delay      (SCD):    -0.489ns
    Clock Pessimism Removal (CPR):    -0.508ns
  Clock Uncertainty:      0.352ns  ((TSJ^2 + DJ^2)^1/2) / 2 + PE
    Total System Jitter     (TSJ):    0.071ns
    Discrete Jitter          (DJ):    0.120ns
    Phase Error              (PE):    0.283ns

    Location             Delay type                Incr(ns)  Path(ns)    Netlist Resource(s)
  -------------------------------------------------------------------    -------------------
                         (clock clk_out1_hdmi_out_clk_wiz_0_0 rise edge)
                                                      0.000     0.000 r  
    K17                                               0.000     0.000 r  System_clock (IN)
                         net (fo=0)                   0.000     0.000    hdmi_out_i/clk_wiz_0/inst/clk_in1
    K17                  IBUF (Prop_ibuf_I_O)         0.243     0.243 r  hdmi_out_i/clk_wiz_0/inst/clkin1_ibufg/O
                         net (fo=1, routed)           0.440     0.683    hdmi_out_i/clk_wiz_0/inst/clk_in1_hdmi_out_clk_wiz_0_0
    MMCME2_ADV_X1Y2      MMCME2_ADV (Prop_mmcme2_adv_CLKIN1_CLKOUT0)
                                                     -2.613    -1.930 r  hdmi_out_i/clk_wiz_0/inst/mmcm_adv_inst/CLKOUT0
                         net (fo=1, routed)           0.696    -1.233    hdmi_out_i/clk_wiz_0/inst/clk_out1_hdmi_out_clk_wiz_0_0
    BUFGCTRL_X0Y16       BUFG (Prop_bufg_I_O)         0.026    -1.207 r  hdmi_out_i/clk_wiz_0/inst/clkout1_buf/O
                         net (fo=267, routed)         0.718    -0.489    hdmi_out_i/rgb2dvi_0/U0/DataEncoders[2].DataEncoder/PixelClk
    SLICE_X112Y146       FDSE                                         r  hdmi_out_i/rgb2dvi_0/U0/DataEncoders[2].DataEncoder/pDataOutRaw_reg[8]/C
  -------------------------------------------------------------------    -------------------
    SLICE_X112Y146       FDSE (Prop_fdse_C_Q)         0.148    -0.341 r  hdmi_out_i/rgb2dvi_0/U0/DataEncoders[2].DataEncoder/pDataOutRaw_reg[8]/Q
                         net (fo=1, routed)           2.376     2.035    hdmi_out_i/rgb2dvi_0/U0/DataEncoders[2].DataSerializer/pDataOut[8]
    OLOGIC_X1Y145        OSERDESE2                                    r  hdmi_out_i/rgb2dvi_0/U0/DataEncoders[2].DataSerializer/SerializerSlave/D3
  -------------------------------------------------------------------    -------------------

                         (clock PixelClkIO rise edge)
                                                      0.000     0.000 r  
    K17                                               0.000     0.000 r  System_clock (IN)
                         net (fo=0)                   0.000     0.000    hdmi_out_i/clk_wiz_0/inst/clk_in1
    K17                  IBUF (Prop_ibuf_I_O)         0.431     0.431 r  hdmi_out_i/clk_wiz_0/inst/clkin1_ibufg/O
                         net (fo=1, routed)           0.480     0.911    hdmi_out_i/clk_wiz_0/inst/clk_in1_hdmi_out_clk_wiz_0_0
    MMCME2_ADV_X1Y2      MMCME2_ADV (Prop_mmcme2_adv_CLKIN1_CLKOUT0)
                                                     -3.407    -2.496 r  hdmi_out_i/clk_wiz_0/inst/mmcm_adv_inst/CLKOUT0
                         net (fo=1, routed)           0.752    -1.744    hdmi_out_i/clk_wiz_0/inst/clk_out1_hdmi_out_clk_wiz_0_0
    BUFGCTRL_X0Y16       BUFG (Prop_bufg_I_O)         0.029    -1.715 r  hdmi_out_i/clk_wiz_0/inst/clkout1_buf/O
                         net (fo=267, routed)         0.869    -0.846    hdmi_out_i/rgb2dvi_0/U0/ClockGenInternal.ClockGenX/oSyncStages_reg[0]
    PLLE2_ADV_X1Y0       PLLE2_ADV (Prop_plle2_adv_CLKIN1_CLKOUT1)
                                                      0.053    -0.793 r  hdmi_out_i/rgb2dvi_0/U0/ClockGenInternal.ClockGenX/GenPLL.DVI_ClkGenerator/CLKOUT1
                         net (fo=1, routed)           0.592    -0.201    hdmi_out_i/rgb2dvi_0/U0/ClockGenInternal.ClockGenX/PixelClk
    BUFGCTRL_X0Y0        BUFG (Prop_bufg_I_O)         0.029    -0.172 r  hdmi_out_i/rgb2dvi_0/U0/ClockGenInternal.ClockGenX/PixelClk_BUFG_inst/O
                         net (fo=8, routed)           0.989     0.817    hdmi_out_i/rgb2dvi_0/U0/DataEncoders[2].DataSerializer/PixelClk
    OLOGIC_X1Y145        OSERDESE2                                    r  hdmi_out_i/rgb2dvi_0/U0/DataEncoders[2].DataSerializer/SerializerSlave/CLKDIV
                         clock pessimism              0.508     1.325    
                         clock uncertainty            0.352     1.677    
    OLOGIC_X1Y145        OSERDESE2 (Hold_oserdese2_CLKDIV_D3)
                                                     -0.034     1.643    hdmi_out_i/rgb2dvi_0/U0/DataEncoders[2].DataSerializer/SerializerSlave
  -------------------------------------------------------------------
                         required time                         -1.643    
                         arrival time                           2.035    
  -------------------------------------------------------------------
                         slack                                  0.391    

Slack (MET) :             0.403ns  (arrival time - required time)
  Source:                 hdmi_out_i/rgb2dvi_0/U0/DataEncoders[0].DataEncoder/pDataOutRaw_reg[4]/C
                            (rising edge-triggered cell FDSE clocked by clk_out1_hdmi_out_clk_wiz_0_0  {rise@0.000ns fall@7.015ns period=14.030ns})
  Destination:            hdmi_out_i/rgb2dvi_0/U0/DataEncoders[0].DataSerializer/SerializerMaster/D5
                            (rising edge-triggered cell OSERDESE2 clocked by PixelClkIO  {rise@0.000ns fall@7.015ns period=14.030ns})
  Path Group:             PixelClkIO
  Path Type:              Hold (Min at Fast Process Corner)
  Requirement:            0.000ns  (PixelClkIO rise@0.000ns - clk_out1_hdmi_out_clk_wiz_0_0 rise@0.000ns)
  Data Path Delay:        2.588ns  (logic 0.141ns (5.447%)  route 2.447ns (94.553%))
  Logic Levels:           0  
  Clock Path Skew:        1.814ns (DCD - SCD - CPR)
    Destination Clock Delay (DCD):    0.816ns
    Source Clock Delay      (SCD):    -0.490ns
    Clock Pessimism Removal (CPR):    -0.508ns
  Clock Uncertainty:      0.352ns  ((TSJ^2 + DJ^2)^1/2) / 2 + PE
    Total System Jitter     (TSJ):    0.071ns
    Discrete Jitter          (DJ):    0.120ns
    Phase Error              (PE):    0.283ns

    Location             Delay type                Incr(ns)  Path(ns)    Netlist Resource(s)
  -------------------------------------------------------------------    -------------------
                         (clock clk_out1_hdmi_out_clk_wiz_0_0 rise edge)
                                                      0.000     0.000 r  
    K17                                               0.000     0.000 r  System_clock (IN)
                         net (fo=0)                   0.000     0.000    hdmi_out_i/clk_wiz_0/inst/clk_in1
    K17                  IBUF (Prop_ibuf_I_O)         0.243     0.243 r  hdmi_out_i/clk_wiz_0/inst/clkin1_ibufg/O
                         net (fo=1, routed)           0.440     0.683    hdmi_out_i/clk_wiz_0/inst/clk_in1_hdmi_out_clk_wiz_0_0
    MMCME2_ADV_X1Y2      MMCME2_ADV (Prop_mmcme2_adv_CLKIN1_CLKOUT0)
                                                     -2.613    -1.930 r  hdmi_out_i/clk_wiz_0/inst/mmcm_adv_inst/CLKOUT0
                         net (fo=1, routed)           0.696    -1.233    hdmi_out_i/clk_wiz_0/inst/clk_out1_hdmi_out_clk_wiz_0_0
    BUFGCTRL_X0Y16       BUFG (Prop_bufg_I_O)         0.026    -1.207 r  hdmi_out_i/clk_wiz_0/inst/clkout1_buf/O
                         net (fo=267, routed)         0.717    -0.490    hdmi_out_i/rgb2dvi_0/U0/DataEncoders[0].DataEncoder/PixelClk
    SLICE_X113Y141       FDSE                                         r  hdmi_out_i/rgb2dvi_0/U0/DataEncoders[0].DataEncoder/pDataOutRaw_reg[4]/C
  -------------------------------------------------------------------    -------------------
    SLICE_X113Y141       FDSE (Prop_fdse_C_Q)         0.141    -0.349 r  hdmi_out_i/rgb2dvi_0/U0/DataEncoders[0].DataEncoder/pDataOutRaw_reg[4]/Q
                         net (fo=1, routed)           2.447     2.098    hdmi_out_i/rgb2dvi_0/U0/DataEncoders[0].DataSerializer/pDataOut[4]
    OLOGIC_X1Y142        OSERDESE2                                    r  hdmi_out_i/rgb2dvi_0/U0/DataEncoders[0].DataSerializer/SerializerMaster/D5
  -------------------------------------------------------------------    -------------------

                         (clock PixelClkIO rise edge)
                                                      0.000     0.000 r  
    K17                                               0.000     0.000 r  System_clock (IN)
                         net (fo=0)                   0.000     0.000    hdmi_out_i/clk_wiz_0/inst/clk_in1
    K17                  IBUF (Prop_ibuf_I_O)         0.431     0.431 r  hdmi_out_i/clk_wiz_0/inst/clkin1_ibufg/O
                         net (fo=1, routed)           0.480     0.911    hdmi_out_i/clk_wiz_0/inst/clk_in1_hdmi_out_clk_wiz_0_0
    MMCME2_ADV_X1Y2      MMCME2_ADV (Prop_mmcme2_adv_CLKIN1_CLKOUT0)
                                                     -3.407    -2.496 r  hdmi_out_i/clk_wiz_0/inst/mmcm_adv_inst/CLKOUT0
                         net (fo=1, routed)           0.752    -1.744    hdmi_out_i/clk_wiz_0/inst/clk_out1_hdmi_out_clk_wiz_0_0
    BUFGCTRL_X0Y16       BUFG (Prop_bufg_I_O)         0.029    -1.715 r  hdmi_out_i/clk_wiz_0/inst/clkout1_buf/O
                         net (fo=267, routed)         0.869    -0.846    hdmi_out_i/rgb2dvi_0/U0/ClockGenInternal.ClockGenX/oSyncStages_reg[0]
    PLLE2_ADV_X1Y0       PLLE2_ADV (Prop_plle2_adv_CLKIN1_CLKOUT1)
                                                      0.053    -0.793 r  hdmi_out_i/rgb2dvi_0/U0/ClockGenInternal.ClockGenX/GenPLL.DVI_ClkGenerator/CLKOUT1
                         net (fo=1, routed)           0.592    -0.201    hdmi_out_i/rgb2dvi_0/U0/ClockGenInternal.ClockGenX/PixelClk
    BUFGCTRL_X0Y0        BUFG (Prop_bufg_I_O)         0.029    -0.172 r  hdmi_out_i/rgb2dvi_0/U0/ClockGenInternal.ClockGenX/PixelClk_BUFG_inst/O
                         net (fo=8, routed)           0.988     0.816    hdmi_out_i/rgb2dvi_0/U0/DataEncoders[0].DataSerializer/PixelClk
    OLOGIC_X1Y142        OSERDESE2                                    r  hdmi_out_i/rgb2dvi_0/U0/DataEncoders[0].DataSerializer/SerializerMaster/CLKDIV
                         clock pessimism              0.508     1.324    
                         clock uncertainty            0.352     1.676    
    OLOGIC_X1Y142        OSERDESE2 (Hold_oserdese2_CLKDIV_D5)
                                                      0.019     1.695    hdmi_out_i/rgb2dvi_0/U0/DataEncoders[0].DataSerializer/SerializerMaster
  -------------------------------------------------------------------
                         required time                         -1.695    
                         arrival time                           2.098    
  -------------------------------------------------------------------
                         slack                                  0.403    

Slack (MET) :             0.403ns  (arrival time - required time)
  Source:                 hdmi_out_i/rgb2dvi_0/U0/DataEncoders[2].DataEncoder/pDataOutRaw_reg[5]/C
                            (rising edge-triggered cell FDRE clocked by clk_out1_hdmi_out_clk_wiz_0_0  {rise@0.000ns fall@7.015ns period=14.030ns})
  Destination:            hdmi_out_i/rgb2dvi_0/U0/DataEncoders[2].DataSerializer/SerializerMaster/D6
                            (rising edge-triggered cell OSERDESE2 clocked by PixelClkIO  {rise@0.000ns fall@7.015ns period=14.030ns})
  Path Group:             PixelClkIO
  Path Type:              Hold (Min at Fast Process Corner)
  Requirement:            0.000ns  (PixelClkIO rise@0.000ns - clk_out1_hdmi_out_clk_wiz_0_0 rise@0.000ns)
  Data Path Delay:        2.589ns  (logic 0.141ns (5.447%)  route 2.448ns (94.553%))
  Logic Levels:           0  
  Clock Path Skew:        1.814ns (DCD - SCD - CPR)
    Destination Clock Delay (DCD):    0.817ns
    Source Clock Delay      (SCD):    -0.489ns
    Clock Pessimism Removal (CPR):    -0.508ns
  Clock Uncertainty:      0.352ns  ((TSJ^2 + DJ^2)^1/2) / 2 + PE
    Total System Jitter     (TSJ):    0.071ns
    Discrete Jitter          (DJ):    0.120ns
    Phase Error              (PE):    0.283ns

    Location             Delay type                Incr(ns)  Path(ns)    Netlist Resource(s)
  -------------------------------------------------------------------    -------------------
                         (clock clk_out1_hdmi_out_clk_wiz_0_0 rise edge)
                                                      0.000     0.000 r  
    K17                                               0.000     0.000 r  System_clock (IN)
                         net (fo=0)                   0.000     0.000    hdmi_out_i/clk_wiz_0/inst/clk_in1
    K17                  IBUF (Prop_ibuf_I_O)         0.243     0.243 r  hdmi_out_i/clk_wiz_0/inst/clkin1_ibufg/O
                         net (fo=1, routed)           0.440     0.683    hdmi_out_i/clk_wiz_0/inst/clk_in1_hdmi_out_clk_wiz_0_0
    MMCME2_ADV_X1Y2      MMCME2_ADV (Prop_mmcme2_adv_CLKIN1_CLKOUT0)
                                                     -2.613    -1.930 r  hdmi_out_i/clk_wiz_0/inst/mmcm_adv_inst/CLKOUT0
                         net (fo=1, routed)           0.696    -1.233    hdmi_out_i/clk_wiz_0/inst/clk_out1_hdmi_out_clk_wiz_0_0
    BUFGCTRL_X0Y16       BUFG (Prop_bufg_I_O)         0.026    -1.207 r  hdmi_out_i/clk_wiz_0/inst/clkout1_buf/O
                         net (fo=267, routed)         0.718    -0.489    hdmi_out_i/rgb2dvi_0/U0/DataEncoders[2].DataEncoder/PixelClk
    SLICE_X113Y146       FDRE                                         r  hdmi_out_i/rgb2dvi_0/U0/DataEncoders[2].DataEncoder/pDataOutRaw_reg[5]/C
  -------------------------------------------------------------------    -------------------
    SLICE_X113Y146       FDRE (Prop_fdre_C_Q)         0.141    -0.348 r  hdmi_out_i/rgb2dvi_0/U0/DataEncoders[2].DataEncoder/pDataOutRaw_reg[5]/Q
                         net (fo=1, routed)           2.448     2.099    hdmi_out_i/rgb2dvi_0/U0/DataEncoders[2].DataSerializer/pDataOut[5]
    OLOGIC_X1Y146        OSERDESE2                                    r  hdmi_out_i/rgb2dvi_0/U0/DataEncoders[2].DataSerializer/SerializerMaster/D6
  -------------------------------------------------------------------    -------------------

                         (clock PixelClkIO rise edge)
                                                      0.000     0.000 r  
    K17                                               0.000     0.000 r  System_clock (IN)
                         net (fo=0)                   0.000     0.000    hdmi_out_i/clk_wiz_0/inst/clk_in1
    K17                  IBUF (Prop_ibuf_I_O)         0.431     0.431 r  hdmi_out_i/clk_wiz_0/inst/clkin1_ibufg/O
                         net (fo=1, routed)           0.480     0.911    hdmi_out_i/clk_wiz_0/inst/clk_in1_hdmi_out_clk_wiz_0_0
    MMCME2_ADV_X1Y2      MMCME2_ADV (Prop_mmcme2_adv_CLKIN1_CLKOUT0)
                                                     -3.407    -2.496 r  hdmi_out_i/clk_wiz_0/inst/mmcm_adv_inst/CLKOUT0
                         net (fo=1, routed)           0.752    -1.744    hdmi_out_i/clk_wiz_0/inst/clk_out1_hdmi_out_clk_wiz_0_0
    BUFGCTRL_X0Y16       BUFG (Prop_bufg_I_O)         0.029    -1.715 r  hdmi_out_i/clk_wiz_0/inst/clkout1_buf/O
                         net (fo=267, routed)         0.869    -0.846    hdmi_out_i/rgb2dvi_0/U0/ClockGenInternal.ClockGenX/oSyncStages_reg[0]
    PLLE2_ADV_X1Y0       PLLE2_ADV (Prop_plle2_adv_CLKIN1_CLKOUT1)
                                                      0.053    -0.793 r  hdmi_out_i/rgb2dvi_0/U0/ClockGenInternal.ClockGenX/GenPLL.DVI_ClkGenerator/CLKOUT1
                         net (fo=1, routed)           0.592    -0.201    hdmi_out_i/rgb2dvi_0/U0/ClockGenInternal.ClockGenX/PixelClk
    BUFGCTRL_X0Y0        BUFG (Prop_bufg_I_O)         0.029    -0.172 r  hdmi_out_i/rgb2dvi_0/U0/ClockGenInternal.ClockGenX/PixelClk_BUFG_inst/O
                         net (fo=8, routed)           0.989     0.817    hdmi_out_i/rgb2dvi_0/U0/DataEncoders[2].DataSerializer/PixelClk
    OLOGIC_X1Y146        OSERDESE2                                    r  hdmi_out_i/rgb2dvi_0/U0/DataEncoders[2].DataSerializer/SerializerMaster/CLKDIV
                         clock pessimism              0.508     1.325    
                         clock uncertainty            0.352     1.677    
    OLOGIC_X1Y146        OSERDESE2 (Hold_oserdese2_CLKDIV_D6)
                                                      0.019     1.696    hdmi_out_i/rgb2dvi_0/U0/DataEncoders[2].DataSerializer/SerializerMaster
  -------------------------------------------------------------------
                         required time                         -1.696    
                         arrival time                           2.099    
  -------------------------------------------------------------------
                         slack                                  0.403    

Slack (MET) :             0.403ns  (arrival time - required time)
  Source:                 hdmi_out_i/rgb2dvi_0/U0/DataEncoders[0].DataEncoder/pDataOutRaw_reg[9]/C
                            (rising edge-triggered cell FDSE clocked by clk_out1_hdmi_out_clk_wiz_0_0  {rise@0.000ns fall@7.015ns period=14.030ns})
  Destination:            hdmi_out_i/rgb2dvi_0/U0/DataEncoders[0].DataSerializer/SerializerSlave/D4
                            (rising edge-triggered cell OSERDESE2 clocked by PixelClkIO  {rise@0.000ns fall@7.015ns period=14.030ns})
  Path Group:             PixelClkIO
  Path Type:              Hold (Min at Fast Process Corner)
  Requirement:            0.000ns  (PixelClkIO rise@0.000ns - clk_out1_hdmi_out_clk_wiz_0_0 rise@0.000ns)
  Data Path Delay:        2.535ns  (logic 0.148ns (5.839%)  route 2.387ns (94.161%))
  Logic Levels:           0  
  Clock Path Skew:        1.814ns (DCD - SCD - CPR)
    Destination Clock Delay (DCD):    0.816ns
    Source Clock Delay      (SCD):    -0.490ns
    Clock Pessimism Removal (CPR):    -0.508ns
  Clock Uncertainty:      0.352ns  ((TSJ^2 + DJ^2)^1/2) / 2 + PE
    Total System Jitter     (TSJ):    0.071ns
    Discrete Jitter          (DJ):    0.120ns
    Phase Error              (PE):    0.283ns

    Location             Delay type                Incr(ns)  Path(ns)    Netlist Resource(s)
  -------------------------------------------------------------------    -------------------
                         (clock clk_out1_hdmi_out_clk_wiz_0_0 rise edge)
                                                      0.000     0.000 r  
    K17                                               0.000     0.000 r  System_clock (IN)
                         net (fo=0)                   0.000     0.000    hdmi_out_i/clk_wiz_0/inst/clk_in1
    K17                  IBUF (Prop_ibuf_I_O)         0.243     0.243 r  hdmi_out_i/clk_wiz_0/inst/clkin1_ibufg/O
                         net (fo=1, routed)           0.440     0.683    hdmi_out_i/clk_wiz_0/inst/clk_in1_hdmi_out_clk_wiz_0_0
    MMCME2_ADV_X1Y2      MMCME2_ADV (Prop_mmcme2_adv_CLKIN1_CLKOUT0)
                                                     -2.613    -1.930 r  hdmi_out_i/clk_wiz_0/inst/mmcm_adv_inst/CLKOUT0
                         net (fo=1, routed)           0.696    -1.233    hdmi_out_i/clk_wiz_0/inst/clk_out1_hdmi_out_clk_wiz_0_0
    BUFGCTRL_X0Y16       BUFG (Prop_bufg_I_O)         0.026    -1.207 r  hdmi_out_i/clk_wiz_0/inst/clkout1_buf/O
                         net (fo=267, routed)         0.717    -0.490    hdmi_out_i/rgb2dvi_0/U0/DataEncoders[0].DataEncoder/PixelClk
    SLICE_X112Y142       FDSE                                         r  hdmi_out_i/rgb2dvi_0/U0/DataEncoders[0].DataEncoder/pDataOutRaw_reg[9]/C
  -------------------------------------------------------------------    -------------------
    SLICE_X112Y142       FDSE (Prop_fdse_C_Q)         0.148    -0.342 r  hdmi_out_i/rgb2dvi_0/U0/DataEncoders[0].DataEncoder/pDataOutRaw_reg[9]/Q
                         net (fo=1, routed)           2.387     2.044    hdmi_out_i/rgb2dvi_0/U0/DataEncoders[0].DataSerializer/pDataOut[9]
    OLOGIC_X1Y141        OSERDESE2                                    r  hdmi_out_i/rgb2dvi_0/U0/DataEncoders[0].DataSerializer/SerializerSlave/D4
  -------------------------------------------------------------------    -------------------

                         (clock PixelClkIO rise edge)
                                                      0.000     0.000 r  
    K17                                               0.000     0.000 r  System_clock (IN)
                         net (fo=0)                   0.000     0.000    hdmi_out_i/clk_wiz_0/inst/clk_in1
    K17                  IBUF (Prop_ibuf_I_O)         0.431     0.431 r  hdmi_out_i/clk_wiz_0/inst/clkin1_ibufg/O
                         net (fo=1, routed)           0.480     0.911    hdmi_out_i/clk_wiz_0/inst/clk_in1_hdmi_out_clk_wiz_0_0
    MMCME2_ADV_X1Y2      MMCME2_ADV (Prop_mmcme2_adv_CLKIN1_CLKOUT0)
                                                     -3.407    -2.496 r  hdmi_out_i/clk_wiz_0/inst/mmcm_adv_inst/CLKOUT0
                         net (fo=1, routed)           0.752    -1.744    hdmi_out_i/clk_wiz_0/inst/clk_out1_hdmi_out_clk_wiz_0_0
    BUFGCTRL_X0Y16       BUFG (Prop_bufg_I_O)         0.029    -1.715 r  hdmi_out_i/clk_wiz_0/inst/clkout1_buf/O
                         net (fo=267, routed)         0.869    -0.846    hdmi_out_i/rgb2dvi_0/U0/ClockGenInternal.ClockGenX/oSyncStages_reg[0]
    PLLE2_ADV_X1Y0       PLLE2_ADV (Prop_plle2_adv_CLKIN1_CLKOUT1)
                                                      0.053    -0.793 r  hdmi_out_i/rgb2dvi_0/U0/ClockGenInternal.ClockGenX/GenPLL.DVI_ClkGenerator/CLKOUT1
                         net (fo=1, routed)           0.592    -0.201    hdmi_out_i/rgb2dvi_0/U0/ClockGenInternal.ClockGenX/PixelClk
    BUFGCTRL_X0Y0        BUFG (Prop_bufg_I_O)         0.029    -0.172 r  hdmi_out_i/rgb2dvi_0/U0/ClockGenInternal.ClockGenX/PixelClk_BUFG_inst/O
                         net (fo=8, routed)           0.988     0.816    hdmi_out_i/rgb2dvi_0/U0/DataEncoders[0].DataSerializer/PixelClk
    OLOGIC_X1Y141        OSERDESE2                                    r  hdmi_out_i/rgb2dvi_0/U0/DataEncoders[0].DataSerializer/SerializerSlave/CLKDIV
                         clock pessimism              0.508     1.324    
                         clock uncertainty            0.352     1.676    
    OLOGIC_X1Y141        OSERDESE2 (Hold_oserdese2_CLKDIV_D4)
                                                     -0.035     1.641    hdmi_out_i/rgb2dvi_0/U0/DataEncoders[0].DataSerializer/SerializerSlave
  -------------------------------------------------------------------
                         required time                         -1.641    
                         arrival time                           2.044    
  -------------------------------------------------------------------
                         slack                                  0.403    

Slack (MET) :             0.409ns  (arrival time - required time)
  Source:                 hdmi_out_i/rgb2dvi_0/U0/DataEncoders[1].DataEncoder/pDataOutRaw_reg[1]/C
                            (rising edge-triggered cell FDRE clocked by clk_out1_hdmi_out_clk_wiz_0_0  {rise@0.000ns fall@7.015ns period=14.030ns})
  Destination:            hdmi_out_i/rgb2dvi_0/U0/DataEncoders[1].DataSerializer/SerializerMaster/D2
                            (rising edge-triggered cell OSERDESE2 clocked by PixelClkIO  {rise@0.000ns fall@7.015ns period=14.030ns})
  Path Group:             PixelClkIO
  Path Type:              Hold (Min at Fast Process Corner)
  Requirement:            0.000ns  (PixelClkIO rise@0.000ns - clk_out1_hdmi_out_clk_wiz_0_0 rise@0.000ns)
  Data Path Delay:        2.594ns  (logic 0.164ns (6.323%)  route 2.430ns (93.677%))
  Logic Levels:           0  
  Clock Path Skew:        1.814ns (DCD - SCD - CPR)
    Destination Clock Delay (DCD):    0.818ns
    Source Clock Delay      (SCD):    -0.488ns
    Clock Pessimism Removal (CPR):    -0.508ns
  Clock Uncertainty:      0.352ns  ((TSJ^2 + DJ^2)^1/2) / 2 + PE
    Total System Jitter     (TSJ):    0.071ns
    Discrete Jitter          (DJ):    0.120ns
    Phase Error              (PE):    0.283ns

    Location             Delay type                Incr(ns)  Path(ns)    Netlist Resource(s)
  -------------------------------------------------------------------    -------------------
                         (clock clk_out1_hdmi_out_clk_wiz_0_0 rise edge)
                                                      0.000     0.000 r  
    K17                                               0.000     0.000 r  System_clock (IN)
                         net (fo=0)                   0.000     0.000    hdmi_out_i/clk_wiz_0/inst/clk_in1
    K17                  IBUF (Prop_ibuf_I_O)         0.243     0.243 r  hdmi_out_i/clk_wiz_0/inst/clkin1_ibufg/O
                         net (fo=1, routed)           0.440     0.683    hdmi_out_i/clk_wiz_0/inst/clk_in1_hdmi_out_clk_wiz_0_0
    MMCME2_ADV_X1Y2      MMCME2_ADV (Prop_mmcme2_adv_CLKIN1_CLKOUT0)
                                                     -2.613    -1.930 r  hdmi_out_i/clk_wiz_0/inst/mmcm_adv_inst/CLKOUT0
                         net (fo=1, routed)           0.696    -1.233    hdmi_out_i/clk_wiz_0/inst/clk_out1_hdmi_out_clk_wiz_0_0
    BUFGCTRL_X0Y16       BUFG (Prop_bufg_I_O)         0.026    -1.207 r  hdmi_out_i/clk_wiz_0/inst/clkout1_buf/O
                         net (fo=267, routed)         0.719    -0.488    hdmi_out_i/rgb2dvi_0/U0/DataEncoders[1].DataEncoder/PixelClk
    SLICE_X112Y148       FDRE                                         r  hdmi_out_i/rgb2dvi_0/U0/DataEncoders[1].DataEncoder/pDataOutRaw_reg[1]/C
  -------------------------------------------------------------------    -------------------
    SLICE_X112Y148       FDRE (Prop_fdre_C_Q)         0.164    -0.324 r  hdmi_out_i/rgb2dvi_0/U0/DataEncoders[1].DataEncoder/pDataOutRaw_reg[1]/Q
                         net (fo=1, routed)           2.430     2.106    hdmi_out_i/rgb2dvi_0/U0/DataEncoders[1].DataSerializer/pDataOut[1]
    OLOGIC_X1Y148        OSERDESE2                                    r  hdmi_out_i/rgb2dvi_0/U0/DataEncoders[1].DataSerializer/SerializerMaster/D2
  -------------------------------------------------------------------    -------------------

                         (clock PixelClkIO rise edge)
                                                      0.000     0.000 r  
    K17                                               0.000     0.000 r  System_clock (IN)
                         net (fo=0)                   0.000     0.000    hdmi_out_i/clk_wiz_0/inst/clk_in1
    K17                  IBUF (Prop_ibuf_I_O)         0.431     0.431 r  hdmi_out_i/clk_wiz_0/inst/clkin1_ibufg/O
                         net (fo=1, routed)           0.480     0.911    hdmi_out_i/clk_wiz_0/inst/clk_in1_hdmi_out_clk_wiz_0_0
    MMCME2_ADV_X1Y2      MMCME2_ADV (Prop_mmcme2_adv_CLKIN1_CLKOUT0)
                                                     -3.407    -2.496 r  hdmi_out_i/clk_wiz_0/inst/mmcm_adv_inst/CLKOUT0
                         net (fo=1, routed)           0.752    -1.744    hdmi_out_i/clk_wiz_0/inst/clk_out1_hdmi_out_clk_wiz_0_0
    BUFGCTRL_X0Y16       BUFG (Prop_bufg_I_O)         0.029    -1.715 r  hdmi_out_i/clk_wiz_0/inst/clkout1_buf/O
                         net (fo=267, routed)         0.869    -0.846    hdmi_out_i/rgb2dvi_0/U0/ClockGenInternal.ClockGenX/oSyncStages_reg[0]
    PLLE2_ADV_X1Y0       PLLE2_ADV (Prop_plle2_adv_CLKIN1_CLKOUT1)
                                                      0.053    -0.793 r  hdmi_out_i/rgb2dvi_0/U0/ClockGenInternal.ClockGenX/GenPLL.DVI_ClkGenerator/CLKOUT1
                         net (fo=1, routed)           0.592    -0.201    hdmi_out_i/rgb2dvi_0/U0/ClockGenInternal.ClockGenX/PixelClk
    BUFGCTRL_X0Y0        BUFG (Prop_bufg_I_O)         0.029    -0.172 r  hdmi_out_i/rgb2dvi_0/U0/ClockGenInternal.ClockGenX/PixelClk_BUFG_inst/O
                         net (fo=8, routed)           0.990     0.818    hdmi_out_i/rgb2dvi_0/U0/DataEncoders[1].DataSerializer/PixelClk
    OLOGIC_X1Y148        OSERDESE2                                    r  hdmi_out_i/rgb2dvi_0/U0/DataEncoders[1].DataSerializer/SerializerMaster/CLKDIV
                         clock pessimism              0.508     1.326    
                         clock uncertainty            0.352     1.678    
    OLOGIC_X1Y148        OSERDESE2 (Hold_oserdese2_CLKDIV_D2)
                                                      0.019     1.697    hdmi_out_i/rgb2dvi_0/U0/DataEncoders[1].DataSerializer/SerializerMaster
  -------------------------------------------------------------------
                         required time                         -1.697    
                         arrival time                           2.106    
  -------------------------------------------------------------------
                         slack                                  0.409    

Slack (MET) :             0.409ns  (arrival time - required time)
  Source:                 hdmi_out_i/rgb2dvi_0/U0/DataEncoders[2].DataEncoder/pDataOutRaw_reg[0]/C
                            (rising edge-triggered cell FDRE clocked by clk_out1_hdmi_out_clk_wiz_0_0  {rise@0.000ns fall@7.015ns period=14.030ns})
  Destination:            hdmi_out_i/rgb2dvi_0/U0/DataEncoders[2].DataSerializer/SerializerMaster/D1
                            (rising edge-triggered cell OSERDESE2 clocked by PixelClkIO  {rise@0.000ns fall@7.015ns period=14.030ns})
  Path Group:             PixelClkIO
  Path Type:              Hold (Min at Fast Process Corner)
  Requirement:            0.000ns  (PixelClkIO rise@0.000ns - clk_out1_hdmi_out_clk_wiz_0_0 rise@0.000ns)
  Data Path Delay:        2.594ns  (logic 0.164ns (6.321%)  route 2.430ns (93.679%))
  Logic Levels:           0  
  Clock Path Skew:        1.814ns (DCD - SCD - CPR)
    Destination Clock Delay (DCD):    0.817ns
    Source Clock Delay      (SCD):    -0.489ns
    Clock Pessimism Removal (CPR):    -0.508ns
  Clock Uncertainty:      0.352ns  ((TSJ^2 + DJ^2)^1/2) / 2 + PE
    Total System Jitter     (TSJ):    0.071ns
    Discrete Jitter          (DJ):    0.120ns
    Phase Error              (PE):    0.283ns

    Location             Delay type                Incr(ns)  Path(ns)    Netlist Resource(s)
  -------------------------------------------------------------------    -------------------
                         (clock clk_out1_hdmi_out_clk_wiz_0_0 rise edge)
                                                      0.000     0.000 r  
    K17                                               0.000     0.000 r  System_clock (IN)
                         net (fo=0)                   0.000     0.000    hdmi_out_i/clk_wiz_0/inst/clk_in1
    K17                  IBUF (Prop_ibuf_I_O)         0.243     0.243 r  hdmi_out_i/clk_wiz_0/inst/clkin1_ibufg/O
                         net (fo=1, routed)           0.440     0.683    hdmi_out_i/clk_wiz_0/inst/clk_in1_hdmi_out_clk_wiz_0_0
    MMCME2_ADV_X1Y2      MMCME2_ADV (Prop_mmcme2_adv_CLKIN1_CLKOUT0)
                                                     -2.613    -1.930 r  hdmi_out_i/clk_wiz_0/inst/mmcm_adv_inst/CLKOUT0
                         net (fo=1, routed)           0.696    -1.233    hdmi_out_i/clk_wiz_0/inst/clk_out1_hdmi_out_clk_wiz_0_0
    BUFGCTRL_X0Y16       BUFG (Prop_bufg_I_O)         0.026    -1.207 r  hdmi_out_i/clk_wiz_0/inst/clkout1_buf/O
                         net (fo=267, routed)         0.718    -0.489    hdmi_out_i/rgb2dvi_0/U0/DataEncoders[2].DataEncoder/PixelClk
    SLICE_X112Y146       FDRE                                         r  hdmi_out_i/rgb2dvi_0/U0/DataEncoders[2].DataEncoder/pDataOutRaw_reg[0]/C
  -------------------------------------------------------------------    -------------------
    SLICE_X112Y146       FDRE (Prop_fdre_C_Q)         0.164    -0.325 r  hdmi_out_i/rgb2dvi_0/U0/DataEncoders[2].DataEncoder/pDataOutRaw_reg[0]/Q
                         net (fo=1, routed)           2.430     2.105    hdmi_out_i/rgb2dvi_0/U0/DataEncoders[2].DataSerializer/pDataOut[0]
    OLOGIC_X1Y146        OSERDESE2                                    r  hdmi_out_i/rgb2dvi_0/U0/DataEncoders[2].DataSerializer/SerializerMaster/D1
  -------------------------------------------------------------------    -------------------

                         (clock PixelClkIO rise edge)
                                                      0.000     0.000 r  
    K17                                               0.000     0.000 r  System_clock (IN)
                         net (fo=0)                   0.000     0.000    hdmi_out_i/clk_wiz_0/inst/clk_in1
    K17                  IBUF (Prop_ibuf_I_O)         0.431     0.431 r  hdmi_out_i/clk_wiz_0/inst/clkin1_ibufg/O
                         net (fo=1, routed)           0.480     0.911    hdmi_out_i/clk_wiz_0/inst/clk_in1_hdmi_out_clk_wiz_0_0
    MMCME2_ADV_X1Y2      MMCME2_ADV (Prop_mmcme2_adv_CLKIN1_CLKOUT0)
                                                     -3.407    -2.496 r  hdmi_out_i/clk_wiz_0/inst/mmcm_adv_inst/CLKOUT0
                         net (fo=1, routed)           0.752    -1.744    hdmi_out_i/clk_wiz_0/inst/clk_out1_hdmi_out_clk_wiz_0_0
    BUFGCTRL_X0Y16       BUFG (Prop_bufg_I_O)         0.029    -1.715 r  hdmi_out_i/clk_wiz_0/inst/clkout1_buf/O
                         net (fo=267, routed)         0.869    -0.846    hdmi_out_i/rgb2dvi_0/U0/ClockGenInternal.ClockGenX/oSyncStages_reg[0]
    PLLE2_ADV_X1Y0       PLLE2_ADV (Prop_plle2_adv_CLKIN1_CLKOUT1)
                                                      0.053    -0.793 r  hdmi_out_i/rgb2dvi_0/U0/ClockGenInternal.ClockGenX/GenPLL.DVI_ClkGenerator/CLKOUT1
                         net (fo=1, routed)           0.592    -0.201    hdmi_out_i/rgb2dvi_0/U0/ClockGenInternal.ClockGenX/PixelClk
    BUFGCTRL_X0Y0        BUFG (Prop_bufg_I_O)         0.029    -0.172 r  hdmi_out_i/rgb2dvi_0/U0/ClockGenInternal.ClockGenX/PixelClk_BUFG_inst/O
                         net (fo=8, routed)           0.989     0.817    hdmi_out_i/rgb2dvi_0/U0/DataEncoders[2].DataSerializer/PixelClk
    OLOGIC_X1Y146        OSERDESE2                                    r  hdmi_out_i/rgb2dvi_0/U0/DataEncoders[2].DataSerializer/SerializerMaster/CLKDIV
                         clock pessimism              0.508     1.325    
                         clock uncertainty            0.352     1.677    
    OLOGIC_X1Y146        OSERDESE2 (Hold_oserdese2_CLKDIV_D1)
                                                      0.019     1.696    hdmi_out_i/rgb2dvi_0/U0/DataEncoders[2].DataSerializer/SerializerMaster
  -------------------------------------------------------------------
                         required time                         -1.696    
                         arrival time                           2.105    
  -------------------------------------------------------------------
                         slack                                  0.409    

Slack (MET) :             0.417ns  (arrival time - required time)
  Source:                 hdmi_out_i/rgb2dvi_0/U0/DataEncoders[0].DataEncoder/pDataOutRaw_reg[5]/C
                            (rising edge-triggered cell FDRE clocked by clk_out1_hdmi_out_clk_wiz_0_0  {rise@0.000ns fall@7.015ns period=14.030ns})
  Destination:            hdmi_out_i/rgb2dvi_0/U0/DataEncoders[0].DataSerializer/SerializerMaster/D6
                            (rising edge-triggered cell OSERDESE2 clocked by PixelClkIO  {rise@0.000ns fall@7.015ns period=14.030ns})
  Path Group:             PixelClkIO
  Path Type:              Hold (Min at Fast Process Corner)
  Requirement:            0.000ns  (PixelClkIO rise@0.000ns - clk_out1_hdmi_out_clk_wiz_0_0 rise@0.000ns)
  Data Path Delay:        2.603ns  (logic 0.141ns (5.418%)  route 2.462ns (94.582%))
  Logic Levels:           0  
  Clock Path Skew:        1.814ns (DCD - SCD - CPR)
    Destination Clock Delay (DCD):    0.816ns
    Source Clock Delay      (SCD):    -0.490ns
    Clock Pessimism Removal (CPR):    -0.508ns
  Clock Uncertainty:      0.352ns  ((TSJ^2 + DJ^2)^1/2) / 2 + PE
    Total System Jitter     (TSJ):    0.071ns
    Discrete Jitter          (DJ):    0.120ns
    Phase Error              (PE):    0.283ns

    Location             Delay type                Incr(ns)  Path(ns)    Netlist Resource(s)
  -------------------------------------------------------------------    -------------------
                         (clock clk_out1_hdmi_out_clk_wiz_0_0 rise edge)
                                                      0.000     0.000 r  
    K17                                               0.000     0.000 r  System_clock (IN)
                         net (fo=0)                   0.000     0.000    hdmi_out_i/clk_wiz_0/inst/clk_in1
    K17                  IBUF (Prop_ibuf_I_O)         0.243     0.243 r  hdmi_out_i/clk_wiz_0/inst/clkin1_ibufg/O
                         net (fo=1, routed)           0.440     0.683    hdmi_out_i/clk_wiz_0/inst/clk_in1_hdmi_out_clk_wiz_0_0
    MMCME2_ADV_X1Y2      MMCME2_ADV (Prop_mmcme2_adv_CLKIN1_CLKOUT0)
                                                     -2.613    -1.930 r  hdmi_out_i/clk_wiz_0/inst/mmcm_adv_inst/CLKOUT0
                         net (fo=1, routed)           0.696    -1.233    hdmi_out_i/clk_wiz_0/inst/clk_out1_hdmi_out_clk_wiz_0_0
    BUFGCTRL_X0Y16       BUFG (Prop_bufg_I_O)         0.026    -1.207 r  hdmi_out_i/clk_wiz_0/inst/clkout1_buf/O
                         net (fo=267, routed)         0.717    -0.490    hdmi_out_i/rgb2dvi_0/U0/DataEncoders[0].DataEncoder/PixelClk
    SLICE_X113Y141       FDRE                                         r  hdmi_out_i/rgb2dvi_0/U0/DataEncoders[0].DataEncoder/pDataOutRaw_reg[5]/C
  -------------------------------------------------------------------    -------------------
    SLICE_X113Y141       FDRE (Prop_fdre_C_Q)         0.141    -0.349 r  hdmi_out_i/rgb2dvi_0/U0/DataEncoders[0].DataEncoder/pDataOutRaw_reg[5]/Q
                         net (fo=1, routed)           2.462     2.112    hdmi_out_i/rgb2dvi_0/U0/DataEncoders[0].DataSerializer/pDataOut[5]
    OLOGIC_X1Y142        OSERDESE2                                    r  hdmi_out_i/rgb2dvi_0/U0/DataEncoders[0].DataSerializer/SerializerMaster/D6
  -------------------------------------------------------------------    -------------------

                         (clock PixelClkIO rise edge)
                                                      0.000     0.000 r  
    K17                                               0.000     0.000 r  System_clock (IN)
                         net (fo=0)                   0.000     0.000    hdmi_out_i/clk_wiz_0/inst/clk_in1
    K17                  IBUF (Prop_ibuf_I_O)         0.431     0.431 r  hdmi_out_i/clk_wiz_0/inst/clkin1_ibufg/O
                         net (fo=1, routed)           0.480     0.911    hdmi_out_i/clk_wiz_0/inst/clk_in1_hdmi_out_clk_wiz_0_0
    MMCME2_ADV_X1Y2      MMCME2_ADV (Prop_mmcme2_adv_CLKIN1_CLKOUT0)
                                                     -3.407    -2.496 r  hdmi_out_i/clk_wiz_0/inst/mmcm_adv_inst/CLKOUT0
                         net (fo=1, routed)           0.752    -1.744    hdmi_out_i/clk_wiz_0/inst/clk_out1_hdmi_out_clk_wiz_0_0
    BUFGCTRL_X0Y16       BUFG (Prop_bufg_I_O)         0.029    -1.715 r  hdmi_out_i/clk_wiz_0/inst/clkout1_buf/O
                         net (fo=267, routed)         0.869    -0.846    hdmi_out_i/rgb2dvi_0/U0/ClockGenInternal.ClockGenX/oSyncStages_reg[0]
    PLLE2_ADV_X1Y0       PLLE2_ADV (Prop_plle2_adv_CLKIN1_CLKOUT1)
                                                      0.053    -0.793 r  hdmi_out_i/rgb2dvi_0/U0/ClockGenInternal.ClockGenX/GenPLL.DVI_ClkGenerator/CLKOUT1
                         net (fo=1, routed)           0.592    -0.201    hdmi_out_i/rgb2dvi_0/U0/ClockGenInternal.ClockGenX/PixelClk
    BUFGCTRL_X0Y0        BUFG (Prop_bufg_I_O)         0.029    -0.172 r  hdmi_out_i/rgb2dvi_0/U0/ClockGenInternal.ClockGenX/PixelClk_BUFG_inst/O
                         net (fo=8, routed)           0.988     0.816    hdmi_out_i/rgb2dvi_0/U0/DataEncoders[0].DataSerializer/PixelClk
    OLOGIC_X1Y142        OSERDESE2                                    r  hdmi_out_i/rgb2dvi_0/U0/DataEncoders[0].DataSerializer/SerializerMaster/CLKDIV
                         clock pessimism              0.508     1.324    
                         clock uncertainty            0.352     1.676    
    OLOGIC_X1Y142        OSERDESE2 (Hold_oserdese2_CLKDIV_D6)
                                                      0.019     1.695    hdmi_out_i/rgb2dvi_0/U0/DataEncoders[0].DataSerializer/SerializerMaster
  -------------------------------------------------------------------
                         required time                         -1.695    
                         arrival time                           2.112    
  -------------------------------------------------------------------
                         slack                                  0.417    





---------------------------------------------------------------------------------------------------
Path Group:  **async_default**
From Clock:  clk_out1_hdmi_out_clk_wiz_0_0
  To Clock:  clk_out1_hdmi_out_clk_wiz_0_0

Setup :            0  Failing Endpoints,  Worst Slack       12.516ns,  Total Violation        0.000ns
Hold  :            0  Failing Endpoints,  Worst Slack        0.374ns,  Total Violation        0.000ns
---------------------------------------------------------------------------------------------------


Max Delay Paths
--------------------------------------------------------------------------------------
Slack (MET) :             12.516ns  (required time - arrival time)
  Source:                 hdmi_out_i/rgb2dvi_0/U0/ClockGenInternal.ClockGenX/LockLostReset/SyncAsyncx/oSyncStages_reg[1]/C
                            (rising edge-triggered cell FDPE clocked by clk_out1_hdmi_out_clk_wiz_0_0  {rise@0.000ns fall@7.015ns period=14.030ns})
  Destination:            hdmi_out_i/rgb2dvi_0/U0/ClockGenInternal.ClockGenX/pLockWasLost_reg/PRE
                            (recovery check against rising-edge clock clk_out1_hdmi_out_clk_wiz_0_0  {rise@0.000ns fall@7.015ns period=14.030ns})
  Path Group:             **async_default**
  Path Type:              Recovery (Max at Slow Process Corner)
  Requirement:            14.030ns  (clk_out1_hdmi_out_clk_wiz_0_0 rise@14.030ns - clk_out1_hdmi_out_clk_wiz_0_0 rise@0.000ns)
  Data Path Delay:        0.821ns  (logic 0.478ns (58.222%)  route 0.343ns (41.778%))
  Logic Levels:           0  
  Clock Path Skew:        -0.026ns (DCD - SCD + CPR)
    Destination Clock Delay (DCD):    -1.469ns = ( 12.561 - 14.030 ) 
    Source Clock Delay      (SCD):    -0.836ns
    Clock Pessimism Removal (CPR):    0.607ns
  Clock Uncertainty:      0.135ns  ((TSJ^2 + DJ^2)^1/2) / 2 + PE
    Total System Jitter     (TSJ):    0.071ns
    Discrete Jitter          (DJ):    0.261ns
    Phase Error              (PE):    0.000ns

    Location             Delay type                Incr(ns)  Path(ns)    Netlist Resource(s)
  -------------------------------------------------------------------    -------------------
                         (clock clk_out1_hdmi_out_clk_wiz_0_0 rise edge)
                                                      0.000     0.000 r  
    K17                                               0.000     0.000 r  System_clock (IN)
                         net (fo=0)                   0.000     0.000    hdmi_out_i/clk_wiz_0/inst/clk_in1
    K17                  IBUF (Prop_ibuf_I_O)         1.475     1.475 r  hdmi_out_i/clk_wiz_0/inst/clkin1_ibufg/O
                         net (fo=1, routed)           1.285     2.760    hdmi_out_i/clk_wiz_0/inst/clk_in1_hdmi_out_clk_wiz_0_0
    MMCME2_ADV_X1Y2      MMCME2_ADV (Prop_mmcme2_adv_CLKIN1_CLKOUT0)
                                                     -7.759    -4.999 r  hdmi_out_i/clk_wiz_0/inst/mmcm_adv_inst/CLKOUT0
                         net (fo=1, routed)           2.206    -2.793    hdmi_out_i/clk_wiz_0/inst/clk_out1_hdmi_out_clk_wiz_0_0
    BUFGCTRL_X0Y16       BUFG (Prop_bufg_I_O)         0.101    -2.692 r  hdmi_out_i/clk_wiz_0/inst/clkout1_buf/O
                         net (fo=267, routed)         1.856    -0.836    hdmi_out_i/rgb2dvi_0/U0/ClockGenInternal.ClockGenX/LockLostReset/SyncAsyncx/oSyncStages_reg[0]_0
    SLICE_X112Y67        FDPE                                         r  hdmi_out_i/rgb2dvi_0/U0/ClockGenInternal.ClockGenX/LockLostReset/SyncAsyncx/oSyncStages_reg[1]/C
  -------------------------------------------------------------------    -------------------
    SLICE_X112Y67        FDPE (Prop_fdpe_C_Q)         0.478    -0.358 f  hdmi_out_i/rgb2dvi_0/U0/ClockGenInternal.ClockGenX/LockLostReset/SyncAsyncx/oSyncStages_reg[1]/Q
                         net (fo=4, routed)           0.343    -0.015    hdmi_out_i/rgb2dvi_0/U0/ClockGenInternal.ClockGenX/pRst
    SLICE_X112Y68        FDPE                                         f  hdmi_out_i/rgb2dvi_0/U0/ClockGenInternal.ClockGenX/pLockWasLost_reg/PRE
  -------------------------------------------------------------------    -------------------

                         (clock clk_out1_hdmi_out_clk_wiz_0_0 rise edge)
                                                     14.030    14.030 r  
    K17                                               0.000    14.030 r  System_clock (IN)
                         net (fo=0)                   0.000    14.030    hdmi_out_i/clk_wiz_0/inst/clk_in1
    K17                  IBUF (Prop_ibuf_I_O)         1.404    15.435 r  hdmi_out_i/clk_wiz_0/inst/clkin1_ibufg/O
                         net (fo=1, routed)           1.162    16.596    hdmi_out_i/clk_wiz_0/inst/clk_in1_hdmi_out_clk_wiz_0_0
    MMCME2_ADV_X1Y2      MMCME2_ADV (Prop_mmcme2_adv_CLKIN1_CLKOUT0)
                                                     -7.814     8.782 r  hdmi_out_i/clk_wiz_0/inst/mmcm_adv_inst/CLKOUT0
                         net (fo=1, routed)           2.012    10.794    hdmi_out_i/clk_wiz_0/inst/clk_out1_hdmi_out_clk_wiz_0_0
    BUFGCTRL_X0Y16       BUFG (Prop_bufg_I_O)         0.091    10.885 r  hdmi_out_i/clk_wiz_0/inst/clkout1_buf/O
                         net (fo=267, routed)         1.676    12.561    hdmi_out_i/rgb2dvi_0/U0/ClockGenInternal.ClockGenX/oSyncStages_reg[0]
    SLICE_X112Y68        FDPE                                         r  hdmi_out_i/rgb2dvi_0/U0/ClockGenInternal.ClockGenX/pLockWasLost_reg/C
                         clock pessimism              0.607    13.168    
                         clock uncertainty           -0.135    13.033    
    SLICE_X112Y68        FDPE (Recov_fdpe_C_PRE)     -0.532    12.501    hdmi_out_i/rgb2dvi_0/U0/ClockGenInternal.ClockGenX/pLockWasLost_reg
  -------------------------------------------------------------------
                         required time                         12.501    
                         arrival time                           0.015    
  -------------------------------------------------------------------
                         slack                                 12.516    

Slack (MET) :             12.516ns  (required time - arrival time)
  Source:                 hdmi_out_i/rgb2dvi_0/U0/ClockGenInternal.ClockGenX/LockLostReset/SyncAsyncx/oSyncStages_reg[1]/C
                            (rising edge-triggered cell FDPE clocked by clk_out1_hdmi_out_clk_wiz_0_0  {rise@0.000ns fall@7.015ns period=14.030ns})
  Destination:            hdmi_out_i/rgb2dvi_0/U0/ClockGenInternal.ClockGenX/pLocked_q_reg[0]/CLR
                            (recovery check against rising-edge clock clk_out1_hdmi_out_clk_wiz_0_0  {rise@0.000ns fall@7.015ns period=14.030ns})
  Path Group:             **async_default**
  Path Type:              Recovery (Max at Slow Process Corner)
  Requirement:            14.030ns  (clk_out1_hdmi_out_clk_wiz_0_0 rise@14.030ns - clk_out1_hdmi_out_clk_wiz_0_0 rise@0.000ns)
  Data Path Delay:        0.821ns  (logic 0.478ns (58.222%)  route 0.343ns (41.778%))
  Logic Levels:           0  
  Clock Path Skew:        -0.026ns (DCD - SCD + CPR)
    Destination Clock Delay (DCD):    -1.469ns = ( 12.561 - 14.030 ) 
    Source Clock Delay      (SCD):    -0.836ns
    Clock Pessimism Removal (CPR):    0.607ns
  Clock Uncertainty:      0.135ns  ((TSJ^2 + DJ^2)^1/2) / 2 + PE
    Total System Jitter     (TSJ):    0.071ns
    Discrete Jitter          (DJ):    0.261ns
    Phase Error              (PE):    0.000ns

    Location             Delay type                Incr(ns)  Path(ns)    Netlist Resource(s)
  -------------------------------------------------------------------    -------------------
                         (clock clk_out1_hdmi_out_clk_wiz_0_0 rise edge)
                                                      0.000     0.000 r  
    K17                                               0.000     0.000 r  System_clock (IN)
                         net (fo=0)                   0.000     0.000    hdmi_out_i/clk_wiz_0/inst/clk_in1
    K17                  IBUF (Prop_ibuf_I_O)         1.475     1.475 r  hdmi_out_i/clk_wiz_0/inst/clkin1_ibufg/O
                         net (fo=1, routed)           1.285     2.760    hdmi_out_i/clk_wiz_0/inst/clk_in1_hdmi_out_clk_wiz_0_0
    MMCME2_ADV_X1Y2      MMCME2_ADV (Prop_mmcme2_adv_CLKIN1_CLKOUT0)
                                                     -7.759    -4.999 r  hdmi_out_i/clk_wiz_0/inst/mmcm_adv_inst/CLKOUT0
                         net (fo=1, routed)           2.206    -2.793    hdmi_out_i/clk_wiz_0/inst/clk_out1_hdmi_out_clk_wiz_0_0
    BUFGCTRL_X0Y16       BUFG (Prop_bufg_I_O)         0.101    -2.692 r  hdmi_out_i/clk_wiz_0/inst/clkout1_buf/O
                         net (fo=267, routed)         1.856    -0.836    hdmi_out_i/rgb2dvi_0/U0/ClockGenInternal.ClockGenX/LockLostReset/SyncAsyncx/oSyncStages_reg[0]_0
    SLICE_X112Y67        FDPE                                         r  hdmi_out_i/rgb2dvi_0/U0/ClockGenInternal.ClockGenX/LockLostReset/SyncAsyncx/oSyncStages_reg[1]/C
  -------------------------------------------------------------------    -------------------
    SLICE_X112Y67        FDPE (Prop_fdpe_C_Q)         0.478    -0.358 f  hdmi_out_i/rgb2dvi_0/U0/ClockGenInternal.ClockGenX/LockLostReset/SyncAsyncx/oSyncStages_reg[1]/Q
                         net (fo=4, routed)           0.343    -0.015    hdmi_out_i/rgb2dvi_0/U0/ClockGenInternal.ClockGenX/pRst
    SLICE_X112Y68        FDCE                                         f  hdmi_out_i/rgb2dvi_0/U0/ClockGenInternal.ClockGenX/pLocked_q_reg[0]/CLR
  -------------------------------------------------------------------    -------------------

                         (clock clk_out1_hdmi_out_clk_wiz_0_0 rise edge)
                                                     14.030    14.030 r  
    K17                                               0.000    14.030 r  System_clock (IN)
                         net (fo=0)                   0.000    14.030    hdmi_out_i/clk_wiz_0/inst/clk_in1
    K17                  IBUF (Prop_ibuf_I_O)         1.404    15.435 r  hdmi_out_i/clk_wiz_0/inst/clkin1_ibufg/O
                         net (fo=1, routed)           1.162    16.596    hdmi_out_i/clk_wiz_0/inst/clk_in1_hdmi_out_clk_wiz_0_0
    MMCME2_ADV_X1Y2      MMCME2_ADV (Prop_mmcme2_adv_CLKIN1_CLKOUT0)
                                                     -7.814     8.782 r  hdmi_out_i/clk_wiz_0/inst/mmcm_adv_inst/CLKOUT0
                         net (fo=1, routed)           2.012    10.794    hdmi_out_i/clk_wiz_0/inst/clk_out1_hdmi_out_clk_wiz_0_0
    BUFGCTRL_X0Y16       BUFG (Prop_bufg_I_O)         0.091    10.885 r  hdmi_out_i/clk_wiz_0/inst/clkout1_buf/O
                         net (fo=267, routed)         1.676    12.561    hdmi_out_i/rgb2dvi_0/U0/ClockGenInternal.ClockGenX/oSyncStages_reg[0]
    SLICE_X112Y68        FDCE                                         r  hdmi_out_i/rgb2dvi_0/U0/ClockGenInternal.ClockGenX/pLocked_q_reg[0]/C
                         clock pessimism              0.607    13.168    
                         clock uncertainty           -0.135    13.033    
    SLICE_X112Y68        FDCE (Recov_fdce_C_CLR)     -0.532    12.501    hdmi_out_i/rgb2dvi_0/U0/ClockGenInternal.ClockGenX/pLocked_q_reg[0]
  -------------------------------------------------------------------
                         required time                         12.501    
                         arrival time                           0.015    
  -------------------------------------------------------------------
                         slack                                 12.516    

Slack (MET) :             12.558ns  (required time - arrival time)
  Source:                 hdmi_out_i/rgb2dvi_0/U0/ClockGenInternal.ClockGenX/LockLostReset/SyncAsyncx/oSyncStages_reg[1]/C
                            (rising edge-triggered cell FDPE clocked by clk_out1_hdmi_out_clk_wiz_0_0  {rise@0.000ns fall@7.015ns period=14.030ns})
  Destination:            hdmi_out_i/rgb2dvi_0/U0/ClockGenInternal.ClockGenX/pLocked_q_reg[1]/CLR
                            (recovery check against rising-edge clock clk_out1_hdmi_out_clk_wiz_0_0  {rise@0.000ns fall@7.015ns period=14.030ns})
  Path Group:             **async_default**
  Path Type:              Recovery (Max at Slow Process Corner)
  Requirement:            14.030ns  (clk_out1_hdmi_out_clk_wiz_0_0 rise@14.030ns - clk_out1_hdmi_out_clk_wiz_0_0 rise@0.000ns)
  Data Path Delay:        0.821ns  (logic 0.478ns (58.222%)  route 0.343ns (41.778%))
  Logic Levels:           0  
  Clock Path Skew:        -0.026ns (DCD - SCD + CPR)
    Destination Clock Delay (DCD):    -1.469ns = ( 12.561 - 14.030 ) 
    Source Clock Delay      (SCD):    -0.836ns
    Clock Pessimism Removal (CPR):    0.607ns
  Clock Uncertainty:      0.135ns  ((TSJ^2 + DJ^2)^1/2) / 2 + PE
    Total System Jitter     (TSJ):    0.071ns
    Discrete Jitter          (DJ):    0.261ns
    Phase Error              (PE):    0.000ns

    Location             Delay type                Incr(ns)  Path(ns)    Netlist Resource(s)
  -------------------------------------------------------------------    -------------------
                         (clock clk_out1_hdmi_out_clk_wiz_0_0 rise edge)
                                                      0.000     0.000 r  
    K17                                               0.000     0.000 r  System_clock (IN)
                         net (fo=0)                   0.000     0.000    hdmi_out_i/clk_wiz_0/inst/clk_in1
    K17                  IBUF (Prop_ibuf_I_O)         1.475     1.475 r  hdmi_out_i/clk_wiz_0/inst/clkin1_ibufg/O
                         net (fo=1, routed)           1.285     2.760    hdmi_out_i/clk_wiz_0/inst/clk_in1_hdmi_out_clk_wiz_0_0
    MMCME2_ADV_X1Y2      MMCME2_ADV (Prop_mmcme2_adv_CLKIN1_CLKOUT0)
                                                     -7.759    -4.999 r  hdmi_out_i/clk_wiz_0/inst/mmcm_adv_inst/CLKOUT0
                         net (fo=1, routed)           2.206    -2.793    hdmi_out_i/clk_wiz_0/inst/clk_out1_hdmi_out_clk_wiz_0_0
    BUFGCTRL_X0Y16       BUFG (Prop_bufg_I_O)         0.101    -2.692 r  hdmi_out_i/clk_wiz_0/inst/clkout1_buf/O
                         net (fo=267, routed)         1.856    -0.836    hdmi_out_i/rgb2dvi_0/U0/ClockGenInternal.ClockGenX/LockLostReset/SyncAsyncx/oSyncStages_reg[0]_0
    SLICE_X112Y67        FDPE                                         r  hdmi_out_i/rgb2dvi_0/U0/ClockGenInternal.ClockGenX/LockLostReset/SyncAsyncx/oSyncStages_reg[1]/C
  -------------------------------------------------------------------    -------------------
    SLICE_X112Y67        FDPE (Prop_fdpe_C_Q)         0.478    -0.358 f  hdmi_out_i/rgb2dvi_0/U0/ClockGenInternal.ClockGenX/LockLostReset/SyncAsyncx/oSyncStages_reg[1]/Q
                         net (fo=4, routed)           0.343    -0.015    hdmi_out_i/rgb2dvi_0/U0/ClockGenInternal.ClockGenX/pRst
    SLICE_X112Y68        FDCE                                         f  hdmi_out_i/rgb2dvi_0/U0/ClockGenInternal.ClockGenX/pLocked_q_reg[1]/CLR
  -------------------------------------------------------------------    -------------------

                         (clock clk_out1_hdmi_out_clk_wiz_0_0 rise edge)
                                                     14.030    14.030 r  
    K17                                               0.000    14.030 r  System_clock (IN)
                         net (fo=0)                   0.000    14.030    hdmi_out_i/clk_wiz_0/inst/clk_in1
    K17                  IBUF (Prop_ibuf_I_O)         1.404    15.435 r  hdmi_out_i/clk_wiz_0/inst/clkin1_ibufg/O
                         net (fo=1, routed)           1.162    16.596    hdmi_out_i/clk_wiz_0/inst/clk_in1_hdmi_out_clk_wiz_0_0
    MMCME2_ADV_X1Y2      MMCME2_ADV (Prop_mmcme2_adv_CLKIN1_CLKOUT0)
                                                     -7.814     8.782 r  hdmi_out_i/clk_wiz_0/inst/mmcm_adv_inst/CLKOUT0
                         net (fo=1, routed)           2.012    10.794    hdmi_out_i/clk_wiz_0/inst/clk_out1_hdmi_out_clk_wiz_0_0
    BUFGCTRL_X0Y16       BUFG (Prop_bufg_I_O)         0.091    10.885 r  hdmi_out_i/clk_wiz_0/inst/clkout1_buf/O
                         net (fo=267, routed)         1.676    12.561    hdmi_out_i/rgb2dvi_0/U0/ClockGenInternal.ClockGenX/oSyncStages_reg[0]
    SLICE_X112Y68        FDCE                                         r  hdmi_out_i/rgb2dvi_0/U0/ClockGenInternal.ClockGenX/pLocked_q_reg[1]/C
                         clock pessimism              0.607    13.168    
                         clock uncertainty           -0.135    13.033    
    SLICE_X112Y68        FDCE (Recov_fdce_C_CLR)     -0.490    12.543    hdmi_out_i/rgb2dvi_0/U0/ClockGenInternal.ClockGenX/pLocked_q_reg[1]
  -------------------------------------------------------------------
                         required time                         12.543    
                         arrival time                           0.015    
  -------------------------------------------------------------------
                         slack                                 12.558    

Slack (MET) :             12.558ns  (required time - arrival time)
  Source:                 hdmi_out_i/rgb2dvi_0/U0/ClockGenInternal.ClockGenX/LockLostReset/SyncAsyncx/oSyncStages_reg[1]/C
                            (rising edge-triggered cell FDPE clocked by clk_out1_hdmi_out_clk_wiz_0_0  {rise@0.000ns fall@7.015ns period=14.030ns})
  Destination:            hdmi_out_i/rgb2dvi_0/U0/ClockGenInternal.ClockGenX/pLocked_q_reg[2]/CLR
                            (recovery check against rising-edge clock clk_out1_hdmi_out_clk_wiz_0_0  {rise@0.000ns fall@7.015ns period=14.030ns})
  Path Group:             **async_default**
  Path Type:              Recovery (Max at Slow Process Corner)
  Requirement:            14.030ns  (clk_out1_hdmi_out_clk_wiz_0_0 rise@14.030ns - clk_out1_hdmi_out_clk_wiz_0_0 rise@0.000ns)
  Data Path Delay:        0.821ns  (logic 0.478ns (58.222%)  route 0.343ns (41.778%))
  Logic Levels:           0  
  Clock Path Skew:        -0.026ns (DCD - SCD + CPR)
    Destination Clock Delay (DCD):    -1.469ns = ( 12.561 - 14.030 ) 
    Source Clock Delay      (SCD):    -0.836ns
    Clock Pessimism Removal (CPR):    0.607ns
  Clock Uncertainty:      0.135ns  ((TSJ^2 + DJ^2)^1/2) / 2 + PE
    Total System Jitter     (TSJ):    0.071ns
    Discrete Jitter          (DJ):    0.261ns
    Phase Error              (PE):    0.000ns

    Location             Delay type                Incr(ns)  Path(ns)    Netlist Resource(s)
  -------------------------------------------------------------------    -------------------
                         (clock clk_out1_hdmi_out_clk_wiz_0_0 rise edge)
                                                      0.000     0.000 r  
    K17                                               0.000     0.000 r  System_clock (IN)
                         net (fo=0)                   0.000     0.000    hdmi_out_i/clk_wiz_0/inst/clk_in1
    K17                  IBUF (Prop_ibuf_I_O)         1.475     1.475 r  hdmi_out_i/clk_wiz_0/inst/clkin1_ibufg/O
                         net (fo=1, routed)           1.285     2.760    hdmi_out_i/clk_wiz_0/inst/clk_in1_hdmi_out_clk_wiz_0_0
    MMCME2_ADV_X1Y2      MMCME2_ADV (Prop_mmcme2_adv_CLKIN1_CLKOUT0)
                                                     -7.759    -4.999 r  hdmi_out_i/clk_wiz_0/inst/mmcm_adv_inst/CLKOUT0
                         net (fo=1, routed)           2.206    -2.793    hdmi_out_i/clk_wiz_0/inst/clk_out1_hdmi_out_clk_wiz_0_0
    BUFGCTRL_X0Y16       BUFG (Prop_bufg_I_O)         0.101    -2.692 r  hdmi_out_i/clk_wiz_0/inst/clkout1_buf/O
                         net (fo=267, routed)         1.856    -0.836    hdmi_out_i/rgb2dvi_0/U0/ClockGenInternal.ClockGenX/LockLostReset/SyncAsyncx/oSyncStages_reg[0]_0
    SLICE_X112Y67        FDPE                                         r  hdmi_out_i/rgb2dvi_0/U0/ClockGenInternal.ClockGenX/LockLostReset/SyncAsyncx/oSyncStages_reg[1]/C
  -------------------------------------------------------------------    -------------------
    SLICE_X112Y67        FDPE (Prop_fdpe_C_Q)         0.478    -0.358 f  hdmi_out_i/rgb2dvi_0/U0/ClockGenInternal.ClockGenX/LockLostReset/SyncAsyncx/oSyncStages_reg[1]/Q
                         net (fo=4, routed)           0.343    -0.015    hdmi_out_i/rgb2dvi_0/U0/ClockGenInternal.ClockGenX/pRst
    SLICE_X112Y68        FDCE                                         f  hdmi_out_i/rgb2dvi_0/U0/ClockGenInternal.ClockGenX/pLocked_q_reg[2]/CLR
  -------------------------------------------------------------------    -------------------

                         (clock clk_out1_hdmi_out_clk_wiz_0_0 rise edge)
                                                     14.030    14.030 r  
    K17                                               0.000    14.030 r  System_clock (IN)
                         net (fo=0)                   0.000    14.030    hdmi_out_i/clk_wiz_0/inst/clk_in1
    K17                  IBUF (Prop_ibuf_I_O)         1.404    15.435 r  hdmi_out_i/clk_wiz_0/inst/clkin1_ibufg/O
                         net (fo=1, routed)           1.162    16.596    hdmi_out_i/clk_wiz_0/inst/clk_in1_hdmi_out_clk_wiz_0_0
    MMCME2_ADV_X1Y2      MMCME2_ADV (Prop_mmcme2_adv_CLKIN1_CLKOUT0)
                                                     -7.814     8.782 r  hdmi_out_i/clk_wiz_0/inst/mmcm_adv_inst/CLKOUT0
                         net (fo=1, routed)           2.012    10.794    hdmi_out_i/clk_wiz_0/inst/clk_out1_hdmi_out_clk_wiz_0_0
    BUFGCTRL_X0Y16       BUFG (Prop_bufg_I_O)         0.091    10.885 r  hdmi_out_i/clk_wiz_0/inst/clkout1_buf/O
                         net (fo=267, routed)         1.676    12.561    hdmi_out_i/rgb2dvi_0/U0/ClockGenInternal.ClockGenX/oSyncStages_reg[0]
    SLICE_X112Y68        FDCE                                         r  hdmi_out_i/rgb2dvi_0/U0/ClockGenInternal.ClockGenX/pLocked_q_reg[2]/C
                         clock pessimism              0.607    13.168    
                         clock uncertainty           -0.135    13.033    
    SLICE_X112Y68        FDCE (Recov_fdce_C_CLR)     -0.490    12.543    hdmi_out_i/rgb2dvi_0/U0/ClockGenInternal.ClockGenX/pLocked_q_reg[2]
  -------------------------------------------------------------------
                         required time                         12.543    
                         arrival time                           0.015    
  -------------------------------------------------------------------
                         slack                                 12.558    





Min Delay Paths
--------------------------------------------------------------------------------------
Slack (MET) :             0.374ns  (arrival time - required time)
  Source:                 hdmi_out_i/rgb2dvi_0/U0/ClockGenInternal.ClockGenX/LockLostReset/SyncAsyncx/oSyncStages_reg[1]/C
                            (rising edge-triggered cell FDPE clocked by clk_out1_hdmi_out_clk_wiz_0_0  {rise@0.000ns fall@7.015ns period=14.030ns})
  Destination:            hdmi_out_i/rgb2dvi_0/U0/ClockGenInternal.ClockGenX/pLocked_q_reg[0]/CLR
                            (removal check against rising-edge clock clk_out1_hdmi_out_clk_wiz_0_0  {rise@0.000ns fall@7.015ns period=14.030ns})
  Path Group:             **async_default**
  Path Type:              Removal (Min at Fast Process Corner)
  Requirement:            0.000ns  (clk_out1_hdmi_out_clk_wiz_0_0 rise@0.000ns - clk_out1_hdmi_out_clk_wiz_0_0 rise@0.000ns)
  Data Path Delay:        0.267ns  (logic 0.148ns (55.433%)  route 0.119ns (44.567%))
  Logic Levels:           0  
  Clock Path Skew:        0.013ns (DCD - SCD - CPR)
    Destination Clock Delay (DCD):    -0.816ns
    Source Clock Delay      (SCD):    -0.578ns
    Clock Pessimism Removal (CPR):    -0.252ns

    Location             Delay type                Incr(ns)  Path(ns)    Netlist Resource(s)
  -------------------------------------------------------------------    -------------------
                         (clock clk_out1_hdmi_out_clk_wiz_0_0 rise edge)
                                                      0.000     0.000 r  
    K17                                               0.000     0.000 r  System_clock (IN)
                         net (fo=0)                   0.000     0.000    hdmi_out_i/clk_wiz_0/inst/clk_in1
    K17                  IBUF (Prop_ibuf_I_O)         0.243     0.243 r  hdmi_out_i/clk_wiz_0/inst/clkin1_ibufg/O
                         net (fo=1, routed)           0.440     0.683    hdmi_out_i/clk_wiz_0/inst/clk_in1_hdmi_out_clk_wiz_0_0
    MMCME2_ADV_X1Y2      MMCME2_ADV (Prop_mmcme2_adv_CLKIN1_CLKOUT0)
                                                     -2.613    -1.930 r  hdmi_out_i/clk_wiz_0/inst/mmcm_adv_inst/CLKOUT0
                         net (fo=1, routed)           0.696    -1.233    hdmi_out_i/clk_wiz_0/inst/clk_out1_hdmi_out_clk_wiz_0_0
    BUFGCTRL_X0Y16       BUFG (Prop_bufg_I_O)         0.026    -1.207 r  hdmi_out_i/clk_wiz_0/inst/clkout1_buf/O
                         net (fo=267, routed)         0.630    -0.578    hdmi_out_i/rgb2dvi_0/U0/ClockGenInternal.ClockGenX/LockLostReset/SyncAsyncx/oSyncStages_reg[0]_0
    SLICE_X112Y67        FDPE                                         r  hdmi_out_i/rgb2dvi_0/U0/ClockGenInternal.ClockGenX/LockLostReset/SyncAsyncx/oSyncStages_reg[1]/C
  -------------------------------------------------------------------    -------------------
    SLICE_X112Y67        FDPE (Prop_fdpe_C_Q)         0.148    -0.430 f  hdmi_out_i/rgb2dvi_0/U0/ClockGenInternal.ClockGenX/LockLostReset/SyncAsyncx/oSyncStages_reg[1]/Q
                         net (fo=4, routed)           0.119    -0.311    hdmi_out_i/rgb2dvi_0/U0/ClockGenInternal.ClockGenX/pRst
    SLICE_X112Y68        FDCE                                         f  hdmi_out_i/rgb2dvi_0/U0/ClockGenInternal.ClockGenX/pLocked_q_reg[0]/CLR
  -------------------------------------------------------------------    -------------------

                         (clock clk_out1_hdmi_out_clk_wiz_0_0 rise edge)
                                                      0.000     0.000 r  
    K17                                               0.000     0.000 r  System_clock (IN)
                         net (fo=0)                   0.000     0.000    hdmi_out_i/clk_wiz_0/inst/clk_in1
    K17                  IBUF (Prop_ibuf_I_O)         0.431     0.431 r  hdmi_out_i/clk_wiz_0/inst/clkin1_ibufg/O
                         net (fo=1, routed)           0.480     0.911    hdmi_out_i/clk_wiz_0/inst/clk_in1_hdmi_out_clk_wiz_0_0
    MMCME2_ADV_X1Y2      MMCME2_ADV (Prop_mmcme2_adv_CLKIN1_CLKOUT0)
                                                     -3.407    -2.496 r  hdmi_out_i/clk_wiz_0/inst/mmcm_adv_inst/CLKOUT0
                         net (fo=1, routed)           0.752    -1.744    hdmi_out_i/clk_wiz_0/inst/clk_out1_hdmi_out_clk_wiz_0_0
    BUFGCTRL_X0Y16       BUFG (Prop_bufg_I_O)         0.029    -1.715 r  hdmi_out_i/clk_wiz_0/inst/clkout1_buf/O
                         net (fo=267, routed)         0.899    -0.816    hdmi_out_i/rgb2dvi_0/U0/ClockGenInternal.ClockGenX/oSyncStages_reg[0]
    SLICE_X112Y68        FDCE                                         r  hdmi_out_i/rgb2dvi_0/U0/ClockGenInternal.ClockGenX/pLocked_q_reg[0]/C
                         clock pessimism              0.252    -0.565    
    SLICE_X112Y68        FDCE (Remov_fdce_C_CLR)     -0.120    -0.685    hdmi_out_i/rgb2dvi_0/U0/ClockGenInternal.ClockGenX/pLocked_q_reg[0]
  -------------------------------------------------------------------
                         required time                          0.685    
                         arrival time                          -0.311    
  -------------------------------------------------------------------
                         slack                                  0.374    

Slack (MET) :             0.374ns  (arrival time - required time)
  Source:                 hdmi_out_i/rgb2dvi_0/U0/ClockGenInternal.ClockGenX/LockLostReset/SyncAsyncx/oSyncStages_reg[1]/C
                            (rising edge-triggered cell FDPE clocked by clk_out1_hdmi_out_clk_wiz_0_0  {rise@0.000ns fall@7.015ns period=14.030ns})
  Destination:            hdmi_out_i/rgb2dvi_0/U0/ClockGenInternal.ClockGenX/pLocked_q_reg[1]/CLR
                            (removal check against rising-edge clock clk_out1_hdmi_out_clk_wiz_0_0  {rise@0.000ns fall@7.015ns period=14.030ns})
  Path Group:             **async_default**
  Path Type:              Removal (Min at Fast Process Corner)
  Requirement:            0.000ns  (clk_out1_hdmi_out_clk_wiz_0_0 rise@0.000ns - clk_out1_hdmi_out_clk_wiz_0_0 rise@0.000ns)
  Data Path Delay:        0.267ns  (logic 0.148ns (55.433%)  route 0.119ns (44.567%))
  Logic Levels:           0  
  Clock Path Skew:        0.013ns (DCD - SCD - CPR)
    Destination Clock Delay (DCD):    -0.816ns
    Source Clock Delay      (SCD):    -0.578ns
    Clock Pessimism Removal (CPR):    -0.252ns

    Location             Delay type                Incr(ns)  Path(ns)    Netlist Resource(s)
  -------------------------------------------------------------------    -------------------
                         (clock clk_out1_hdmi_out_clk_wiz_0_0 rise edge)
                                                      0.000     0.000 r  
    K17                                               0.000     0.000 r  System_clock (IN)
                         net (fo=0)                   0.000     0.000    hdmi_out_i/clk_wiz_0/inst/clk_in1
    K17                  IBUF (Prop_ibuf_I_O)         0.243     0.243 r  hdmi_out_i/clk_wiz_0/inst/clkin1_ibufg/O
                         net (fo=1, routed)           0.440     0.683    hdmi_out_i/clk_wiz_0/inst/clk_in1_hdmi_out_clk_wiz_0_0
    MMCME2_ADV_X1Y2      MMCME2_ADV (Prop_mmcme2_adv_CLKIN1_CLKOUT0)
                                                     -2.613    -1.930 r  hdmi_out_i/clk_wiz_0/inst/mmcm_adv_inst/CLKOUT0
                         net (fo=1, routed)           0.696    -1.233    hdmi_out_i/clk_wiz_0/inst/clk_out1_hdmi_out_clk_wiz_0_0
    BUFGCTRL_X0Y16       BUFG (Prop_bufg_I_O)         0.026    -1.207 r  hdmi_out_i/clk_wiz_0/inst/clkout1_buf/O
                         net (fo=267, routed)         0.630    -0.578    hdmi_out_i/rgb2dvi_0/U0/ClockGenInternal.ClockGenX/LockLostReset/SyncAsyncx/oSyncStages_reg[0]_0
    SLICE_X112Y67        FDPE                                         r  hdmi_out_i/rgb2dvi_0/U0/ClockGenInternal.ClockGenX/LockLostReset/SyncAsyncx/oSyncStages_reg[1]/C
  -------------------------------------------------------------------    -------------------
    SLICE_X112Y67        FDPE (Prop_fdpe_C_Q)         0.148    -0.430 f  hdmi_out_i/rgb2dvi_0/U0/ClockGenInternal.ClockGenX/LockLostReset/SyncAsyncx/oSyncStages_reg[1]/Q
                         net (fo=4, routed)           0.119    -0.311    hdmi_out_i/rgb2dvi_0/U0/ClockGenInternal.ClockGenX/pRst
    SLICE_X112Y68        FDCE                                         f  hdmi_out_i/rgb2dvi_0/U0/ClockGenInternal.ClockGenX/pLocked_q_reg[1]/CLR
  -------------------------------------------------------------------    -------------------

                         (clock clk_out1_hdmi_out_clk_wiz_0_0 rise edge)
                                                      0.000     0.000 r  
    K17                                               0.000     0.000 r  System_clock (IN)
                         net (fo=0)                   0.000     0.000    hdmi_out_i/clk_wiz_0/inst/clk_in1
    K17                  IBUF (Prop_ibuf_I_O)         0.431     0.431 r  hdmi_out_i/clk_wiz_0/inst/clkin1_ibufg/O
                         net (fo=1, routed)           0.480     0.911    hdmi_out_i/clk_wiz_0/inst/clk_in1_hdmi_out_clk_wiz_0_0
    MMCME2_ADV_X1Y2      MMCME2_ADV (Prop_mmcme2_adv_CLKIN1_CLKOUT0)
                                                     -3.407    -2.496 r  hdmi_out_i/clk_wiz_0/inst/mmcm_adv_inst/CLKOUT0
                         net (fo=1, routed)           0.752    -1.744    hdmi_out_i/clk_wiz_0/inst/clk_out1_hdmi_out_clk_wiz_0_0
    BUFGCTRL_X0Y16       BUFG (Prop_bufg_I_O)         0.029    -1.715 r  hdmi_out_i/clk_wiz_0/inst/clkout1_buf/O
                         net (fo=267, routed)         0.899    -0.816    hdmi_out_i/rgb2dvi_0/U0/ClockGenInternal.ClockGenX/oSyncStages_reg[0]
    SLICE_X112Y68        FDCE                                         r  hdmi_out_i/rgb2dvi_0/U0/ClockGenInternal.ClockGenX/pLocked_q_reg[1]/C
                         clock pessimism              0.252    -0.565    
    SLICE_X112Y68        FDCE (Remov_fdce_C_CLR)     -0.120    -0.685    hdmi_out_i/rgb2dvi_0/U0/ClockGenInternal.ClockGenX/pLocked_q_reg[1]
  -------------------------------------------------------------------
                         required time                          0.685    
                         arrival time                          -0.311    
  -------------------------------------------------------------------
                         slack                                  0.374    

Slack (MET) :             0.374ns  (arrival time - required time)
  Source:                 hdmi_out_i/rgb2dvi_0/U0/ClockGenInternal.ClockGenX/LockLostReset/SyncAsyncx/oSyncStages_reg[1]/C
                            (rising edge-triggered cell FDPE clocked by clk_out1_hdmi_out_clk_wiz_0_0  {rise@0.000ns fall@7.015ns period=14.030ns})
  Destination:            hdmi_out_i/rgb2dvi_0/U0/ClockGenInternal.ClockGenX/pLocked_q_reg[2]/CLR
                            (removal check against rising-edge clock clk_out1_hdmi_out_clk_wiz_0_0  {rise@0.000ns fall@7.015ns period=14.030ns})
  Path Group:             **async_default**
  Path Type:              Removal (Min at Fast Process Corner)
  Requirement:            0.000ns  (clk_out1_hdmi_out_clk_wiz_0_0 rise@0.000ns - clk_out1_hdmi_out_clk_wiz_0_0 rise@0.000ns)
  Data Path Delay:        0.267ns  (logic 0.148ns (55.433%)  route 0.119ns (44.567%))
  Logic Levels:           0  
  Clock Path Skew:        0.013ns (DCD - SCD - CPR)
    Destination Clock Delay (DCD):    -0.816ns
    Source Clock Delay      (SCD):    -0.578ns
    Clock Pessimism Removal (CPR):    -0.252ns

    Location             Delay type                Incr(ns)  Path(ns)    Netlist Resource(s)
  -------------------------------------------------------------------    -------------------
                         (clock clk_out1_hdmi_out_clk_wiz_0_0 rise edge)
                                                      0.000     0.000 r  
    K17                                               0.000     0.000 r  System_clock (IN)
                         net (fo=0)                   0.000     0.000    hdmi_out_i/clk_wiz_0/inst/clk_in1
    K17                  IBUF (Prop_ibuf_I_O)         0.243     0.243 r  hdmi_out_i/clk_wiz_0/inst/clkin1_ibufg/O
                         net (fo=1, routed)           0.440     0.683    hdmi_out_i/clk_wiz_0/inst/clk_in1_hdmi_out_clk_wiz_0_0
    MMCME2_ADV_X1Y2      MMCME2_ADV (Prop_mmcme2_adv_CLKIN1_CLKOUT0)
                                                     -2.613    -1.930 r  hdmi_out_i/clk_wiz_0/inst/mmcm_adv_inst/CLKOUT0
                         net (fo=1, routed)           0.696    -1.233    hdmi_out_i/clk_wiz_0/inst/clk_out1_hdmi_out_clk_wiz_0_0
    BUFGCTRL_X0Y16       BUFG (Prop_bufg_I_O)         0.026    -1.207 r  hdmi_out_i/clk_wiz_0/inst/clkout1_buf/O
                         net (fo=267, routed)         0.630    -0.578    hdmi_out_i/rgb2dvi_0/U0/ClockGenInternal.ClockGenX/LockLostReset/SyncAsyncx/oSyncStages_reg[0]_0
    SLICE_X112Y67        FDPE                                         r  hdmi_out_i/rgb2dvi_0/U0/ClockGenInternal.ClockGenX/LockLostReset/SyncAsyncx/oSyncStages_reg[1]/C
  -------------------------------------------------------------------    -------------------
    SLICE_X112Y67        FDPE (Prop_fdpe_C_Q)         0.148    -0.430 f  hdmi_out_i/rgb2dvi_0/U0/ClockGenInternal.ClockGenX/LockLostReset/SyncAsyncx/oSyncStages_reg[1]/Q
                         net (fo=4, routed)           0.119    -0.311    hdmi_out_i/rgb2dvi_0/U0/ClockGenInternal.ClockGenX/pRst
    SLICE_X112Y68        FDCE                                         f  hdmi_out_i/rgb2dvi_0/U0/ClockGenInternal.ClockGenX/pLocked_q_reg[2]/CLR
  -------------------------------------------------------------------    -------------------

                         (clock clk_out1_hdmi_out_clk_wiz_0_0 rise edge)
                                                      0.000     0.000 r  
    K17                                               0.000     0.000 r  System_clock (IN)
                         net (fo=0)                   0.000     0.000    hdmi_out_i/clk_wiz_0/inst/clk_in1
    K17                  IBUF (Prop_ibuf_I_O)         0.431     0.431 r  hdmi_out_i/clk_wiz_0/inst/clkin1_ibufg/O
                         net (fo=1, routed)           0.480     0.911    hdmi_out_i/clk_wiz_0/inst/clk_in1_hdmi_out_clk_wiz_0_0
    MMCME2_ADV_X1Y2      MMCME2_ADV (Prop_mmcme2_adv_CLKIN1_CLKOUT0)
                                                     -3.407    -2.496 r  hdmi_out_i/clk_wiz_0/inst/mmcm_adv_inst/CLKOUT0
                         net (fo=1, routed)           0.752    -1.744    hdmi_out_i/clk_wiz_0/inst/clk_out1_hdmi_out_clk_wiz_0_0
    BUFGCTRL_X0Y16       BUFG (Prop_bufg_I_O)         0.029    -1.715 r  hdmi_out_i/clk_wiz_0/inst/clkout1_buf/O
                         net (fo=267, routed)         0.899    -0.816    hdmi_out_i/rgb2dvi_0/U0/ClockGenInternal.ClockGenX/oSyncStages_reg[0]
    SLICE_X112Y68        FDCE                                         r  hdmi_out_i/rgb2dvi_0/U0/ClockGenInternal.ClockGenX/pLocked_q_reg[2]/C
                         clock pessimism              0.252    -0.565    
    SLICE_X112Y68        FDCE (Remov_fdce_C_CLR)     -0.120    -0.685    hdmi_out_i/rgb2dvi_0/U0/ClockGenInternal.ClockGenX/pLocked_q_reg[2]
  -------------------------------------------------------------------
                         required time                          0.685    
                         arrival time                          -0.311    
  -------------------------------------------------------------------
                         slack                                  0.374    

Slack (MET) :             0.378ns  (arrival time - required time)
  Source:                 hdmi_out_i/rgb2dvi_0/U0/ClockGenInternal.ClockGenX/LockLostReset/SyncAsyncx/oSyncStages_reg[1]/C
                            (rising edge-triggered cell FDPE clocked by clk_out1_hdmi_out_clk_wiz_0_0  {rise@0.000ns fall@7.015ns period=14.030ns})
  Destination:            hdmi_out_i/rgb2dvi_0/U0/ClockGenInternal.ClockGenX/pLockWasLost_reg/PRE
                            (removal check against rising-edge clock clk_out1_hdmi_out_clk_wiz_0_0  {rise@0.000ns fall@7.015ns period=14.030ns})
  Path Group:             **async_default**
  Path Type:              Removal (Min at Fast Process Corner)
  Requirement:            0.000ns  (clk_out1_hdmi_out_clk_wiz_0_0 rise@0.000ns - clk_out1_hdmi_out_clk_wiz_0_0 rise@0.000ns)
  Data Path Delay:        0.267ns  (logic 0.148ns (55.433%)  route 0.119ns (44.567%))
  Logic Levels:           0  
  Clock Path Skew:        0.013ns (DCD - SCD - CPR)
    Destination Clock Delay (DCD):    -0.816ns
    Source Clock Delay      (SCD):    -0.578ns
    Clock Pessimism Removal (CPR):    -0.252ns

    Location             Delay type                Incr(ns)  Path(ns)    Netlist Resource(s)
  -------------------------------------------------------------------    -------------------
                         (clock clk_out1_hdmi_out_clk_wiz_0_0 rise edge)
                                                      0.000     0.000 r  
    K17                                               0.000     0.000 r  System_clock (IN)
                         net (fo=0)                   0.000     0.000    hdmi_out_i/clk_wiz_0/inst/clk_in1
    K17                  IBUF (Prop_ibuf_I_O)         0.243     0.243 r  hdmi_out_i/clk_wiz_0/inst/clkin1_ibufg/O
                         net (fo=1, routed)           0.440     0.683    hdmi_out_i/clk_wiz_0/inst/clk_in1_hdmi_out_clk_wiz_0_0
    MMCME2_ADV_X1Y2      MMCME2_ADV (Prop_mmcme2_adv_CLKIN1_CLKOUT0)
                                                     -2.613    -1.930 r  hdmi_out_i/clk_wiz_0/inst/mmcm_adv_inst/CLKOUT0
                         net (fo=1, routed)           0.696    -1.233    hdmi_out_i/clk_wiz_0/inst/clk_out1_hdmi_out_clk_wiz_0_0
    BUFGCTRL_X0Y16       BUFG (Prop_bufg_I_O)         0.026    -1.207 r  hdmi_out_i/clk_wiz_0/inst/clkout1_buf/O
                         net (fo=267, routed)         0.630    -0.578    hdmi_out_i/rgb2dvi_0/U0/ClockGenInternal.ClockGenX/LockLostReset/SyncAsyncx/oSyncStages_reg[0]_0
    SLICE_X112Y67        FDPE                                         r  hdmi_out_i/rgb2dvi_0/U0/ClockGenInternal.ClockGenX/LockLostReset/SyncAsyncx/oSyncStages_reg[1]/C
  -------------------------------------------------------------------    -------------------
    SLICE_X112Y67        FDPE (Prop_fdpe_C_Q)         0.148    -0.430 f  hdmi_out_i/rgb2dvi_0/U0/ClockGenInternal.ClockGenX/LockLostReset/SyncAsyncx/oSyncStages_reg[1]/Q
                         net (fo=4, routed)           0.119    -0.311    hdmi_out_i/rgb2dvi_0/U0/ClockGenInternal.ClockGenX/pRst
    SLICE_X112Y68        FDPE                                         f  hdmi_out_i/rgb2dvi_0/U0/ClockGenInternal.ClockGenX/pLockWasLost_reg/PRE
  -------------------------------------------------------------------    -------------------

                         (clock clk_out1_hdmi_out_clk_wiz_0_0 rise edge)
                                                      0.000     0.000 r  
    K17                                               0.000     0.000 r  System_clock (IN)
                         net (fo=0)                   0.000     0.000    hdmi_out_i/clk_wiz_0/inst/clk_in1
    K17                  IBUF (Prop_ibuf_I_O)         0.431     0.431 r  hdmi_out_i/clk_wiz_0/inst/clkin1_ibufg/O
                         net (fo=1, routed)           0.480     0.911    hdmi_out_i/clk_wiz_0/inst/clk_in1_hdmi_out_clk_wiz_0_0
    MMCME2_ADV_X1Y2      MMCME2_ADV (Prop_mmcme2_adv_CLKIN1_CLKOUT0)
                                                     -3.407    -2.496 r  hdmi_out_i/clk_wiz_0/inst/mmcm_adv_inst/CLKOUT0
                         net (fo=1, routed)           0.752    -1.744    hdmi_out_i/clk_wiz_0/inst/clk_out1_hdmi_out_clk_wiz_0_0
    BUFGCTRL_X0Y16       BUFG (Prop_bufg_I_O)         0.029    -1.715 r  hdmi_out_i/clk_wiz_0/inst/clkout1_buf/O
                         net (fo=267, routed)         0.899    -0.816    hdmi_out_i/rgb2dvi_0/U0/ClockGenInternal.ClockGenX/oSyncStages_reg[0]
    SLICE_X112Y68        FDPE                                         r  hdmi_out_i/rgb2dvi_0/U0/ClockGenInternal.ClockGenX/pLockWasLost_reg/C
                         clock pessimism              0.252    -0.565    
    SLICE_X112Y68        FDPE (Remov_fdpe_C_PRE)     -0.124    -0.689    hdmi_out_i/rgb2dvi_0/U0/ClockGenInternal.ClockGenX/pLockWasLost_reg
  -------------------------------------------------------------------
                         required time                          0.689    
                         arrival time                          -0.311    
  -------------------------------------------------------------------
                         slack                                  0.378    





--------------------------------------------------------------------------------------
Path Group:  (none)
From Clock:  
  To Clock:  clk_out1_hdmi_out_clk_wiz_0_0

Max Delay             3 Endpoints
Min Delay             3 Endpoints
--------------------------------------------------------------------------------------


Max Delay Paths
--------------------------------------------------------------------------------------
Slack:                    inf
  Source:                 hdmi_out_i/rgb2dvi_0/U0/ClockGenInternal.ClockGenX/GenPLL.DVI_ClkGenerator/LOCKED
                            (internal pin)
  Destination:            hdmi_out_i/rgb2dvi_0/U0/LockLostReset/SyncAsyncx/oSyncStages_reg[0]/PRE
                            (recovery check against rising-edge clock clk_out1_hdmi_out_clk_wiz_0_0  {rise@0.000ns fall@7.015ns period=14.030ns})
  Path Group:             (none)
  Path Type:              Recovery (Max at Slow Process Corner)
  Data Path Delay:        4.479ns  (logic 0.124ns (2.768%)  route 4.355ns (97.232%))
  Logic Levels:           1  (LUT1=1)
  Clock Uncertainty:      0.391ns  ((TSJ^2 + DJ^2)^1/2) / 2 + PE
    Total System Jitter     (TSJ):    0.050ns
    Discrete Jitter          (DJ):    0.261ns
    Phase Error              (PE):    0.258ns
  Timing Exception:       False Path

    Location             Delay type                Incr(ns)  Path(ns)    Netlist Resource(s)
  -------------------------------------------------------------------    -------------------
    PLLE2_ADV_X1Y0       PLLE2_ADV                    0.000     0.000 r  hdmi_out_i/rgb2dvi_0/U0/ClockGenInternal.ClockGenX/GenPLL.DVI_ClkGenerator/LOCKED
                         net (fo=2, routed)           3.828     3.828    hdmi_out_i/rgb2dvi_0/U0/ClockGenInternal.ClockGenX/aPixelClkLckd
    SLICE_X113Y123       LUT1 (Prop_lut1_I0_O)        0.124     3.952 f  hdmi_out_i/rgb2dvi_0/U0/ClockGenInternal.ClockGenX/aRst_int_inferred_i_1/O
                         net (fo=2, routed)           0.528     4.479    hdmi_out_i/rgb2dvi_0/U0/LockLostReset/SyncAsyncx/AS[0]
    SLICE_X113Y123       FDPE                                         f  hdmi_out_i/rgb2dvi_0/U0/LockLostReset/SyncAsyncx/oSyncStages_reg[0]/PRE
  -------------------------------------------------------------------    -------------------

                         (clock clk_out1_hdmi_out_clk_wiz_0_0 rise edge)
                                                      0.000     0.000 r  
    K17                                               0.000     0.000 r  System_clock (IN)
                         net (fo=0)                   0.000     0.000    hdmi_out_i/clk_wiz_0/inst/clk_in1
    K17                  IBUF (Prop_ibuf_I_O)         1.404     1.404 r  hdmi_out_i/clk_wiz_0/inst/clkin1_ibufg/O
                         net (fo=1, routed)           1.162     2.566    hdmi_out_i/clk_wiz_0/inst/clk_in1_hdmi_out_clk_wiz_0_0
    MMCME2_ADV_X1Y2      MMCME2_ADV (Prop_mmcme2_adv_CLKIN1_CLKOUT0)
                                                     -7.814    -5.248 r  hdmi_out_i/clk_wiz_0/inst/mmcm_adv_inst/CLKOUT0
                         net (fo=1, routed)           2.012    -3.236    hdmi_out_i/clk_wiz_0/inst/clk_out1_hdmi_out_clk_wiz_0_0
    BUFGCTRL_X0Y16       BUFG (Prop_bufg_I_O)         0.091    -3.145 r  hdmi_out_i/clk_wiz_0/inst/clkout1_buf/O
                         net (fo=267, routed)         1.845    -1.300    hdmi_out_i/rgb2dvi_0/U0/LockLostReset/SyncAsyncx/PixelClk
    SLICE_X113Y123       FDPE                                         r  hdmi_out_i/rgb2dvi_0/U0/LockLostReset/SyncAsyncx/oSyncStages_reg[0]/C

Slack:                    inf
  Source:                 hdmi_out_i/rgb2dvi_0/U0/ClockGenInternal.ClockGenX/GenPLL.DVI_ClkGenerator/LOCKED
                            (internal pin)
  Destination:            hdmi_out_i/rgb2dvi_0/U0/LockLostReset/SyncAsyncx/oSyncStages_reg[1]/PRE
                            (recovery check against rising-edge clock clk_out1_hdmi_out_clk_wiz_0_0  {rise@0.000ns fall@7.015ns period=14.030ns})
  Path Group:             (none)
  Path Type:              Recovery (Max at Slow Process Corner)
  Data Path Delay:        4.479ns  (logic 0.124ns (2.768%)  route 4.355ns (97.232%))
  Logic Levels:           1  (LUT1=1)
  Clock Uncertainty:      0.391ns  ((TSJ^2 + DJ^2)^1/2) / 2 + PE
    Total System Jitter     (TSJ):    0.050ns
    Discrete Jitter          (DJ):    0.261ns
    Phase Error              (PE):    0.258ns
  Timing Exception:       False Path

    Location             Delay type                Incr(ns)  Path(ns)    Netlist Resource(s)
  -------------------------------------------------------------------    -------------------
    PLLE2_ADV_X1Y0       PLLE2_ADV                    0.000     0.000 r  hdmi_out_i/rgb2dvi_0/U0/ClockGenInternal.ClockGenX/GenPLL.DVI_ClkGenerator/LOCKED
                         net (fo=2, routed)           3.828     3.828    hdmi_out_i/rgb2dvi_0/U0/ClockGenInternal.ClockGenX/aPixelClkLckd
    SLICE_X113Y123       LUT1 (Prop_lut1_I0_O)        0.124     3.952 f  hdmi_out_i/rgb2dvi_0/U0/ClockGenInternal.ClockGenX/aRst_int_inferred_i_1/O
                         net (fo=2, routed)           0.528     4.479    hdmi_out_i/rgb2dvi_0/U0/LockLostReset/SyncAsyncx/AS[0]
    SLICE_X113Y123       FDPE                                         f  hdmi_out_i/rgb2dvi_0/U0/LockLostReset/SyncAsyncx/oSyncStages_reg[1]/PRE
  -------------------------------------------------------------------    -------------------

                         (clock clk_out1_hdmi_out_clk_wiz_0_0 rise edge)
                                                      0.000     0.000 r  
    K17                                               0.000     0.000 r  System_clock (IN)
                         net (fo=0)                   0.000     0.000    hdmi_out_i/clk_wiz_0/inst/clk_in1
    K17                  IBUF (Prop_ibuf_I_O)         1.404     1.404 r  hdmi_out_i/clk_wiz_0/inst/clkin1_ibufg/O
                         net (fo=1, routed)           1.162     2.566    hdmi_out_i/clk_wiz_0/inst/clk_in1_hdmi_out_clk_wiz_0_0
    MMCME2_ADV_X1Y2      MMCME2_ADV (Prop_mmcme2_adv_CLKIN1_CLKOUT0)
                                                     -7.814    -5.248 r  hdmi_out_i/clk_wiz_0/inst/mmcm_adv_inst/CLKOUT0
                         net (fo=1, routed)           2.012    -3.236    hdmi_out_i/clk_wiz_0/inst/clk_out1_hdmi_out_clk_wiz_0_0
    BUFGCTRL_X0Y16       BUFG (Prop_bufg_I_O)         0.091    -3.145 r  hdmi_out_i/clk_wiz_0/inst/clkout1_buf/O
                         net (fo=267, routed)         1.845    -1.300    hdmi_out_i/rgb2dvi_0/U0/LockLostReset/SyncAsyncx/PixelClk
    SLICE_X113Y123       FDPE                                         r  hdmi_out_i/rgb2dvi_0/U0/LockLostReset/SyncAsyncx/oSyncStages_reg[1]/C

Slack:                    inf
  Source:                 hdmi_out_i/rgb2dvi_0/U0/ClockGenInternal.ClockGenX/GenPLL.DVI_ClkGenerator/LOCKED
                            (internal pin)
  Destination:            hdmi_out_i/rgb2dvi_0/U0/ClockGenInternal.ClockGenX/PLL_LockSyncAsync/oSyncStages_reg[0]/D
                            (rising edge-triggered cell FDRE clocked by clk_out1_hdmi_out_clk_wiz_0_0  {rise@0.000ns fall@7.015ns period=14.030ns})
  Path Group:             (none)
  Path Type:              Setup (Max at Slow Process Corner)
  Data Path Delay:        1.349ns  (logic 0.000ns (0.000%)  route 1.349ns (100.000%))
  Logic Levels:           0  
  Clock Uncertainty:      0.391ns  ((TSJ^2 + DJ^2)^1/2) / 2 + PE
    Total System Jitter     (TSJ):    0.050ns
    Discrete Jitter          (DJ):    0.261ns
    Phase Error              (PE):    0.258ns
  Timing Exception:       False Path

    Location             Delay type                Incr(ns)  Path(ns)    Netlist Resource(s)
  -------------------------------------------------------------------    -------------------
    PLLE2_ADV_X1Y0       PLLE2_ADV                    0.000     0.000 r  hdmi_out_i/rgb2dvi_0/U0/ClockGenInternal.ClockGenX/GenPLL.DVI_ClkGenerator/LOCKED
                         net (fo=2, routed)           1.349     1.349    hdmi_out_i/rgb2dvi_0/U0/ClockGenInternal.ClockGenX/PLL_LockSyncAsync/oSyncStages_reg[0]_1[0]
    SLICE_X113Y68        FDRE                                         r  hdmi_out_i/rgb2dvi_0/U0/ClockGenInternal.ClockGenX/PLL_LockSyncAsync/oSyncStages_reg[0]/D
  -------------------------------------------------------------------    -------------------

                         (clock clk_out1_hdmi_out_clk_wiz_0_0 rise edge)
                                                      0.000     0.000 r  
    K17                                               0.000     0.000 r  System_clock (IN)
                         net (fo=0)                   0.000     0.000    hdmi_out_i/clk_wiz_0/inst/clk_in1
    K17                  IBUF (Prop_ibuf_I_O)         1.404     1.404 r  hdmi_out_i/clk_wiz_0/inst/clkin1_ibufg/O
                         net (fo=1, routed)           1.162     2.566    hdmi_out_i/clk_wiz_0/inst/clk_in1_hdmi_out_clk_wiz_0_0
    MMCME2_ADV_X1Y2      MMCME2_ADV (Prop_mmcme2_adv_CLKIN1_CLKOUT0)
                                                     -7.814    -5.248 r  hdmi_out_i/clk_wiz_0/inst/mmcm_adv_inst/CLKOUT0
                         net (fo=1, routed)           2.012    -3.236    hdmi_out_i/clk_wiz_0/inst/clk_out1_hdmi_out_clk_wiz_0_0
    BUFGCTRL_X0Y16       BUFG (Prop_bufg_I_O)         0.091    -3.145 r  hdmi_out_i/clk_wiz_0/inst/clkout1_buf/O
                         net (fo=267, routed)         1.676    -1.469    hdmi_out_i/rgb2dvi_0/U0/ClockGenInternal.ClockGenX/PLL_LockSyncAsync/oSyncStages_reg[0]_0
    SLICE_X113Y68        FDRE                                         r  hdmi_out_i/rgb2dvi_0/U0/ClockGenInternal.ClockGenX/PLL_LockSyncAsync/oSyncStages_reg[0]/C





Min Delay Paths
--------------------------------------------------------------------------------------
Slack:                    inf
  Source:                 hdmi_out_i/rgb2dvi_0/U0/ClockGenInternal.ClockGenX/GenPLL.DVI_ClkGenerator/LOCKED
                            (internal pin)
  Destination:            hdmi_out_i/rgb2dvi_0/U0/ClockGenInternal.ClockGenX/PLL_LockSyncAsync/oSyncStages_reg[0]/D
                            (rising edge-triggered cell FDRE clocked by clk_out1_hdmi_out_clk_wiz_0_0  {rise@0.000ns fall@7.015ns period=14.030ns})
  Path Group:             (none)
  Path Type:              Hold (Min at Fast Process Corner)
  Data Path Delay:        0.570ns  (logic 0.000ns (0.000%)  route 0.570ns (100.000%))
  Logic Levels:           0  
  Clock Uncertainty:      0.391ns  ((TSJ^2 + DJ^2)^1/2) / 2 + PE
    Total System Jitter     (TSJ):    0.050ns
    Discrete Jitter          (DJ):    0.261ns
    Phase Error              (PE):    0.258ns
  Timing Exception:       False Path

    Location             Delay type                Incr(ns)  Path(ns)    Netlist Resource(s)
  -------------------------------------------------------------------    -------------------
    PLLE2_ADV_X1Y0       PLLE2_ADV                    0.000     0.000 r  hdmi_out_i/rgb2dvi_0/U0/ClockGenInternal.ClockGenX/GenPLL.DVI_ClkGenerator/LOCKED
                         net (fo=2, routed)           0.570     0.570    hdmi_out_i/rgb2dvi_0/U0/ClockGenInternal.ClockGenX/PLL_LockSyncAsync/oSyncStages_reg[0]_1[0]
    SLICE_X113Y68        FDRE                                         r  hdmi_out_i/rgb2dvi_0/U0/ClockGenInternal.ClockGenX/PLL_LockSyncAsync/oSyncStages_reg[0]/D
  -------------------------------------------------------------------    -------------------

                         (clock clk_out1_hdmi_out_clk_wiz_0_0 rise edge)
                                                      0.000     0.000 r  
    K17                                               0.000     0.000 r  System_clock (IN)
                         net (fo=0)                   0.000     0.000    hdmi_out_i/clk_wiz_0/inst/clk_in1
    K17                  IBUF (Prop_ibuf_I_O)         0.431     0.431 r  hdmi_out_i/clk_wiz_0/inst/clkin1_ibufg/O
                         net (fo=1, routed)           0.480     0.911    hdmi_out_i/clk_wiz_0/inst/clk_in1_hdmi_out_clk_wiz_0_0
    MMCME2_ADV_X1Y2      MMCME2_ADV (Prop_mmcme2_adv_CLKIN1_CLKOUT0)
                                                     -3.407    -2.496 r  hdmi_out_i/clk_wiz_0/inst/mmcm_adv_inst/CLKOUT0
                         net (fo=1, routed)           0.752    -1.744    hdmi_out_i/clk_wiz_0/inst/clk_out1_hdmi_out_clk_wiz_0_0
    BUFGCTRL_X0Y16       BUFG (Prop_bufg_I_O)         0.029    -1.715 r  hdmi_out_i/clk_wiz_0/inst/clkout1_buf/O
                         net (fo=267, routed)         0.899    -0.816    hdmi_out_i/rgb2dvi_0/U0/ClockGenInternal.ClockGenX/PLL_LockSyncAsync/oSyncStages_reg[0]_0
    SLICE_X113Y68        FDRE                                         r  hdmi_out_i/rgb2dvi_0/U0/ClockGenInternal.ClockGenX/PLL_LockSyncAsync/oSyncStages_reg[0]/C

Slack:                    inf
  Source:                 hdmi_out_i/rgb2dvi_0/U0/ClockGenInternal.ClockGenX/GenPLL.DVI_ClkGenerator/LOCKED
                            (internal pin)
  Destination:            hdmi_out_i/rgb2dvi_0/U0/LockLostReset/SyncAsyncx/oSyncStages_reg[0]/PRE
                            (removal check against rising-edge clock clk_out1_hdmi_out_clk_wiz_0_0  {rise@0.000ns fall@7.015ns period=14.030ns})
  Path Group:             (none)
  Path Type:              Removal (Min at Fast Process Corner)
  Data Path Delay:        1.801ns  (logic 0.045ns (2.498%)  route 1.756ns (97.502%))
  Logic Levels:           1  (LUT1=1)
  Clock Uncertainty:      0.391ns  ((TSJ^2 + DJ^2)^1/2) / 2 + PE
    Total System Jitter     (TSJ):    0.050ns
    Discrete Jitter          (DJ):    0.261ns
    Phase Error              (PE):    0.258ns
  Timing Exception:       False Path

    Location             Delay type                Incr(ns)  Path(ns)    Netlist Resource(s)
  -------------------------------------------------------------------    -------------------
    PLLE2_ADV_X1Y0       PLLE2_ADV                    0.000     0.000 r  hdmi_out_i/rgb2dvi_0/U0/ClockGenInternal.ClockGenX/GenPLL.DVI_ClkGenerator/LOCKED
                         net (fo=2, routed)           1.584     1.584    hdmi_out_i/rgb2dvi_0/U0/ClockGenInternal.ClockGenX/aPixelClkLckd
    SLICE_X113Y123       LUT1 (Prop_lut1_I0_O)        0.045     1.629 f  hdmi_out_i/rgb2dvi_0/U0/ClockGenInternal.ClockGenX/aRst_int_inferred_i_1/O
                         net (fo=2, routed)           0.173     1.801    hdmi_out_i/rgb2dvi_0/U0/LockLostReset/SyncAsyncx/AS[0]
    SLICE_X113Y123       FDPE                                         f  hdmi_out_i/rgb2dvi_0/U0/LockLostReset/SyncAsyncx/oSyncStages_reg[0]/PRE
  -------------------------------------------------------------------    -------------------

                         (clock clk_out1_hdmi_out_clk_wiz_0_0 rise edge)
                                                      0.000     0.000 r  
    K17                                               0.000     0.000 r  System_clock (IN)
                         net (fo=0)                   0.000     0.000    hdmi_out_i/clk_wiz_0/inst/clk_in1
    K17                  IBUF (Prop_ibuf_I_O)         0.431     0.431 r  hdmi_out_i/clk_wiz_0/inst/clkin1_ibufg/O
                         net (fo=1, routed)           0.480     0.911    hdmi_out_i/clk_wiz_0/inst/clk_in1_hdmi_out_clk_wiz_0_0
    MMCME2_ADV_X1Y2      MMCME2_ADV (Prop_mmcme2_adv_CLKIN1_CLKOUT0)
                                                     -3.407    -2.496 r  hdmi_out_i/clk_wiz_0/inst/mmcm_adv_inst/CLKOUT0
                         net (fo=1, routed)           0.752    -1.744    hdmi_out_i/clk_wiz_0/inst/clk_out1_hdmi_out_clk_wiz_0_0
    BUFGCTRL_X0Y16       BUFG (Prop_bufg_I_O)         0.029    -1.715 r  hdmi_out_i/clk_wiz_0/inst/clkout1_buf/O
                         net (fo=267, routed)         0.979    -0.736    hdmi_out_i/rgb2dvi_0/U0/LockLostReset/SyncAsyncx/PixelClk
    SLICE_X113Y123       FDPE                                         r  hdmi_out_i/rgb2dvi_0/U0/LockLostReset/SyncAsyncx/oSyncStages_reg[0]/C

Slack:                    inf
  Source:                 hdmi_out_i/rgb2dvi_0/U0/ClockGenInternal.ClockGenX/GenPLL.DVI_ClkGenerator/LOCKED
                            (internal pin)
  Destination:            hdmi_out_i/rgb2dvi_0/U0/LockLostReset/SyncAsyncx/oSyncStages_reg[1]/PRE
                            (removal check against rising-edge clock clk_out1_hdmi_out_clk_wiz_0_0  {rise@0.000ns fall@7.015ns period=14.030ns})
  Path Group:             (none)
  Path Type:              Removal (Min at Fast Process Corner)
  Data Path Delay:        1.801ns  (logic 0.045ns (2.498%)  route 1.756ns (97.502%))
  Logic Levels:           1  (LUT1=1)
  Clock Uncertainty:      0.391ns  ((TSJ^2 + DJ^2)^1/2) / 2 + PE
    Total System Jitter     (TSJ):    0.050ns
    Discrete Jitter          (DJ):    0.261ns
    Phase Error              (PE):    0.258ns
  Timing Exception:       False Path

    Location             Delay type                Incr(ns)  Path(ns)    Netlist Resource(s)
  -------------------------------------------------------------------    -------------------
    PLLE2_ADV_X1Y0       PLLE2_ADV                    0.000     0.000 r  hdmi_out_i/rgb2dvi_0/U0/ClockGenInternal.ClockGenX/GenPLL.DVI_ClkGenerator/LOCKED
                         net (fo=2, routed)           1.584     1.584    hdmi_out_i/rgb2dvi_0/U0/ClockGenInternal.ClockGenX/aPixelClkLckd
    SLICE_X113Y123       LUT1 (Prop_lut1_I0_O)        0.045     1.629 f  hdmi_out_i/rgb2dvi_0/U0/ClockGenInternal.ClockGenX/aRst_int_inferred_i_1/O
                         net (fo=2, routed)           0.173     1.801    hdmi_out_i/rgb2dvi_0/U0/LockLostReset/SyncAsyncx/AS[0]
    SLICE_X113Y123       FDPE                                         f  hdmi_out_i/rgb2dvi_0/U0/LockLostReset/SyncAsyncx/oSyncStages_reg[1]/PRE
  -------------------------------------------------------------------    -------------------

                         (clock clk_out1_hdmi_out_clk_wiz_0_0 rise edge)
                                                      0.000     0.000 r  
    K17                                               0.000     0.000 r  System_clock (IN)
                         net (fo=0)                   0.000     0.000    hdmi_out_i/clk_wiz_0/inst/clk_in1
    K17                  IBUF (Prop_ibuf_I_O)         0.431     0.431 r  hdmi_out_i/clk_wiz_0/inst/clkin1_ibufg/O
                         net (fo=1, routed)           0.480     0.911    hdmi_out_i/clk_wiz_0/inst/clk_in1_hdmi_out_clk_wiz_0_0
    MMCME2_ADV_X1Y2      MMCME2_ADV (Prop_mmcme2_adv_CLKIN1_CLKOUT0)
                                                     -3.407    -2.496 r  hdmi_out_i/clk_wiz_0/inst/mmcm_adv_inst/CLKOUT0
                         net (fo=1, routed)           0.752    -1.744    hdmi_out_i/clk_wiz_0/inst/clk_out1_hdmi_out_clk_wiz_0_0
    BUFGCTRL_X0Y16       BUFG (Prop_bufg_I_O)         0.029    -1.715 r  hdmi_out_i/clk_wiz_0/inst/clkout1_buf/O
                         net (fo=267, routed)         0.979    -0.736    hdmi_out_i/rgb2dvi_0/U0/LockLostReset/SyncAsyncx/PixelClk
    SLICE_X113Y123       FDPE                                         r  hdmi_out_i/rgb2dvi_0/U0/LockLostReset/SyncAsyncx/oSyncStages_reg[1]/C





--------------------------------------------------------------------------------------
Path Group:  (none)
From Clock:  CLKFBIN
  To Clock:  

Max Delay             1 Endpoint
Min Delay             1 Endpoint
--------------------------------------------------------------------------------------


Max Delay Paths
--------------------------------------------------------------------------------------
Slack:                    inf
  Source:                 hdmi_out_i/rgb2dvi_0/U0/ClockGenInternal.ClockGenX/GenPLL.DVI_ClkGenerator/CLKFBOUT
                            (clock source 'CLKFBIN'  {rise@0.000ns fall@7.015ns period=14.030ns})
  Destination:            hdmi_out_i/rgb2dvi_0/U0/ClockGenInternal.ClockGenX/GenPLL.DVI_ClkGenerator/CLKFBIN
  Path Group:             (none)
  Path Type:              Max at Slow Process Corner
  Data Path Delay:        0.014ns  (logic 0.000ns (0.000%)  route 0.014ns (100.001%))
  Logic Levels:           0  
  Clock Uncertainty:      0.157ns  ((TSJ^2 + DJ^2)^1/2) / 2 + PE
    Total System Jitter     (TSJ):    0.050ns
    Discrete Jitter          (DJ):    0.066ns
    Phase Error              (PE):    0.115ns

    Location             Delay type                Incr(ns)  Path(ns)    Netlist Resource(s)
  -------------------------------------------------------------------    -------------------
                         (clock CLKFBIN fall edge)    7.015     7.015 f  
    K17                                               0.000     7.015 f  System_clock (IN)
                         net (fo=0)                   0.000     7.015    hdmi_out_i/clk_wiz_0/inst/clk_in1
    K17                  IBUF (Prop_ibuf_I_O)         1.475     8.490 f  hdmi_out_i/clk_wiz_0/inst/clkin1_ibufg/O
                         net (fo=1, routed)           1.285     9.775    hdmi_out_i/clk_wiz_0/inst/clk_in1_hdmi_out_clk_wiz_0_0
    MMCME2_ADV_X1Y2      MMCME2_ADV (Prop_mmcme2_adv_CLKIN1_CLKOUT0)
                                                     -7.759     2.016 f  hdmi_out_i/clk_wiz_0/inst/mmcm_adv_inst/CLKOUT0
                         net (fo=1, routed)           2.206     4.222    hdmi_out_i/clk_wiz_0/inst/clk_out1_hdmi_out_clk_wiz_0_0
    BUFGCTRL_X0Y16       BUFG (Prop_bufg_I_O)         0.101     4.323 f  hdmi_out_i/clk_wiz_0/inst/clkout1_buf/O
                         net (fo=267, routed)         1.831     6.154    hdmi_out_i/rgb2dvi_0/U0/ClockGenInternal.ClockGenX/oSyncStages_reg[0]
  -------------------------------------------------------------------    -------------------
    PLLE2_ADV_X1Y0       PLLE2_ADV (Prop_plle2_adv_CLKIN1_CLKFBOUT)
                                                      0.088     6.242 f  hdmi_out_i/rgb2dvi_0/U0/ClockGenInternal.ClockGenX/GenPLL.DVI_ClkGenerator/CLKFBOUT
                         net (fo=1, routed)           0.014     6.256    hdmi_out_i/rgb2dvi_0/U0/ClockGenInternal.ClockGenX/CLKFBIN
    PLLE2_ADV_X1Y0       PLLE2_ADV                                    f  hdmi_out_i/rgb2dvi_0/U0/ClockGenInternal.ClockGenX/GenPLL.DVI_ClkGenerator/CLKFBIN
  -------------------------------------------------------------------    -------------------





Min Delay Paths
--------------------------------------------------------------------------------------
Slack:                    inf
  Source:                 hdmi_out_i/rgb2dvi_0/U0/ClockGenInternal.ClockGenX/GenPLL.DVI_ClkGenerator/CLKFBOUT
                            (clock source 'CLKFBIN'  {rise@0.000ns fall@7.015ns period=14.030ns})
  Destination:            hdmi_out_i/rgb2dvi_0/U0/ClockGenInternal.ClockGenX/GenPLL.DVI_ClkGenerator/CLKFBIN
  Path Group:             (none)
  Path Type:              Min at Slow Process Corner
  Data Path Delay:        0.013ns  (logic 0.000ns (0.000%)  route 0.013ns (100.000%))
  Logic Levels:           0  
  Clock Uncertainty:      0.157ns  ((TSJ^2 + DJ^2)^1/2) / 2 + PE
    Total System Jitter     (TSJ):    0.050ns
    Discrete Jitter          (DJ):    0.066ns
    Phase Error              (PE):    0.115ns

    Location             Delay type                Incr(ns)  Path(ns)    Netlist Resource(s)
  -------------------------------------------------------------------    -------------------
                         (clock CLKFBIN rise edge)    0.000     0.000 r  
    K17                                               0.000     0.000 r  System_clock (IN)
                         net (fo=0)                   0.000     0.000    hdmi_out_i/clk_wiz_0/inst/clk_in1
    K17                  IBUF (Prop_ibuf_I_O)         1.404     1.404 r  hdmi_out_i/clk_wiz_0/inst/clkin1_ibufg/O
                         net (fo=1, routed)           1.162     2.566    hdmi_out_i/clk_wiz_0/inst/clk_in1_hdmi_out_clk_wiz_0_0
    MMCME2_ADV_X1Y2      MMCME2_ADV (Prop_mmcme2_adv_CLKIN1_CLKOUT0)
                                                     -7.814    -5.248 r  hdmi_out_i/clk_wiz_0/inst/mmcm_adv_inst/CLKOUT0
                         net (fo=1, routed)           2.012    -3.236    hdmi_out_i/clk_wiz_0/inst/clk_out1_hdmi_out_clk_wiz_0_0
    BUFGCTRL_X0Y16       BUFG (Prop_bufg_I_O)         0.091    -3.145 r  hdmi_out_i/clk_wiz_0/inst/clkout1_buf/O
                         net (fo=267, routed)         1.634    -1.511    hdmi_out_i/rgb2dvi_0/U0/ClockGenInternal.ClockGenX/oSyncStages_reg[0]
  -------------------------------------------------------------------    -------------------
    PLLE2_ADV_X1Y0       PLLE2_ADV (Prop_plle2_adv_CLKIN1_CLKFBOUT)
                                                      0.083    -1.428 r  hdmi_out_i/rgb2dvi_0/U0/ClockGenInternal.ClockGenX/GenPLL.DVI_ClkGenerator/CLKFBOUT
                         net (fo=1, routed)           0.013    -1.415    hdmi_out_i/rgb2dvi_0/U0/ClockGenInternal.ClockGenX/CLKFBIN
    PLLE2_ADV_X1Y0       PLLE2_ADV                                    r  hdmi_out_i/rgb2dvi_0/U0/ClockGenInternal.ClockGenX/GenPLL.DVI_ClkGenerator/CLKFBIN
  -------------------------------------------------------------------    -------------------





--------------------------------------------------------------------------------------
Path Group:  (none)
From Clock:  SerialClkIO
  To Clock:  

Max Delay             8 Endpoints
Min Delay             8 Endpoints
--------------------------------------------------------------------------------------


Max Delay Paths
--------------------------------------------------------------------------------------
Slack:                    inf
  Source:                 hdmi_out_i/rgb2dvi_0/U0/DataEncoders[1].DataSerializer/SerializerMaster/CLK
                            (rising edge-triggered cell OSERDESE2 clocked by SerialClkIO  {rise@0.000ns fall@1.403ns period=2.806ns})
  Destination:            hdmi_out_data_n[1]
                            (output port)
  Path Group:             (none)
  Path Type:              Max at Slow Process Corner
  Data Path Delay:        2.329ns  (logic 2.328ns (99.957%)  route 0.001ns (0.043%))
  Logic Levels:           1  (OBUFDS=1)
  Clock Uncertainty:      0.164ns  ((TSJ^2 + DJ^2)^1/2) / 2 + PE
    Total System Jitter     (TSJ):    0.050ns
    Discrete Jitter          (DJ):    0.084ns
    Phase Error              (PE):    0.115ns

    Location             Delay type                Incr(ns)  Path(ns)    Netlist Resource(s)
  -------------------------------------------------------------------    -------------------
                         (clock SerialClkIO rise edge)
                                                      0.000     0.000 r  
    K17                                               0.000     0.000 r  System_clock (IN)
                         net (fo=0)                   0.000     0.000    hdmi_out_i/clk_wiz_0/inst/clk_in1
    K17                  IBUF (Prop_ibuf_I_O)         1.475     1.475 r  hdmi_out_i/clk_wiz_0/inst/clkin1_ibufg/O
                         net (fo=1, routed)           1.285     2.760    hdmi_out_i/clk_wiz_0/inst/clk_in1_hdmi_out_clk_wiz_0_0
    MMCME2_ADV_X1Y2      MMCME2_ADV (Prop_mmcme2_adv_CLKIN1_CLKOUT0)
                                                     -7.759    -4.999 r  hdmi_out_i/clk_wiz_0/inst/mmcm_adv_inst/CLKOUT0
                         net (fo=1, routed)           2.206    -2.793    hdmi_out_i/clk_wiz_0/inst/clk_out1_hdmi_out_clk_wiz_0_0
    BUFGCTRL_X0Y16       BUFG (Prop_bufg_I_O)         0.101    -2.692 r  hdmi_out_i/clk_wiz_0/inst/clkout1_buf/O
                         net (fo=267, routed)         1.831    -0.861    hdmi_out_i/rgb2dvi_0/U0/ClockGenInternal.ClockGenX/oSyncStages_reg[0]
    PLLE2_ADV_X1Y0       PLLE2_ADV (Prop_plle2_adv_CLKIN1_CLKOUT0)
                                                      0.088    -0.773 r  hdmi_out_i/rgb2dvi_0/U0/ClockGenInternal.ClockGenX/GenPLL.DVI_ClkGenerator/CLKOUT0
                         net (fo=1, routed)           1.883     1.110    hdmi_out_i/rgb2dvi_0/U0/ClockGenInternal.ClockGenX/SerialClk
    BUFGCTRL_X0Y1        BUFG (Prop_bufg_I_O)         0.101     1.211 r  hdmi_out_i/rgb2dvi_0/U0/ClockGenInternal.ClockGenX/SerialClk_BUFG_inst/O
                         net (fo=8, routed)           2.083     3.294    hdmi_out_i/rgb2dvi_0/U0/DataEncoders[1].DataSerializer/SerialClk
    OLOGIC_X1Y148        OSERDESE2                                    r  hdmi_out_i/rgb2dvi_0/U0/DataEncoders[1].DataSerializer/SerializerMaster/CLK
  -------------------------------------------------------------------    -------------------
    OLOGIC_X1Y148        OSERDESE2 (Prop_oserdese2_CLK_OQ)
                                                      0.472     3.766 r  hdmi_out_i/rgb2dvi_0/U0/DataEncoders[1].DataSerializer/SerializerMaster/OQ
                         net (fo=1, routed)           0.001     3.767    hdmi_out_i/rgb2dvi_0/U0/DataEncoders[1].DataSerializer/sDataOut
    C20                  OBUFDS (Prop_obufds_I_OB)    1.856     5.623 r  hdmi_out_i/rgb2dvi_0/U0/DataEncoders[1].DataSerializer/OutputBuffer/OB
                         net (fo=0)                   0.000     5.623    hdmi_out_data_n[1]
    B20                                                               r  hdmi_out_data_n[1] (OUT)
  -------------------------------------------------------------------    -------------------

Slack:                    inf
  Source:                 hdmi_out_i/rgb2dvi_0/U0/DataEncoders[1].DataSerializer/SerializerMaster/CLK
                            (rising edge-triggered cell OSERDESE2 clocked by SerialClkIO  {rise@0.000ns fall@1.403ns period=2.806ns})
  Destination:            hdmi_out_data_p[1]
                            (output port)
  Path Group:             (none)
  Path Type:              Max at Slow Process Corner
  Data Path Delay:        2.328ns  (logic 2.327ns (99.957%)  route 0.001ns (0.043%))
  Logic Levels:           1  (OBUFDS=1)
  Clock Uncertainty:      0.164ns  ((TSJ^2 + DJ^2)^1/2) / 2 + PE
    Total System Jitter     (TSJ):    0.050ns
    Discrete Jitter          (DJ):    0.084ns
    Phase Error              (PE):    0.115ns

    Location             Delay type                Incr(ns)  Path(ns)    Netlist Resource(s)
  -------------------------------------------------------------------    -------------------
                         (clock SerialClkIO rise edge)
                                                      0.000     0.000 r  
    K17                                               0.000     0.000 r  System_clock (IN)
                         net (fo=0)                   0.000     0.000    hdmi_out_i/clk_wiz_0/inst/clk_in1
    K17                  IBUF (Prop_ibuf_I_O)         1.475     1.475 r  hdmi_out_i/clk_wiz_0/inst/clkin1_ibufg/O
                         net (fo=1, routed)           1.285     2.760    hdmi_out_i/clk_wiz_0/inst/clk_in1_hdmi_out_clk_wiz_0_0
    MMCME2_ADV_X1Y2      MMCME2_ADV (Prop_mmcme2_adv_CLKIN1_CLKOUT0)
                                                     -7.759    -4.999 r  hdmi_out_i/clk_wiz_0/inst/mmcm_adv_inst/CLKOUT0
                         net (fo=1, routed)           2.206    -2.793    hdmi_out_i/clk_wiz_0/inst/clk_out1_hdmi_out_clk_wiz_0_0
    BUFGCTRL_X0Y16       BUFG (Prop_bufg_I_O)         0.101    -2.692 r  hdmi_out_i/clk_wiz_0/inst/clkout1_buf/O
                         net (fo=267, routed)         1.831    -0.861    hdmi_out_i/rgb2dvi_0/U0/ClockGenInternal.ClockGenX/oSyncStages_reg[0]
    PLLE2_ADV_X1Y0       PLLE2_ADV (Prop_plle2_adv_CLKIN1_CLKOUT0)
                                                      0.088    -0.773 r  hdmi_out_i/rgb2dvi_0/U0/ClockGenInternal.ClockGenX/GenPLL.DVI_ClkGenerator/CLKOUT0
                         net (fo=1, routed)           1.883     1.110    hdmi_out_i/rgb2dvi_0/U0/ClockGenInternal.ClockGenX/SerialClk
    BUFGCTRL_X0Y1        BUFG (Prop_bufg_I_O)         0.101     1.211 r  hdmi_out_i/rgb2dvi_0/U0/ClockGenInternal.ClockGenX/SerialClk_BUFG_inst/O
                         net (fo=8, routed)           2.083     3.294    hdmi_out_i/rgb2dvi_0/U0/DataEncoders[1].DataSerializer/SerialClk
    OLOGIC_X1Y148        OSERDESE2                                    r  hdmi_out_i/rgb2dvi_0/U0/DataEncoders[1].DataSerializer/SerializerMaster/CLK
  -------------------------------------------------------------------    -------------------
    OLOGIC_X1Y148        OSERDESE2 (Prop_oserdese2_CLK_OQ)
                                                      0.472     3.766 r  hdmi_out_i/rgb2dvi_0/U0/DataEncoders[1].DataSerializer/SerializerMaster/OQ
                         net (fo=1, routed)           0.001     3.767    hdmi_out_i/rgb2dvi_0/U0/DataEncoders[1].DataSerializer/sDataOut
    C20                  OBUFDS (Prop_obufds_I_O)     1.855     5.622 r  hdmi_out_i/rgb2dvi_0/U0/DataEncoders[1].DataSerializer/OutputBuffer/O
                         net (fo=0)                   0.000     5.622    hdmi_out_data_p[1]
    C20                                                               r  hdmi_out_data_p[1] (OUT)
  -------------------------------------------------------------------    -------------------

Slack:                    inf
  Source:                 hdmi_out_i/rgb2dvi_0/U0/DataEncoders[2].DataSerializer/SerializerMaster/CLK
                            (rising edge-triggered cell OSERDESE2 clocked by SerialClkIO  {rise@0.000ns fall@1.403ns period=2.806ns})
  Destination:            hdmi_out_data_n[2]
                            (output port)
  Path Group:             (none)
  Path Type:              Max at Slow Process Corner
  Data Path Delay:        2.326ns  (logic 2.325ns (99.957%)  route 0.001ns (0.043%))
  Logic Levels:           1  (OBUFDS=1)
  Clock Uncertainty:      0.164ns  ((TSJ^2 + DJ^2)^1/2) / 2 + PE
    Total System Jitter     (TSJ):    0.050ns
    Discrete Jitter          (DJ):    0.084ns
    Phase Error              (PE):    0.115ns

    Location             Delay type                Incr(ns)  Path(ns)    Netlist Resource(s)
  -------------------------------------------------------------------    -------------------
                         (clock SerialClkIO rise edge)
                                                      0.000     0.000 r  
    K17                                               0.000     0.000 r  System_clock (IN)
                         net (fo=0)                   0.000     0.000    hdmi_out_i/clk_wiz_0/inst/clk_in1
    K17                  IBUF (Prop_ibuf_I_O)         1.475     1.475 r  hdmi_out_i/clk_wiz_0/inst/clkin1_ibufg/O
                         net (fo=1, routed)           1.285     2.760    hdmi_out_i/clk_wiz_0/inst/clk_in1_hdmi_out_clk_wiz_0_0
    MMCME2_ADV_X1Y2      MMCME2_ADV (Prop_mmcme2_adv_CLKIN1_CLKOUT0)
                                                     -7.759    -4.999 r  hdmi_out_i/clk_wiz_0/inst/mmcm_adv_inst/CLKOUT0
                         net (fo=1, routed)           2.206    -2.793    hdmi_out_i/clk_wiz_0/inst/clk_out1_hdmi_out_clk_wiz_0_0
    BUFGCTRL_X0Y16       BUFG (Prop_bufg_I_O)         0.101    -2.692 r  hdmi_out_i/clk_wiz_0/inst/clkout1_buf/O
                         net (fo=267, routed)         1.831    -0.861    hdmi_out_i/rgb2dvi_0/U0/ClockGenInternal.ClockGenX/oSyncStages_reg[0]
    PLLE2_ADV_X1Y0       PLLE2_ADV (Prop_plle2_adv_CLKIN1_CLKOUT0)
                                                      0.088    -0.773 r  hdmi_out_i/rgb2dvi_0/U0/ClockGenInternal.ClockGenX/GenPLL.DVI_ClkGenerator/CLKOUT0
                         net (fo=1, routed)           1.883     1.110    hdmi_out_i/rgb2dvi_0/U0/ClockGenInternal.ClockGenX/SerialClk
    BUFGCTRL_X0Y1        BUFG (Prop_bufg_I_O)         0.101     1.211 r  hdmi_out_i/rgb2dvi_0/U0/ClockGenInternal.ClockGenX/SerialClk_BUFG_inst/O
                         net (fo=8, routed)           2.082     3.293    hdmi_out_i/rgb2dvi_0/U0/DataEncoders[2].DataSerializer/SerialClk
    OLOGIC_X1Y146        OSERDESE2                                    r  hdmi_out_i/rgb2dvi_0/U0/DataEncoders[2].DataSerializer/SerializerMaster/CLK
  -------------------------------------------------------------------    -------------------
    OLOGIC_X1Y146        OSERDESE2 (Prop_oserdese2_CLK_OQ)
                                                      0.472     3.765 r  hdmi_out_i/rgb2dvi_0/U0/DataEncoders[2].DataSerializer/SerializerMaster/OQ
                         net (fo=1, routed)           0.001     3.766    hdmi_out_i/rgb2dvi_0/U0/DataEncoders[2].DataSerializer/sDataOut
    B19                  OBUFDS (Prop_obufds_I_OB)    1.853     5.619 r  hdmi_out_i/rgb2dvi_0/U0/DataEncoders[2].DataSerializer/OutputBuffer/OB
                         net (fo=0)                   0.000     5.619    hdmi_out_data_n[2]
    A20                                                               r  hdmi_out_data_n[2] (OUT)
  -------------------------------------------------------------------    -------------------

Slack:                    inf
  Source:                 hdmi_out_i/rgb2dvi_0/U0/DataEncoders[2].DataSerializer/SerializerMaster/CLK
                            (rising edge-triggered cell OSERDESE2 clocked by SerialClkIO  {rise@0.000ns fall@1.403ns period=2.806ns})
  Destination:            hdmi_out_data_p[2]
                            (output port)
  Path Group:             (none)
  Path Type:              Max at Slow Process Corner
  Data Path Delay:        2.325ns  (logic 2.324ns (99.957%)  route 0.001ns (0.043%))
  Logic Levels:           1  (OBUFDS=1)
  Clock Uncertainty:      0.164ns  ((TSJ^2 + DJ^2)^1/2) / 2 + PE
    Total System Jitter     (TSJ):    0.050ns
    Discrete Jitter          (DJ):    0.084ns
    Phase Error              (PE):    0.115ns

    Location             Delay type                Incr(ns)  Path(ns)    Netlist Resource(s)
  -------------------------------------------------------------------    -------------------
                         (clock SerialClkIO rise edge)
                                                      0.000     0.000 r  
    K17                                               0.000     0.000 r  System_clock (IN)
                         net (fo=0)                   0.000     0.000    hdmi_out_i/clk_wiz_0/inst/clk_in1
    K17                  IBUF (Prop_ibuf_I_O)         1.475     1.475 r  hdmi_out_i/clk_wiz_0/inst/clkin1_ibufg/O
                         net (fo=1, routed)           1.285     2.760    hdmi_out_i/clk_wiz_0/inst/clk_in1_hdmi_out_clk_wiz_0_0
    MMCME2_ADV_X1Y2      MMCME2_ADV (Prop_mmcme2_adv_CLKIN1_CLKOUT0)
                                                     -7.759    -4.999 r  hdmi_out_i/clk_wiz_0/inst/mmcm_adv_inst/CLKOUT0
                         net (fo=1, routed)           2.206    -2.793    hdmi_out_i/clk_wiz_0/inst/clk_out1_hdmi_out_clk_wiz_0_0
    BUFGCTRL_X0Y16       BUFG (Prop_bufg_I_O)         0.101    -2.692 r  hdmi_out_i/clk_wiz_0/inst/clkout1_buf/O
                         net (fo=267, routed)         1.831    -0.861    hdmi_out_i/rgb2dvi_0/U0/ClockGenInternal.ClockGenX/oSyncStages_reg[0]
    PLLE2_ADV_X1Y0       PLLE2_ADV (Prop_plle2_adv_CLKIN1_CLKOUT0)
                                                      0.088    -0.773 r  hdmi_out_i/rgb2dvi_0/U0/ClockGenInternal.ClockGenX/GenPLL.DVI_ClkGenerator/CLKOUT0
                         net (fo=1, routed)           1.883     1.110    hdmi_out_i/rgb2dvi_0/U0/ClockGenInternal.ClockGenX/SerialClk
    BUFGCTRL_X0Y1        BUFG (Prop_bufg_I_O)         0.101     1.211 r  hdmi_out_i/rgb2dvi_0/U0/ClockGenInternal.ClockGenX/SerialClk_BUFG_inst/O
                         net (fo=8, routed)           2.082     3.293    hdmi_out_i/rgb2dvi_0/U0/DataEncoders[2].DataSerializer/SerialClk
    OLOGIC_X1Y146        OSERDESE2                                    r  hdmi_out_i/rgb2dvi_0/U0/DataEncoders[2].DataSerializer/SerializerMaster/CLK
  -------------------------------------------------------------------    -------------------
    OLOGIC_X1Y146        OSERDESE2 (Prop_oserdese2_CLK_OQ)
                                                      0.472     3.765 r  hdmi_out_i/rgb2dvi_0/U0/DataEncoders[2].DataSerializer/SerializerMaster/OQ
                         net (fo=1, routed)           0.001     3.766    hdmi_out_i/rgb2dvi_0/U0/DataEncoders[2].DataSerializer/sDataOut
    B19                  OBUFDS (Prop_obufds_I_O)     1.852     5.618 r  hdmi_out_i/rgb2dvi_0/U0/DataEncoders[2].DataSerializer/OutputBuffer/O
                         net (fo=0)                   0.000     5.618    hdmi_out_data_p[2]
    B19                                                               r  hdmi_out_data_p[2] (OUT)
  -------------------------------------------------------------------    -------------------

Slack:                    inf
  Source:                 hdmi_out_i/rgb2dvi_0/U0/DataEncoders[0].DataSerializer/SerializerMaster/CLK
                            (rising edge-triggered cell OSERDESE2 clocked by SerialClkIO  {rise@0.000ns fall@1.403ns period=2.806ns})
  Destination:            hdmi_out_data_n[0]
                            (output port)
  Path Group:             (none)
  Path Type:              Max at Slow Process Corner
  Data Path Delay:        2.320ns  (logic 2.319ns (99.957%)  route 0.001ns (0.043%))
  Logic Levels:           1  (OBUFDS=1)
  Clock Uncertainty:      0.164ns  ((TSJ^2 + DJ^2)^1/2) / 2 + PE
    Total System Jitter     (TSJ):    0.050ns
    Discrete Jitter          (DJ):    0.084ns
    Phase Error              (PE):    0.115ns

    Location             Delay type                Incr(ns)  Path(ns)    Netlist Resource(s)
  -------------------------------------------------------------------    -------------------
                         (clock SerialClkIO rise edge)
                                                      0.000     0.000 r  
    K17                                               0.000     0.000 r  System_clock (IN)
                         net (fo=0)                   0.000     0.000    hdmi_out_i/clk_wiz_0/inst/clk_in1
    K17                  IBUF (Prop_ibuf_I_O)         1.475     1.475 r  hdmi_out_i/clk_wiz_0/inst/clkin1_ibufg/O
                         net (fo=1, routed)           1.285     2.760    hdmi_out_i/clk_wiz_0/inst/clk_in1_hdmi_out_clk_wiz_0_0
    MMCME2_ADV_X1Y2      MMCME2_ADV (Prop_mmcme2_adv_CLKIN1_CLKOUT0)
                                                     -7.759    -4.999 r  hdmi_out_i/clk_wiz_0/inst/mmcm_adv_inst/CLKOUT0
                         net (fo=1, routed)           2.206    -2.793    hdmi_out_i/clk_wiz_0/inst/clk_out1_hdmi_out_clk_wiz_0_0
    BUFGCTRL_X0Y16       BUFG (Prop_bufg_I_O)         0.101    -2.692 r  hdmi_out_i/clk_wiz_0/inst/clkout1_buf/O
                         net (fo=267, routed)         1.831    -0.861    hdmi_out_i/rgb2dvi_0/U0/ClockGenInternal.ClockGenX/oSyncStages_reg[0]
    PLLE2_ADV_X1Y0       PLLE2_ADV (Prop_plle2_adv_CLKIN1_CLKOUT0)
                                                      0.088    -0.773 r  hdmi_out_i/rgb2dvi_0/U0/ClockGenInternal.ClockGenX/GenPLL.DVI_ClkGenerator/CLKOUT0
                         net (fo=1, routed)           1.883     1.110    hdmi_out_i/rgb2dvi_0/U0/ClockGenInternal.ClockGenX/SerialClk
    BUFGCTRL_X0Y1        BUFG (Prop_bufg_I_O)         0.101     1.211 r  hdmi_out_i/rgb2dvi_0/U0/ClockGenInternal.ClockGenX/SerialClk_BUFG_inst/O
                         net (fo=8, routed)           2.080     3.291    hdmi_out_i/rgb2dvi_0/U0/DataEncoders[0].DataSerializer/SerialClk
    OLOGIC_X1Y142        OSERDESE2                                    r  hdmi_out_i/rgb2dvi_0/U0/DataEncoders[0].DataSerializer/SerializerMaster/CLK
  -------------------------------------------------------------------    -------------------
    OLOGIC_X1Y142        OSERDESE2 (Prop_oserdese2_CLK_OQ)
                                                      0.472     3.763 r  hdmi_out_i/rgb2dvi_0/U0/DataEncoders[0].DataSerializer/SerializerMaster/OQ
                         net (fo=1, routed)           0.001     3.764    hdmi_out_i/rgb2dvi_0/U0/DataEncoders[0].DataSerializer/sDataOut
    D19                  OBUFDS (Prop_obufds_I_OB)    1.847     5.611 r  hdmi_out_i/rgb2dvi_0/U0/DataEncoders[0].DataSerializer/OutputBuffer/OB
                         net (fo=0)                   0.000     5.611    hdmi_out_data_n[0]
    D20                                                               r  hdmi_out_data_n[0] (OUT)
  -------------------------------------------------------------------    -------------------

Slack:                    inf
  Source:                 hdmi_out_i/rgb2dvi_0/U0/DataEncoders[0].DataSerializer/SerializerMaster/CLK
                            (rising edge-triggered cell OSERDESE2 clocked by SerialClkIO  {rise@0.000ns fall@1.403ns period=2.806ns})
  Destination:            hdmi_out_data_p[0]
                            (output port)
  Path Group:             (none)
  Path Type:              Max at Slow Process Corner
  Data Path Delay:        2.319ns  (logic 2.318ns (99.957%)  route 0.001ns (0.043%))
  Logic Levels:           1  (OBUFDS=1)
  Clock Uncertainty:      0.164ns  ((TSJ^2 + DJ^2)^1/2) / 2 + PE
    Total System Jitter     (TSJ):    0.050ns
    Discrete Jitter          (DJ):    0.084ns
    Phase Error              (PE):    0.115ns

    Location             Delay type                Incr(ns)  Path(ns)    Netlist Resource(s)
  -------------------------------------------------------------------    -------------------
                         (clock SerialClkIO rise edge)
                                                      0.000     0.000 r  
    K17                                               0.000     0.000 r  System_clock (IN)
                         net (fo=0)                   0.000     0.000    hdmi_out_i/clk_wiz_0/inst/clk_in1
    K17                  IBUF (Prop_ibuf_I_O)         1.475     1.475 r  hdmi_out_i/clk_wiz_0/inst/clkin1_ibufg/O
                         net (fo=1, routed)           1.285     2.760    hdmi_out_i/clk_wiz_0/inst/clk_in1_hdmi_out_clk_wiz_0_0
    MMCME2_ADV_X1Y2      MMCME2_ADV (Prop_mmcme2_adv_CLKIN1_CLKOUT0)
                                                     -7.759    -4.999 r  hdmi_out_i/clk_wiz_0/inst/mmcm_adv_inst/CLKOUT0
                         net (fo=1, routed)           2.206    -2.793    hdmi_out_i/clk_wiz_0/inst/clk_out1_hdmi_out_clk_wiz_0_0
    BUFGCTRL_X0Y16       BUFG (Prop_bufg_I_O)         0.101    -2.692 r  hdmi_out_i/clk_wiz_0/inst/clkout1_buf/O
                         net (fo=267, routed)         1.831    -0.861    hdmi_out_i/rgb2dvi_0/U0/ClockGenInternal.ClockGenX/oSyncStages_reg[0]
    PLLE2_ADV_X1Y0       PLLE2_ADV (Prop_plle2_adv_CLKIN1_CLKOUT0)
                                                      0.088    -0.773 r  hdmi_out_i/rgb2dvi_0/U0/ClockGenInternal.ClockGenX/GenPLL.DVI_ClkGenerator/CLKOUT0
                         net (fo=1, routed)           1.883     1.110    hdmi_out_i/rgb2dvi_0/U0/ClockGenInternal.ClockGenX/SerialClk
    BUFGCTRL_X0Y1        BUFG (Prop_bufg_I_O)         0.101     1.211 r  hdmi_out_i/rgb2dvi_0/U0/ClockGenInternal.ClockGenX/SerialClk_BUFG_inst/O
                         net (fo=8, routed)           2.080     3.291    hdmi_out_i/rgb2dvi_0/U0/DataEncoders[0].DataSerializer/SerialClk
    OLOGIC_X1Y142        OSERDESE2                                    r  hdmi_out_i/rgb2dvi_0/U0/DataEncoders[0].DataSerializer/SerializerMaster/CLK
  -------------------------------------------------------------------    -------------------
    OLOGIC_X1Y142        OSERDESE2 (Prop_oserdese2_CLK_OQ)
                                                      0.472     3.763 r  hdmi_out_i/rgb2dvi_0/U0/DataEncoders[0].DataSerializer/SerializerMaster/OQ
                         net (fo=1, routed)           0.001     3.764    hdmi_out_i/rgb2dvi_0/U0/DataEncoders[0].DataSerializer/sDataOut
    D19                  OBUFDS (Prop_obufds_I_O)     1.846     5.610 r  hdmi_out_i/rgb2dvi_0/U0/DataEncoders[0].DataSerializer/OutputBuffer/O
                         net (fo=0)                   0.000     5.610    hdmi_out_data_p[0]
    D19                                                               r  hdmi_out_data_p[0] (OUT)
  -------------------------------------------------------------------    -------------------

Slack:                    inf
  Source:                 hdmi_out_i/rgb2dvi_0/U0/ClockSerializer/SerializerMaster/CLK
                            (rising edge-triggered cell OSERDESE2 clocked by SerialClkIO  {rise@0.000ns fall@1.403ns period=2.806ns})
  Destination:            hdmi_out_clk_n
                            (output port)
  Path Group:             (none)
  Path Type:              Max at Slow Process Corner
  Data Path Delay:        2.307ns  (logic 2.306ns (99.957%)  route 0.001ns (0.043%))
  Logic Levels:           1  (OBUFDS=1)
  Clock Uncertainty:      0.164ns  ((TSJ^2 + DJ^2)^1/2) / 2 + PE
    Total System Jitter     (TSJ):    0.050ns
    Discrete Jitter          (DJ):    0.084ns
    Phase Error              (PE):    0.115ns

    Location             Delay type                Incr(ns)  Path(ns)    Netlist Resource(s)
  -------------------------------------------------------------------    -------------------
                         (clock SerialClkIO rise edge)
                                                      0.000     0.000 r  
    K17                                               0.000     0.000 r  System_clock (IN)
                         net (fo=0)                   0.000     0.000    hdmi_out_i/clk_wiz_0/inst/clk_in1
    K17                  IBUF (Prop_ibuf_I_O)         1.475     1.475 r  hdmi_out_i/clk_wiz_0/inst/clkin1_ibufg/O
                         net (fo=1, routed)           1.285     2.760    hdmi_out_i/clk_wiz_0/inst/clk_in1_hdmi_out_clk_wiz_0_0
    MMCME2_ADV_X1Y2      MMCME2_ADV (Prop_mmcme2_adv_CLKIN1_CLKOUT0)
                                                     -7.759    -4.999 r  hdmi_out_i/clk_wiz_0/inst/mmcm_adv_inst/CLKOUT0
                         net (fo=1, routed)           2.206    -2.793    hdmi_out_i/clk_wiz_0/inst/clk_out1_hdmi_out_clk_wiz_0_0
    BUFGCTRL_X0Y16       BUFG (Prop_bufg_I_O)         0.101    -2.692 r  hdmi_out_i/clk_wiz_0/inst/clkout1_buf/O
                         net (fo=267, routed)         1.831    -0.861    hdmi_out_i/rgb2dvi_0/U0/ClockGenInternal.ClockGenX/oSyncStages_reg[0]
    PLLE2_ADV_X1Y0       PLLE2_ADV (Prop_plle2_adv_CLKIN1_CLKOUT0)
                                                      0.088    -0.773 r  hdmi_out_i/rgb2dvi_0/U0/ClockGenInternal.ClockGenX/GenPLL.DVI_ClkGenerator/CLKOUT0
                         net (fo=1, routed)           1.883     1.110    hdmi_out_i/rgb2dvi_0/U0/ClockGenInternal.ClockGenX/SerialClk
    BUFGCTRL_X0Y1        BUFG (Prop_bufg_I_O)         0.101     1.211 r  hdmi_out_i/rgb2dvi_0/U0/ClockGenInternal.ClockGenX/SerialClk_BUFG_inst/O
                         net (fo=8, routed)           2.064     3.275    hdmi_out_i/rgb2dvi_0/U0/ClockSerializer/SerialClk
    OLOGIC_X1Y124        OSERDESE2                                    r  hdmi_out_i/rgb2dvi_0/U0/ClockSerializer/SerializerMaster/CLK
  -------------------------------------------------------------------    -------------------
    OLOGIC_X1Y124        OSERDESE2 (Prop_oserdese2_CLK_OQ)
                                                      0.472     3.747 r  hdmi_out_i/rgb2dvi_0/U0/ClockSerializer/SerializerMaster/OQ
                         net (fo=1, routed)           0.001     3.748    hdmi_out_i/rgb2dvi_0/U0/ClockSerializer/sDataOut
    H16                  OBUFDS (Prop_obufds_I_OB)    1.834     5.583 r  hdmi_out_i/rgb2dvi_0/U0/ClockSerializer/OutputBuffer/OB
                         net (fo=0)                   0.000     5.583    hdmi_out_clk_n
    H17                                                               r  hdmi_out_clk_n (OUT)
  -------------------------------------------------------------------    -------------------

Slack:                    inf
  Source:                 hdmi_out_i/rgb2dvi_0/U0/ClockSerializer/SerializerMaster/CLK
                            (rising edge-triggered cell OSERDESE2 clocked by SerialClkIO  {rise@0.000ns fall@1.403ns period=2.806ns})
  Destination:            hdmi_out_clk_p
                            (output port)
  Path Group:             (none)
  Path Type:              Max at Slow Process Corner
  Data Path Delay:        2.306ns  (logic 2.305ns (99.957%)  route 0.001ns (0.043%))
  Logic Levels:           1  (OBUFDS=1)
  Clock Uncertainty:      0.164ns  ((TSJ^2 + DJ^2)^1/2) / 2 + PE
    Total System Jitter     (TSJ):    0.050ns
    Discrete Jitter          (DJ):    0.084ns
    Phase Error              (PE):    0.115ns

    Location             Delay type                Incr(ns)  Path(ns)    Netlist Resource(s)
  -------------------------------------------------------------------    -------------------
                         (clock SerialClkIO rise edge)
                                                      0.000     0.000 r  
    K17                                               0.000     0.000 r  System_clock (IN)
                         net (fo=0)                   0.000     0.000    hdmi_out_i/clk_wiz_0/inst/clk_in1
    K17                  IBUF (Prop_ibuf_I_O)         1.475     1.475 r  hdmi_out_i/clk_wiz_0/inst/clkin1_ibufg/O
                         net (fo=1, routed)           1.285     2.760    hdmi_out_i/clk_wiz_0/inst/clk_in1_hdmi_out_clk_wiz_0_0
    MMCME2_ADV_X1Y2      MMCME2_ADV (Prop_mmcme2_adv_CLKIN1_CLKOUT0)
                                                     -7.759    -4.999 r  hdmi_out_i/clk_wiz_0/inst/mmcm_adv_inst/CLKOUT0
                         net (fo=1, routed)           2.206    -2.793    hdmi_out_i/clk_wiz_0/inst/clk_out1_hdmi_out_clk_wiz_0_0
    BUFGCTRL_X0Y16       BUFG (Prop_bufg_I_O)         0.101    -2.692 r  hdmi_out_i/clk_wiz_0/inst/clkout1_buf/O
                         net (fo=267, routed)         1.831    -0.861    hdmi_out_i/rgb2dvi_0/U0/ClockGenInternal.ClockGenX/oSyncStages_reg[0]
    PLLE2_ADV_X1Y0       PLLE2_ADV (Prop_plle2_adv_CLKIN1_CLKOUT0)
                                                      0.088    -0.773 r  hdmi_out_i/rgb2dvi_0/U0/ClockGenInternal.ClockGenX/GenPLL.DVI_ClkGenerator/CLKOUT0
                         net (fo=1, routed)           1.883     1.110    hdmi_out_i/rgb2dvi_0/U0/ClockGenInternal.ClockGenX/SerialClk
    BUFGCTRL_X0Y1        BUFG (Prop_bufg_I_O)         0.101     1.211 r  hdmi_out_i/rgb2dvi_0/U0/ClockGenInternal.ClockGenX/SerialClk_BUFG_inst/O
                         net (fo=8, routed)           2.064     3.275    hdmi_out_i/rgb2dvi_0/U0/ClockSerializer/SerialClk
    OLOGIC_X1Y124        OSERDESE2                                    r  hdmi_out_i/rgb2dvi_0/U0/ClockSerializer/SerializerMaster/CLK
  -------------------------------------------------------------------    -------------------
    OLOGIC_X1Y124        OSERDESE2 (Prop_oserdese2_CLK_OQ)
                                                      0.472     3.747 r  hdmi_out_i/rgb2dvi_0/U0/ClockSerializer/SerializerMaster/OQ
                         net (fo=1, routed)           0.001     3.748    hdmi_out_i/rgb2dvi_0/U0/ClockSerializer/sDataOut
    H16                  OBUFDS (Prop_obufds_I_O)     1.833     5.582 r  hdmi_out_i/rgb2dvi_0/U0/ClockSerializer/OutputBuffer/O
                         net (fo=0)                   0.000     5.582    hdmi_out_clk_p
    H16                                                               r  hdmi_out_clk_p (OUT)
  -------------------------------------------------------------------    -------------------





Min Delay Paths
--------------------------------------------------------------------------------------
Slack:                    inf
  Source:                 hdmi_out_i/rgb2dvi_0/U0/ClockSerializer/SerializerMaster/CLK
                            (rising edge-triggered cell OSERDESE2 clocked by SerialClkIO  {rise@0.000ns fall@1.403ns period=2.806ns})
  Destination:            hdmi_out_clk_p
                            (output port)
  Path Group:             (none)
  Path Type:              Min at Fast Process Corner
  Data Path Delay:        0.961ns  (logic 0.960ns (99.896%)  route 0.001ns (0.104%))
  Logic Levels:           1  (OBUFDS=1)
  Clock Uncertainty:      0.164ns  ((TSJ^2 + DJ^2)^1/2) / 2 + PE
    Total System Jitter     (TSJ):    0.050ns
    Discrete Jitter          (DJ):    0.084ns
    Phase Error              (PE):    0.115ns

    Location             Delay type                Incr(ns)  Path(ns)    Netlist Resource(s)
  -------------------------------------------------------------------    -------------------
                         (clock SerialClkIO rise edge)
                                                      0.000     0.000 r  
    K17                                               0.000     0.000 r  System_clock (IN)
                         net (fo=0)                   0.000     0.000    hdmi_out_i/clk_wiz_0/inst/clk_in1
    K17                  IBUF (Prop_ibuf_I_O)         0.243     0.243 r  hdmi_out_i/clk_wiz_0/inst/clkin1_ibufg/O
                         net (fo=1, routed)           0.440     0.683    hdmi_out_i/clk_wiz_0/inst/clk_in1_hdmi_out_clk_wiz_0_0
    MMCME2_ADV_X1Y2      MMCME2_ADV (Prop_mmcme2_adv_CLKIN1_CLKOUT0)
                                                     -2.613    -1.930 r  hdmi_out_i/clk_wiz_0/inst/mmcm_adv_inst/CLKOUT0
                         net (fo=1, routed)           0.696    -1.233    hdmi_out_i/clk_wiz_0/inst/clk_out1_hdmi_out_clk_wiz_0_0
    BUFGCTRL_X0Y16       BUFG (Prop_bufg_I_O)         0.026    -1.207 r  hdmi_out_i/clk_wiz_0/inst/clkout1_buf/O
                         net (fo=267, routed)         0.602    -0.606    hdmi_out_i/rgb2dvi_0/U0/ClockGenInternal.ClockGenX/oSyncStages_reg[0]
    PLLE2_ADV_X1Y0       PLLE2_ADV (Prop_plle2_adv_CLKIN1_CLKOUT0)
                                                      0.050    -0.556 r  hdmi_out_i/rgb2dvi_0/U0/ClockGenInternal.ClockGenX/GenPLL.DVI_ClkGenerator/CLKOUT0
                         net (fo=1, routed)           0.544    -0.012    hdmi_out_i/rgb2dvi_0/U0/ClockGenInternal.ClockGenX/SerialClk
    BUFGCTRL_X0Y1        BUFG (Prop_bufg_I_O)         0.026     0.014 r  hdmi_out_i/rgb2dvi_0/U0/ClockGenInternal.ClockGenX/SerialClk_BUFG_inst/O
                         net (fo=8, routed)           0.704     0.718    hdmi_out_i/rgb2dvi_0/U0/ClockSerializer/SerialClk
    OLOGIC_X1Y124        OSERDESE2                                    r  hdmi_out_i/rgb2dvi_0/U0/ClockSerializer/SerializerMaster/CLK
  -------------------------------------------------------------------    -------------------
    OLOGIC_X1Y124        OSERDESE2 (Prop_oserdese2_CLK_OQ)
                                                      0.177     0.895 r  hdmi_out_i/rgb2dvi_0/U0/ClockSerializer/SerializerMaster/OQ
                         net (fo=1, routed)           0.001     0.896    hdmi_out_i/rgb2dvi_0/U0/ClockSerializer/sDataOut
    H16                  OBUFDS (Prop_obufds_I_O)     0.783     1.679 r  hdmi_out_i/rgb2dvi_0/U0/ClockSerializer/OutputBuffer/O
                         net (fo=0)                   0.000     1.679    hdmi_out_clk_p
    H16                                                               r  hdmi_out_clk_p (OUT)
  -------------------------------------------------------------------    -------------------

Slack:                    inf
  Source:                 hdmi_out_i/rgb2dvi_0/U0/ClockSerializer/SerializerMaster/CLK
                            (rising edge-triggered cell OSERDESE2 clocked by SerialClkIO  {rise@0.000ns fall@1.403ns period=2.806ns})
  Destination:            hdmi_out_clk_n
                            (output port)
  Path Group:             (none)
  Path Type:              Min at Fast Process Corner
  Data Path Delay:        0.962ns  (logic 0.961ns (99.896%)  route 0.001ns (0.104%))
  Logic Levels:           1  (OBUFDS=1)
  Clock Uncertainty:      0.164ns  ((TSJ^2 + DJ^2)^1/2) / 2 + PE
    Total System Jitter     (TSJ):    0.050ns
    Discrete Jitter          (DJ):    0.084ns
    Phase Error              (PE):    0.115ns

    Location             Delay type                Incr(ns)  Path(ns)    Netlist Resource(s)
  -------------------------------------------------------------------    -------------------
                         (clock SerialClkIO rise edge)
                                                      0.000     0.000 r  
    K17                                               0.000     0.000 r  System_clock (IN)
                         net (fo=0)                   0.000     0.000    hdmi_out_i/clk_wiz_0/inst/clk_in1
    K17                  IBUF (Prop_ibuf_I_O)         0.243     0.243 r  hdmi_out_i/clk_wiz_0/inst/clkin1_ibufg/O
                         net (fo=1, routed)           0.440     0.683    hdmi_out_i/clk_wiz_0/inst/clk_in1_hdmi_out_clk_wiz_0_0
    MMCME2_ADV_X1Y2      MMCME2_ADV (Prop_mmcme2_adv_CLKIN1_CLKOUT0)
                                                     -2.613    -1.930 r  hdmi_out_i/clk_wiz_0/inst/mmcm_adv_inst/CLKOUT0
                         net (fo=1, routed)           0.696    -1.233    hdmi_out_i/clk_wiz_0/inst/clk_out1_hdmi_out_clk_wiz_0_0
    BUFGCTRL_X0Y16       BUFG (Prop_bufg_I_O)         0.026    -1.207 r  hdmi_out_i/clk_wiz_0/inst/clkout1_buf/O
                         net (fo=267, routed)         0.602    -0.606    hdmi_out_i/rgb2dvi_0/U0/ClockGenInternal.ClockGenX/oSyncStages_reg[0]
    PLLE2_ADV_X1Y0       PLLE2_ADV (Prop_plle2_adv_CLKIN1_CLKOUT0)
                                                      0.050    -0.556 r  hdmi_out_i/rgb2dvi_0/U0/ClockGenInternal.ClockGenX/GenPLL.DVI_ClkGenerator/CLKOUT0
                         net (fo=1, routed)           0.544    -0.012    hdmi_out_i/rgb2dvi_0/U0/ClockGenInternal.ClockGenX/SerialClk
    BUFGCTRL_X0Y1        BUFG (Prop_bufg_I_O)         0.026     0.014 r  hdmi_out_i/rgb2dvi_0/U0/ClockGenInternal.ClockGenX/SerialClk_BUFG_inst/O
                         net (fo=8, routed)           0.704     0.718    hdmi_out_i/rgb2dvi_0/U0/ClockSerializer/SerialClk
    OLOGIC_X1Y124        OSERDESE2                                    r  hdmi_out_i/rgb2dvi_0/U0/ClockSerializer/SerializerMaster/CLK
  -------------------------------------------------------------------    -------------------
    OLOGIC_X1Y124        OSERDESE2 (Prop_oserdese2_CLK_OQ)
                                                      0.177     0.895 r  hdmi_out_i/rgb2dvi_0/U0/ClockSerializer/SerializerMaster/OQ
                         net (fo=1, routed)           0.001     0.896    hdmi_out_i/rgb2dvi_0/U0/ClockSerializer/sDataOut
    H16                  OBUFDS (Prop_obufds_I_OB)    0.784     1.680 r  hdmi_out_i/rgb2dvi_0/U0/ClockSerializer/OutputBuffer/OB
                         net (fo=0)                   0.000     1.680    hdmi_out_clk_n
    H17                                                               r  hdmi_out_clk_n (OUT)
  -------------------------------------------------------------------    -------------------

Slack:                    inf
  Source:                 hdmi_out_i/rgb2dvi_0/U0/DataEncoders[0].DataSerializer/SerializerMaster/CLK
                            (rising edge-triggered cell OSERDESE2 clocked by SerialClkIO  {rise@0.000ns fall@1.403ns period=2.806ns})
  Destination:            hdmi_out_data_p[0]
                            (output port)
  Path Group:             (none)
  Path Type:              Min at Fast Process Corner
  Data Path Delay:        0.973ns  (logic 0.972ns (99.897%)  route 0.001ns (0.103%))
  Logic Levels:           1  (OBUFDS=1)
  Clock Uncertainty:      0.164ns  ((TSJ^2 + DJ^2)^1/2) / 2 + PE
    Total System Jitter     (TSJ):    0.050ns
    Discrete Jitter          (DJ):    0.084ns
    Phase Error              (PE):    0.115ns

    Location             Delay type                Incr(ns)  Path(ns)    Netlist Resource(s)
  -------------------------------------------------------------------    -------------------
                         (clock SerialClkIO rise edge)
                                                      0.000     0.000 r  
    K17                                               0.000     0.000 r  System_clock (IN)
                         net (fo=0)                   0.000     0.000    hdmi_out_i/clk_wiz_0/inst/clk_in1
    K17                  IBUF (Prop_ibuf_I_O)         0.243     0.243 r  hdmi_out_i/clk_wiz_0/inst/clkin1_ibufg/O
                         net (fo=1, routed)           0.440     0.683    hdmi_out_i/clk_wiz_0/inst/clk_in1_hdmi_out_clk_wiz_0_0
    MMCME2_ADV_X1Y2      MMCME2_ADV (Prop_mmcme2_adv_CLKIN1_CLKOUT0)
                                                     -2.613    -1.930 r  hdmi_out_i/clk_wiz_0/inst/mmcm_adv_inst/CLKOUT0
                         net (fo=1, routed)           0.696    -1.233    hdmi_out_i/clk_wiz_0/inst/clk_out1_hdmi_out_clk_wiz_0_0
    BUFGCTRL_X0Y16       BUFG (Prop_bufg_I_O)         0.026    -1.207 r  hdmi_out_i/clk_wiz_0/inst/clkout1_buf/O
                         net (fo=267, routed)         0.602    -0.606    hdmi_out_i/rgb2dvi_0/U0/ClockGenInternal.ClockGenX/oSyncStages_reg[0]
    PLLE2_ADV_X1Y0       PLLE2_ADV (Prop_plle2_adv_CLKIN1_CLKOUT0)
                                                      0.050    -0.556 r  hdmi_out_i/rgb2dvi_0/U0/ClockGenInternal.ClockGenX/GenPLL.DVI_ClkGenerator/CLKOUT0
                         net (fo=1, routed)           0.544    -0.012    hdmi_out_i/rgb2dvi_0/U0/ClockGenInternal.ClockGenX/SerialClk
    BUFGCTRL_X0Y1        BUFG (Prop_bufg_I_O)         0.026     0.014 r  hdmi_out_i/rgb2dvi_0/U0/ClockGenInternal.ClockGenX/SerialClk_BUFG_inst/O
                         net (fo=8, routed)           0.711     0.725    hdmi_out_i/rgb2dvi_0/U0/DataEncoders[0].DataSerializer/SerialClk
    OLOGIC_X1Y142        OSERDESE2                                    r  hdmi_out_i/rgb2dvi_0/U0/DataEncoders[0].DataSerializer/SerializerMaster/CLK
  -------------------------------------------------------------------    -------------------
    OLOGIC_X1Y142        OSERDESE2 (Prop_oserdese2_CLK_OQ)
                                                      0.177     0.902 r  hdmi_out_i/rgb2dvi_0/U0/DataEncoders[0].DataSerializer/SerializerMaster/OQ
                         net (fo=1, routed)           0.001     0.903    hdmi_out_i/rgb2dvi_0/U0/DataEncoders[0].DataSerializer/sDataOut
    D19                  OBUFDS (Prop_obufds_I_O)     0.795     1.699 r  hdmi_out_i/rgb2dvi_0/U0/DataEncoders[0].DataSerializer/OutputBuffer/O
                         net (fo=0)                   0.000     1.699    hdmi_out_data_p[0]
    D19                                                               r  hdmi_out_data_p[0] (OUT)
  -------------------------------------------------------------------    -------------------

Slack:                    inf
  Source:                 hdmi_out_i/rgb2dvi_0/U0/DataEncoders[0].DataSerializer/SerializerMaster/CLK
                            (rising edge-triggered cell OSERDESE2 clocked by SerialClkIO  {rise@0.000ns fall@1.403ns period=2.806ns})
  Destination:            hdmi_out_data_n[0]
                            (output port)
  Path Group:             (none)
  Path Type:              Min at Fast Process Corner
  Data Path Delay:        0.974ns  (logic 0.973ns (99.897%)  route 0.001ns (0.103%))
  Logic Levels:           1  (OBUFDS=1)
  Clock Uncertainty:      0.164ns  ((TSJ^2 + DJ^2)^1/2) / 2 + PE
    Total System Jitter     (TSJ):    0.050ns
    Discrete Jitter          (DJ):    0.084ns
    Phase Error              (PE):    0.115ns

    Location             Delay type                Incr(ns)  Path(ns)    Netlist Resource(s)
  -------------------------------------------------------------------    -------------------
                         (clock SerialClkIO rise edge)
                                                      0.000     0.000 r  
    K17                                               0.000     0.000 r  System_clock (IN)
                         net (fo=0)                   0.000     0.000    hdmi_out_i/clk_wiz_0/inst/clk_in1
    K17                  IBUF (Prop_ibuf_I_O)         0.243     0.243 r  hdmi_out_i/clk_wiz_0/inst/clkin1_ibufg/O
                         net (fo=1, routed)           0.440     0.683    hdmi_out_i/clk_wiz_0/inst/clk_in1_hdmi_out_clk_wiz_0_0
    MMCME2_ADV_X1Y2      MMCME2_ADV (Prop_mmcme2_adv_CLKIN1_CLKOUT0)
                                                     -2.613    -1.930 r  hdmi_out_i/clk_wiz_0/inst/mmcm_adv_inst/CLKOUT0
                         net (fo=1, routed)           0.696    -1.233    hdmi_out_i/clk_wiz_0/inst/clk_out1_hdmi_out_clk_wiz_0_0
    BUFGCTRL_X0Y16       BUFG (Prop_bufg_I_O)         0.026    -1.207 r  hdmi_out_i/clk_wiz_0/inst/clkout1_buf/O
                         net (fo=267, routed)         0.602    -0.606    hdmi_out_i/rgb2dvi_0/U0/ClockGenInternal.ClockGenX/oSyncStages_reg[0]
    PLLE2_ADV_X1Y0       PLLE2_ADV (Prop_plle2_adv_CLKIN1_CLKOUT0)
                                                      0.050    -0.556 r  hdmi_out_i/rgb2dvi_0/U0/ClockGenInternal.ClockGenX/GenPLL.DVI_ClkGenerator/CLKOUT0
                         net (fo=1, routed)           0.544    -0.012    hdmi_out_i/rgb2dvi_0/U0/ClockGenInternal.ClockGenX/SerialClk
    BUFGCTRL_X0Y1        BUFG (Prop_bufg_I_O)         0.026     0.014 r  hdmi_out_i/rgb2dvi_0/U0/ClockGenInternal.ClockGenX/SerialClk_BUFG_inst/O
                         net (fo=8, routed)           0.711     0.725    hdmi_out_i/rgb2dvi_0/U0/DataEncoders[0].DataSerializer/SerialClk
    OLOGIC_X1Y142        OSERDESE2                                    r  hdmi_out_i/rgb2dvi_0/U0/DataEncoders[0].DataSerializer/SerializerMaster/CLK
  -------------------------------------------------------------------    -------------------
    OLOGIC_X1Y142        OSERDESE2 (Prop_oserdese2_CLK_OQ)
                                                      0.177     0.902 r  hdmi_out_i/rgb2dvi_0/U0/DataEncoders[0].DataSerializer/SerializerMaster/OQ
                         net (fo=1, routed)           0.001     0.903    hdmi_out_i/rgb2dvi_0/U0/DataEncoders[0].DataSerializer/sDataOut
    D19                  OBUFDS (Prop_obufds_I_OB)    0.796     1.700 r  hdmi_out_i/rgb2dvi_0/U0/DataEncoders[0].DataSerializer/OutputBuffer/OB
                         net (fo=0)                   0.000     1.700    hdmi_out_data_n[0]
    D20                                                               r  hdmi_out_data_n[0] (OUT)
  -------------------------------------------------------------------    -------------------

Slack:                    inf
  Source:                 hdmi_out_i/rgb2dvi_0/U0/DataEncoders[2].DataSerializer/SerializerMaster/CLK
                            (rising edge-triggered cell OSERDESE2 clocked by SerialClkIO  {rise@0.000ns fall@1.403ns period=2.806ns})
  Destination:            hdmi_out_data_p[2]
                            (output port)
  Path Group:             (none)
  Path Type:              Min at Fast Process Corner
  Data Path Delay:        0.979ns  (logic 0.978ns (99.898%)  route 0.001ns (0.102%))
  Logic Levels:           1  (OBUFDS=1)
  Clock Uncertainty:      0.164ns  ((TSJ^2 + DJ^2)^1/2) / 2 + PE
    Total System Jitter     (TSJ):    0.050ns
    Discrete Jitter          (DJ):    0.084ns
    Phase Error              (PE):    0.115ns

    Location             Delay type                Incr(ns)  Path(ns)    Netlist Resource(s)
  -------------------------------------------------------------------    -------------------
                         (clock SerialClkIO rise edge)
                                                      0.000     0.000 r  
    K17                                               0.000     0.000 r  System_clock (IN)
                         net (fo=0)                   0.000     0.000    hdmi_out_i/clk_wiz_0/inst/clk_in1
    K17                  IBUF (Prop_ibuf_I_O)         0.243     0.243 r  hdmi_out_i/clk_wiz_0/inst/clkin1_ibufg/O
                         net (fo=1, routed)           0.440     0.683    hdmi_out_i/clk_wiz_0/inst/clk_in1_hdmi_out_clk_wiz_0_0
    MMCME2_ADV_X1Y2      MMCME2_ADV (Prop_mmcme2_adv_CLKIN1_CLKOUT0)
                                                     -2.613    -1.930 r  hdmi_out_i/clk_wiz_0/inst/mmcm_adv_inst/CLKOUT0
                         net (fo=1, routed)           0.696    -1.233    hdmi_out_i/clk_wiz_0/inst/clk_out1_hdmi_out_clk_wiz_0_0
    BUFGCTRL_X0Y16       BUFG (Prop_bufg_I_O)         0.026    -1.207 r  hdmi_out_i/clk_wiz_0/inst/clkout1_buf/O
                         net (fo=267, routed)         0.602    -0.606    hdmi_out_i/rgb2dvi_0/U0/ClockGenInternal.ClockGenX/oSyncStages_reg[0]
    PLLE2_ADV_X1Y0       PLLE2_ADV (Prop_plle2_adv_CLKIN1_CLKOUT0)
                                                      0.050    -0.556 r  hdmi_out_i/rgb2dvi_0/U0/ClockGenInternal.ClockGenX/GenPLL.DVI_ClkGenerator/CLKOUT0
                         net (fo=1, routed)           0.544    -0.012    hdmi_out_i/rgb2dvi_0/U0/ClockGenInternal.ClockGenX/SerialClk
    BUFGCTRL_X0Y1        BUFG (Prop_bufg_I_O)         0.026     0.014 r  hdmi_out_i/rgb2dvi_0/U0/ClockGenInternal.ClockGenX/SerialClk_BUFG_inst/O
                         net (fo=8, routed)           0.712     0.726    hdmi_out_i/rgb2dvi_0/U0/DataEncoders[2].DataSerializer/SerialClk
    OLOGIC_X1Y146        OSERDESE2                                    r  hdmi_out_i/rgb2dvi_0/U0/DataEncoders[2].DataSerializer/SerializerMaster/CLK
  -------------------------------------------------------------------    -------------------
    OLOGIC_X1Y146        OSERDESE2 (Prop_oserdese2_CLK_OQ)
                                                      0.177     0.903 r  hdmi_out_i/rgb2dvi_0/U0/DataEncoders[2].DataSerializer/SerializerMaster/OQ
                         net (fo=1, routed)           0.001     0.904    hdmi_out_i/rgb2dvi_0/U0/DataEncoders[2].DataSerializer/sDataOut
    B19                  OBUFDS (Prop_obufds_I_O)     0.801     1.705 r  hdmi_out_i/rgb2dvi_0/U0/DataEncoders[2].DataSerializer/OutputBuffer/O
                         net (fo=0)                   0.000     1.705    hdmi_out_data_p[2]
    B19                                                               r  hdmi_out_data_p[2] (OUT)
  -------------------------------------------------------------------    -------------------

Slack:                    inf
  Source:                 hdmi_out_i/rgb2dvi_0/U0/DataEncoders[2].DataSerializer/SerializerMaster/CLK
                            (rising edge-triggered cell OSERDESE2 clocked by SerialClkIO  {rise@0.000ns fall@1.403ns period=2.806ns})
  Destination:            hdmi_out_data_n[2]
                            (output port)
  Path Group:             (none)
  Path Type:              Min at Fast Process Corner
  Data Path Delay:        0.980ns  (logic 0.979ns (99.898%)  route 0.001ns (0.102%))
  Logic Levels:           1  (OBUFDS=1)
  Clock Uncertainty:      0.164ns  ((TSJ^2 + DJ^2)^1/2) / 2 + PE
    Total System Jitter     (TSJ):    0.050ns
    Discrete Jitter          (DJ):    0.084ns
    Phase Error              (PE):    0.115ns

    Location             Delay type                Incr(ns)  Path(ns)    Netlist Resource(s)
  -------------------------------------------------------------------    -------------------
                         (clock SerialClkIO rise edge)
                                                      0.000     0.000 r  
    K17                                               0.000     0.000 r  System_clock (IN)
                         net (fo=0)                   0.000     0.000    hdmi_out_i/clk_wiz_0/inst/clk_in1
    K17                  IBUF (Prop_ibuf_I_O)         0.243     0.243 r  hdmi_out_i/clk_wiz_0/inst/clkin1_ibufg/O
                         net (fo=1, routed)           0.440     0.683    hdmi_out_i/clk_wiz_0/inst/clk_in1_hdmi_out_clk_wiz_0_0
    MMCME2_ADV_X1Y2      MMCME2_ADV (Prop_mmcme2_adv_CLKIN1_CLKOUT0)
                                                     -2.613    -1.930 r  hdmi_out_i/clk_wiz_0/inst/mmcm_adv_inst/CLKOUT0
                         net (fo=1, routed)           0.696    -1.233    hdmi_out_i/clk_wiz_0/inst/clk_out1_hdmi_out_clk_wiz_0_0
    BUFGCTRL_X0Y16       BUFG (Prop_bufg_I_O)         0.026    -1.207 r  hdmi_out_i/clk_wiz_0/inst/clkout1_buf/O
                         net (fo=267, routed)         0.602    -0.606    hdmi_out_i/rgb2dvi_0/U0/ClockGenInternal.ClockGenX/oSyncStages_reg[0]
    PLLE2_ADV_X1Y0       PLLE2_ADV (Prop_plle2_adv_CLKIN1_CLKOUT0)
                                                      0.050    -0.556 r  hdmi_out_i/rgb2dvi_0/U0/ClockGenInternal.ClockGenX/GenPLL.DVI_ClkGenerator/CLKOUT0
                         net (fo=1, routed)           0.544    -0.012    hdmi_out_i/rgb2dvi_0/U0/ClockGenInternal.ClockGenX/SerialClk
    BUFGCTRL_X0Y1        BUFG (Prop_bufg_I_O)         0.026     0.014 r  hdmi_out_i/rgb2dvi_0/U0/ClockGenInternal.ClockGenX/SerialClk_BUFG_inst/O
                         net (fo=8, routed)           0.712     0.726    hdmi_out_i/rgb2dvi_0/U0/DataEncoders[2].DataSerializer/SerialClk
    OLOGIC_X1Y146        OSERDESE2                                    r  hdmi_out_i/rgb2dvi_0/U0/DataEncoders[2].DataSerializer/SerializerMaster/CLK
  -------------------------------------------------------------------    -------------------
    OLOGIC_X1Y146        OSERDESE2 (Prop_oserdese2_CLK_OQ)
                                                      0.177     0.903 r  hdmi_out_i/rgb2dvi_0/U0/DataEncoders[2].DataSerializer/SerializerMaster/OQ
                         net (fo=1, routed)           0.001     0.904    hdmi_out_i/rgb2dvi_0/U0/DataEncoders[2].DataSerializer/sDataOut
    B19                  OBUFDS (Prop_obufds_I_OB)    0.802     1.706 r  hdmi_out_i/rgb2dvi_0/U0/DataEncoders[2].DataSerializer/OutputBuffer/OB
                         net (fo=0)                   0.000     1.706    hdmi_out_data_n[2]
    A20                                                               r  hdmi_out_data_n[2] (OUT)
  -------------------------------------------------------------------    -------------------

Slack:                    inf
  Source:                 hdmi_out_i/rgb2dvi_0/U0/DataEncoders[1].DataSerializer/SerializerMaster/CLK
                            (rising edge-triggered cell OSERDESE2 clocked by SerialClkIO  {rise@0.000ns fall@1.403ns period=2.806ns})
  Destination:            hdmi_out_data_p[1]
                            (output port)
  Path Group:             (none)
  Path Type:              Min at Fast Process Corner
  Data Path Delay:        0.982ns  (logic 0.981ns (99.898%)  route 0.001ns (0.102%))
  Logic Levels:           1  (OBUFDS=1)
  Clock Uncertainty:      0.164ns  ((TSJ^2 + DJ^2)^1/2) / 2 + PE
    Total System Jitter     (TSJ):    0.050ns
    Discrete Jitter          (DJ):    0.084ns
    Phase Error              (PE):    0.115ns

    Location             Delay type                Incr(ns)  Path(ns)    Netlist Resource(s)
  -------------------------------------------------------------------    -------------------
                         (clock SerialClkIO rise edge)
                                                      0.000     0.000 r  
    K17                                               0.000     0.000 r  System_clock (IN)
                         net (fo=0)                   0.000     0.000    hdmi_out_i/clk_wiz_0/inst/clk_in1
    K17                  IBUF (Prop_ibuf_I_O)         0.243     0.243 r  hdmi_out_i/clk_wiz_0/inst/clkin1_ibufg/O
                         net (fo=1, routed)           0.440     0.683    hdmi_out_i/clk_wiz_0/inst/clk_in1_hdmi_out_clk_wiz_0_0
    MMCME2_ADV_X1Y2      MMCME2_ADV (Prop_mmcme2_adv_CLKIN1_CLKOUT0)
                                                     -2.613    -1.930 r  hdmi_out_i/clk_wiz_0/inst/mmcm_adv_inst/CLKOUT0
                         net (fo=1, routed)           0.696    -1.233    hdmi_out_i/clk_wiz_0/inst/clk_out1_hdmi_out_clk_wiz_0_0
    BUFGCTRL_X0Y16       BUFG (Prop_bufg_I_O)         0.026    -1.207 r  hdmi_out_i/clk_wiz_0/inst/clkout1_buf/O
                         net (fo=267, routed)         0.602    -0.606    hdmi_out_i/rgb2dvi_0/U0/ClockGenInternal.ClockGenX/oSyncStages_reg[0]
    PLLE2_ADV_X1Y0       PLLE2_ADV (Prop_plle2_adv_CLKIN1_CLKOUT0)
                                                      0.050    -0.556 r  hdmi_out_i/rgb2dvi_0/U0/ClockGenInternal.ClockGenX/GenPLL.DVI_ClkGenerator/CLKOUT0
                         net (fo=1, routed)           0.544    -0.012    hdmi_out_i/rgb2dvi_0/U0/ClockGenInternal.ClockGenX/SerialClk
    BUFGCTRL_X0Y1        BUFG (Prop_bufg_I_O)         0.026     0.014 r  hdmi_out_i/rgb2dvi_0/U0/ClockGenInternal.ClockGenX/SerialClk_BUFG_inst/O
                         net (fo=8, routed)           0.713     0.727    hdmi_out_i/rgb2dvi_0/U0/DataEncoders[1].DataSerializer/SerialClk
    OLOGIC_X1Y148        OSERDESE2                                    r  hdmi_out_i/rgb2dvi_0/U0/DataEncoders[1].DataSerializer/SerializerMaster/CLK
  -------------------------------------------------------------------    -------------------
    OLOGIC_X1Y148        OSERDESE2 (Prop_oserdese2_CLK_OQ)
                                                      0.177     0.904 r  hdmi_out_i/rgb2dvi_0/U0/DataEncoders[1].DataSerializer/SerializerMaster/OQ
                         net (fo=1, routed)           0.001     0.905    hdmi_out_i/rgb2dvi_0/U0/DataEncoders[1].DataSerializer/sDataOut
    C20                  OBUFDS (Prop_obufds_I_O)     0.804     1.709 r  hdmi_out_i/rgb2dvi_0/U0/DataEncoders[1].DataSerializer/OutputBuffer/O
                         net (fo=0)                   0.000     1.709    hdmi_out_data_p[1]
    C20                                                               r  hdmi_out_data_p[1] (OUT)
  -------------------------------------------------------------------    -------------------

Slack:                    inf
  Source:                 hdmi_out_i/rgb2dvi_0/U0/DataEncoders[1].DataSerializer/SerializerMaster/CLK
                            (rising edge-triggered cell OSERDESE2 clocked by SerialClkIO  {rise@0.000ns fall@1.403ns period=2.806ns})
  Destination:            hdmi_out_data_n[1]
                            (output port)
  Path Group:             (none)
  Path Type:              Min at Fast Process Corner
  Data Path Delay:        0.983ns  (logic 0.982ns (99.898%)  route 0.001ns (0.102%))
  Logic Levels:           1  (OBUFDS=1)
  Clock Uncertainty:      0.164ns  ((TSJ^2 + DJ^2)^1/2) / 2 + PE
    Total System Jitter     (TSJ):    0.050ns
    Discrete Jitter          (DJ):    0.084ns
    Phase Error              (PE):    0.115ns

    Location             Delay type                Incr(ns)  Path(ns)    Netlist Resource(s)
  -------------------------------------------------------------------    -------------------
                         (clock SerialClkIO rise edge)
                                                      0.000     0.000 r  
    K17                                               0.000     0.000 r  System_clock (IN)
                         net (fo=0)                   0.000     0.000    hdmi_out_i/clk_wiz_0/inst/clk_in1
    K17                  IBUF (Prop_ibuf_I_O)         0.243     0.243 r  hdmi_out_i/clk_wiz_0/inst/clkin1_ibufg/O
                         net (fo=1, routed)           0.440     0.683    hdmi_out_i/clk_wiz_0/inst/clk_in1_hdmi_out_clk_wiz_0_0
    MMCME2_ADV_X1Y2      MMCME2_ADV (Prop_mmcme2_adv_CLKIN1_CLKOUT0)
                                                     -2.613    -1.930 r  hdmi_out_i/clk_wiz_0/inst/mmcm_adv_inst/CLKOUT0
                         net (fo=1, routed)           0.696    -1.233    hdmi_out_i/clk_wiz_0/inst/clk_out1_hdmi_out_clk_wiz_0_0
    BUFGCTRL_X0Y16       BUFG (Prop_bufg_I_O)         0.026    -1.207 r  hdmi_out_i/clk_wiz_0/inst/clkout1_buf/O
                         net (fo=267, routed)         0.602    -0.606    hdmi_out_i/rgb2dvi_0/U0/ClockGenInternal.ClockGenX/oSyncStages_reg[0]
    PLLE2_ADV_X1Y0       PLLE2_ADV (Prop_plle2_adv_CLKIN1_CLKOUT0)
                                                      0.050    -0.556 r  hdmi_out_i/rgb2dvi_0/U0/ClockGenInternal.ClockGenX/GenPLL.DVI_ClkGenerator/CLKOUT0
                         net (fo=1, routed)           0.544    -0.012    hdmi_out_i/rgb2dvi_0/U0/ClockGenInternal.ClockGenX/SerialClk
    BUFGCTRL_X0Y1        BUFG (Prop_bufg_I_O)         0.026     0.014 r  hdmi_out_i/rgb2dvi_0/U0/ClockGenInternal.ClockGenX/SerialClk_BUFG_inst/O
                         net (fo=8, routed)           0.713     0.727    hdmi_out_i/rgb2dvi_0/U0/DataEncoders[1].DataSerializer/SerialClk
    OLOGIC_X1Y148        OSERDESE2                                    r  hdmi_out_i/rgb2dvi_0/U0/DataEncoders[1].DataSerializer/SerializerMaster/CLK
  -------------------------------------------------------------------    -------------------
    OLOGIC_X1Y148        OSERDESE2 (Prop_oserdese2_CLK_OQ)
                                                      0.177     0.904 r  hdmi_out_i/rgb2dvi_0/U0/DataEncoders[1].DataSerializer/SerializerMaster/OQ
                         net (fo=1, routed)           0.001     0.905    hdmi_out_i/rgb2dvi_0/U0/DataEncoders[1].DataSerializer/sDataOut
    C20                  OBUFDS (Prop_obufds_I_OB)    0.805     1.710 r  hdmi_out_i/rgb2dvi_0/U0/DataEncoders[1].DataSerializer/OutputBuffer/OB
                         net (fo=0)                   0.000     1.710    hdmi_out_data_n[1]
    B20                                                               r  hdmi_out_data_n[1] (OUT)
  -------------------------------------------------------------------    -------------------





--------------------------------------------------------------------------------------
Path Group:  (none)
From Clock:  clkfbout_hdmi_out_clk_wiz_0_0
  To Clock:  

Max Delay             1 Endpoint
Min Delay             1 Endpoint
--------------------------------------------------------------------------------------


Max Delay Paths
--------------------------------------------------------------------------------------
Slack:                    inf
  Source:                 hdmi_out_i/clk_wiz_0/inst/mmcm_adv_inst/CLKFBOUT
                            (clock source 'clkfbout_hdmi_out_clk_wiz_0_0'  {rise@0.000ns fall@20.835ns period=41.670ns})
  Destination:            hdmi_out_i/clk_wiz_0/inst/mmcm_adv_inst/CLKFBIN
  Path Group:             (none)
  Path Type:              Max at Slow Process Corner
  Data Path Delay:        4.287ns  (logic 0.101ns (2.356%)  route 4.186ns (97.644%))
  Logic Levels:           1  (BUFG=1)
  Clock Uncertainty:      0.349ns  ((TSJ^2 + DJ^2)^1/2) / 2 + PE
    Total System Jitter     (TSJ):    0.050ns
    Discrete Jitter          (DJ):    0.174ns
    Phase Error              (PE):    0.258ns

    Location             Delay type                Incr(ns)  Path(ns)    Netlist Resource(s)
  -------------------------------------------------------------------    -------------------
                         (clock clkfbout_hdmi_out_clk_wiz_0_0 fall edge)
                                                     20.835    20.835 f  
    K17                                               0.000    20.835 f  System_clock (IN)
                         net (fo=0)                   0.000    20.835    hdmi_out_i/clk_wiz_0/inst/clk_in1
    K17                  IBUF (Prop_ibuf_I_O)         1.475    22.310 f  hdmi_out_i/clk_wiz_0/inst/clkin1_ibufg/O
                         net (fo=1, routed)           1.285    23.595    hdmi_out_i/clk_wiz_0/inst/clk_in1_hdmi_out_clk_wiz_0_0
  -------------------------------------------------------------------    -------------------
    MMCME2_ADV_X1Y2      MMCME2_ADV (Prop_mmcme2_adv_CLKIN1_CLKFBOUT)
                                                     -7.759    15.836 f  hdmi_out_i/clk_wiz_0/inst/mmcm_adv_inst/CLKFBOUT
                         net (fo=1, routed)           2.206    18.042    hdmi_out_i/clk_wiz_0/inst/clkfbout_hdmi_out_clk_wiz_0_0
    BUFGCTRL_X0Y17       BUFG (Prop_bufg_I_O)         0.101    18.143 f  hdmi_out_i/clk_wiz_0/inst/clkf_buf/O
                         net (fo=1, routed)           1.980    20.123    hdmi_out_i/clk_wiz_0/inst/clkfbout_buf_hdmi_out_clk_wiz_0_0
    MMCME2_ADV_X1Y2      MMCME2_ADV                                   f  hdmi_out_i/clk_wiz_0/inst/mmcm_adv_inst/CLKFBIN
  -------------------------------------------------------------------    -------------------





Min Delay Paths
--------------------------------------------------------------------------------------
Slack:                    inf
  Source:                 hdmi_out_i/clk_wiz_0/inst/mmcm_adv_inst/CLKFBOUT
                            (clock source 'clkfbout_hdmi_out_clk_wiz_0_0'  {rise@0.000ns fall@20.835ns period=41.670ns})
  Destination:            hdmi_out_i/clk_wiz_0/inst/mmcm_adv_inst/CLKFBIN
  Path Group:             (none)
  Path Type:              Min at Slow Process Corner
  Data Path Delay:        3.873ns  (logic 0.091ns (2.349%)  route 3.782ns (97.651%))
  Logic Levels:           1  (BUFG=1)
  Clock Uncertainty:      0.349ns  ((TSJ^2 + DJ^2)^1/2) / 2 + PE
    Total System Jitter     (TSJ):    0.050ns
    Discrete Jitter          (DJ):    0.174ns
    Phase Error              (PE):    0.258ns

    Location             Delay type                Incr(ns)  Path(ns)    Netlist Resource(s)
  -------------------------------------------------------------------    -------------------
                         (clock clkfbout_hdmi_out_clk_wiz_0_0 rise edge)
                                                      0.000     0.000 r  
    K17                                               0.000     0.000 r  System_clock (IN)
                         net (fo=0)                   0.000     0.000    hdmi_out_i/clk_wiz_0/inst/clk_in1
    K17                  IBUF (Prop_ibuf_I_O)         1.404     1.404 r  hdmi_out_i/clk_wiz_0/inst/clkin1_ibufg/O
                         net (fo=1, routed)           1.162     2.566    hdmi_out_i/clk_wiz_0/inst/clk_in1_hdmi_out_clk_wiz_0_0
  -------------------------------------------------------------------    -------------------
    MMCME2_ADV_X1Y2      MMCME2_ADV (Prop_mmcme2_adv_CLKIN1_CLKFBOUT)
                                                     -7.814    -5.248 r  hdmi_out_i/clk_wiz_0/inst/mmcm_adv_inst/CLKFBOUT
                         net (fo=1, routed)           2.012    -3.236    hdmi_out_i/clk_wiz_0/inst/clkfbout_hdmi_out_clk_wiz_0_0
    BUFGCTRL_X0Y17       BUFG (Prop_bufg_I_O)         0.091    -3.145 r  hdmi_out_i/clk_wiz_0/inst/clkf_buf/O
                         net (fo=1, routed)           1.770    -1.375    hdmi_out_i/clk_wiz_0/inst/clkfbout_buf_hdmi_out_clk_wiz_0_0
    MMCME2_ADV_X1Y2      MMCME2_ADV                                   r  hdmi_out_i/clk_wiz_0/inst/mmcm_adv_inst/CLKFBIN
  -------------------------------------------------------------------    -------------------





