Copyright 1986-2022 Xilinx, Inc. All Rights Reserved. Copyright 2022-2023 Advanced Micro Devices, Inc. All Rights Reserved.
------------------------------------------------------------------------------------------------------------------------------------------------------------------------------------------------------------------------------------
| Tool Version : Vivado v.2023.2 (win64) Build 4029153 Fri Oct 13 20:14:34 MDT 2023
| Date         : Thu Jul 30 16:21:07 2026
| Host         : DESKTOP-LRI6JJ9 running 64-bit major release  (build 9200)
| Command      : report_timing_summary -max_paths 10 -report_unconstrained -file input_numbers_timing_summary_routed.rpt -pb input_numbers_timing_summary_routed.pb -rpx input_numbers_timing_summary_routed.rpx -warn_on_violation
| Design       : input_numbers
| Device       : 7z020-clg400
| Speed File   : -1  PRODUCTION 1.12 2019-11-22
| Design State : Routed
------------------------------------------------------------------------------------------------------------------------------------------------------------------------------------------------------------------------------------

Timing Summary Report

------------------------------------------------------------------------------------------------
| Timer Settings
| --------------
------------------------------------------------------------------------------------------------

  Enable Multi Corner Analysis               :  Yes
  Enable Pessimism Removal                   :  Yes
  Pessimism Removal Resolution               :  Nearest Common Node
  Enable Input Delay Default Clock           :  No
  Enable Preset / Clear Arcs                 :  No
  Disable Flight Delays                      :  No
  Ignore I/O Paths                           :  No
  Timing Early Launch at Borrowing Latches   :  No
  Borrow Time for Max Delay Exceptions       :  Yes
  Merge Timing Exceptions                    :  Yes
  Inter-SLR Compensation                     :  Conservative

  Corner  Analyze    Analyze    
  Name    Max Paths  Min Paths  
  ------  ---------  ---------  
  Slow    Yes        Yes        
  Fast    Yes        Yes        


------------------------------------------------------------------------------------------------
| Report Methodology
| ------------------
------------------------------------------------------------------------------------------------

Rule       Severity  Description                    Violations  
---------  --------  -----------------------------  ----------  
TIMING-18  Warning   Missing input or output delay  6           

Note: This report is based on the most recent report_methodology run and may not be up-to-date. Run report_methodology on the current design for the latest report.



check_timing report

Table of Contents
-----------------
1. checking no_clock (0)
2. checking constant_clock (0)
3. checking pulse_width_clock (0)
4. checking unconstrained_internal_endpoints (0)
5. checking no_input_delay (2)
6. checking no_output_delay (4)
7. checking multiple_clock (0)
8. checking generated_clocks (0)
9. checking loops (0)
10. checking partial_input_delay (0)
11. checking partial_output_delay (0)
12. checking latch_loops (0)

1. checking no_clock (0)
------------------------
 There are 0 register/latch pins with no clock.


2. checking constant_clock (0)
------------------------------
 There are 0 register/latch pins with constant_clock.


3. checking pulse_width_clock (0)
---------------------------------
 There are 0 register/latch pins which need pulse_width check


4. checking unconstrained_internal_endpoints (0)
------------------------------------------------
 There are 0 pins that are not constrained for maximum delay.

 There are 0 pins that are not constrained for maximum delay due to constant clock.


5. checking no_input_delay (2)
------------------------------
 There are 2 input ports with no input delay specified. (HIGH)

 There are 0 input ports with no input delay but user has a false path constraint.


6. checking no_output_delay (4)
-------------------------------
 There are 4 ports with no output delay specified. (HIGH)

 There are 0 ports with no output delay but user has a false path constraint

 There are 0 ports with no output delay but with a timing clock defined on it or propagating through it


7. checking multiple_clock (0)
------------------------------
 There are 0 register/latch pins with multiple clocks.


8. checking generated_clocks (0)
--------------------------------
 There are 0 generated clocks that are not connected to a clock source.


9. checking loops (0)
---------------------
 There are 0 combinational loops in the design.


10. checking partial_input_delay (0)
------------------------------------
 There are 0 input ports with partial input delay specified.


11. checking partial_output_delay (0)
-------------------------------------
 There are 0 ports with partial output delay specified.


12. checking latch_loops (0)
----------------------------
 There are 0 combinational latch loops in the design through latch input



------------------------------------------------------------------------------------------------
| Design Timing Summary
| ---------------------
------------------------------------------------------------------------------------------------

    WNS(ns)      TNS(ns)  TNS Failing Endpoints  TNS Total Endpoints      WHS(ns)      THS(ns)  THS Failing Endpoints  THS Total Endpoints     WPWS(ns)     TPWS(ns)  TPWS Failing Endpoints  TPWS Total Endpoints  
    -------      -------  ---------------------  -------------------      -------      -------  ---------------------  -------------------     --------     --------  ----------------------  --------------------  
      6.037        0.000                      0                   16        0.238        0.000                      0                   16        3.667        0.000                       0                    10  


All user specified timing constraints are met.


------------------------------------------------------------------------------------------------
| Clock Summary
| -------------
------------------------------------------------------------------------------------------------

Clock         Waveform(ns)         Period(ns)      Frequency(MHz)
-----         ------------         ----------      --------------
System_clock  {0.000 4.167}        8.334           119.990         


------------------------------------------------------------------------------------------------
| Intra Clock Table
| -----------------
------------------------------------------------------------------------------------------------

Clock             WNS(ns)      TNS(ns)  TNS Failing Endpoints  TNS Total Endpoints      WHS(ns)      THS(ns)  THS Failing Endpoints  THS Total Endpoints     WPWS(ns)     TPWS(ns)  TPWS Failing Endpoints  TPWS Total Endpoints  
-----             -------      -------  ---------------------  -------------------      -------      -------  ---------------------  -------------------     --------     --------  ----------------------  --------------------  
System_clock        6.037        0.000                      0                   16        0.238        0.000                      0                   16        3.667        0.000                       0                    10  


------------------------------------------------------------------------------------------------
| Inter Clock Table
| -----------------
------------------------------------------------------------------------------------------------

From Clock    To Clock          WNS(ns)      TNS(ns)  TNS Failing Endpoints  TNS Total Endpoints      WHS(ns)      THS(ns)  THS Failing Endpoints  THS Total Endpoints  
----------    --------          -------      -------  ---------------------  -------------------      -------      -------  ---------------------  -------------------  


------------------------------------------------------------------------------------------------
| Other Path Groups Table
| -----------------------
------------------------------------------------------------------------------------------------

Path Group    From Clock    To Clock          WNS(ns)      TNS(ns)  TNS Failing Endpoints  TNS Total Endpoints      WHS(ns)      THS(ns)  THS Failing Endpoints  THS Total Endpoints  
----------    ----------    --------          -------      -------  ---------------------  -------------------      -------      -------  ---------------------  -------------------  


------------------------------------------------------------------------------------------------
| User Ignored Path Table
| -----------------------
------------------------------------------------------------------------------------------------

Path Group    From Clock    To Clock    
----------    ----------    --------    


------------------------------------------------------------------------------------------------
| Unconstrained Path Table
| ------------------------
------------------------------------------------------------------------------------------------

Path Group    From Clock    To Clock    
----------    ----------    --------    
(none)        System_clock                
(none)                      System_clock  


------------------------------------------------------------------------------------------------
| Timing Details
| --------------
------------------------------------------------------------------------------------------------


---------------------------------------------------------------------------------------------------
From Clock:  System_clock
  To Clock:  System_clock

Setup :            0  Failing Endpoints,  Worst Slack        6.037ns,  Total Violation        0.000ns
Hold  :            0  Failing Endpoints,  Worst Slack        0.238ns,  Total Violation        0.000ns
PW    :            0  Failing Endpoints,  Worst Slack        3.667ns,  Total Violation        0.000ns
---------------------------------------------------------------------------------------------------


Max Delay Paths
--------------------------------------------------------------------------------------
Slack (MET) :             6.037ns  (required time - arrival time)
  Source:                 index_reg[3]/C
                            (rising edge-triggered cell FDCE clocked by System_clock  {rise@0.000ns fall@4.167ns period=8.334ns})
  Destination:            index_reg[0]/CE
                            (rising edge-triggered cell FDCE clocked by System_clock  {rise@0.000ns fall@4.167ns period=8.334ns})
  Path Group:             System_clock
  Path Type:              Setup (Max at Slow Process Corner)
  Requirement:            8.334ns  (System_clock rise@8.334ns - System_clock rise@0.000ns)
  Data Path Delay:        2.057ns  (logic 0.715ns (34.758%)  route 1.342ns (65.242%))
  Logic Levels:           1  (LUT3=1)
  Clock Path Skew:        0.000ns (DCD - SCD + CPR)
    Destination Clock Delay (DCD):    5.648ns = ( 13.982 - 8.334 ) 
    Source Clock Delay      (SCD):    6.155ns
    Clock Pessimism Removal (CPR):    0.506ns
  Clock Uncertainty:      0.035ns  ((TSJ^2 + TIJ^2)^1/2 + DJ) / 2 + PE
    Total System Jitter     (TSJ):    0.071ns
    Total Input Jitter      (TIJ):    0.000ns
    Discrete Jitter          (DJ):    0.000ns
    Phase Error              (PE):    0.000ns

    Location             Delay type                Incr(ns)  Path(ns)    Netlist Resource(s)
  -------------------------------------------------------------------    -------------------
                         (clock System_clock rise edge)
                                                      0.000     0.000 r  
    K17                                               0.000     0.000 r  System_clock (IN)
                         net (fo=0)                   0.000     0.000    System_clock
    K17                  IBUF (Prop_ibuf_I_O)         1.475     1.475 r  System_clock_IBUF_inst/O
                         net (fo=1, routed)           2.522     3.997    System_clock_IBUF
    BUFGCTRL_X0Y16       BUFG (Prop_bufg_I_O)         0.101     4.098 r  System_clock_IBUF_BUFG_inst/O
                         net (fo=9, routed)           2.057     6.155    System_clock_IBUF_BUFG
    SLICE_X113Y105       FDCE                                         r  index_reg[3]/C
  -------------------------------------------------------------------    -------------------
    SLICE_X113Y105       FDCE (Prop_fdce_C_Q)         0.419     6.574 f  index_reg[3]/Q
                         net (fo=5, routed)           0.870     7.444    index_reg[3]
    SLICE_X112Y104       LUT3 (Prop_lut3_I2_O)        0.296     7.740 r  index[3]_i_1/O
                         net (fo=4, routed)           0.472     8.212    index[3]_i_1_n_0
    SLICE_X113Y105       FDCE                                         r  index_reg[0]/CE
  -------------------------------------------------------------------    -------------------

                         (clock System_clock rise edge)
                                                      8.334     8.334 r  
    K17                                               0.000     8.334 r  System_clock (IN)
                         net (fo=0)                   0.000     8.334    System_clock
    K17                  IBUF (Prop_ibuf_I_O)         1.404     9.738 r  System_clock_IBUF_inst/O
                         net (fo=1, routed)           2.293    12.031    System_clock_IBUF
    BUFGCTRL_X0Y16       BUFG (Prop_bufg_I_O)         0.091    12.122 r  System_clock_IBUF_BUFG_inst/O
                         net (fo=9, routed)           1.860    13.982    System_clock_IBUF_BUFG
    SLICE_X113Y105       FDCE                                         r  index_reg[0]/C
                         clock pessimism              0.506    14.489    
                         clock uncertainty           -0.035    14.453    
    SLICE_X113Y105       FDCE (Setup_fdce_C_CE)      -0.205    14.248    index_reg[0]
  -------------------------------------------------------------------
                         required time                         14.248    
                         arrival time                          -8.212    
  -------------------------------------------------------------------
                         slack                                  6.037    

Slack (MET) :             6.037ns  (required time - arrival time)
  Source:                 index_reg[3]/C
                            (rising edge-triggered cell FDCE clocked by System_clock  {rise@0.000ns fall@4.167ns period=8.334ns})
  Destination:            index_reg[1]/CE
                            (rising edge-triggered cell FDCE clocked by System_clock  {rise@0.000ns fall@4.167ns period=8.334ns})
  Path Group:             System_clock
  Path Type:              Setup (Max at Slow Process Corner)
  Requirement:            8.334ns  (System_clock rise@8.334ns - System_clock rise@0.000ns)
  Data Path Delay:        2.057ns  (logic 0.715ns (34.758%)  route 1.342ns (65.242%))
  Logic Levels:           1  (LUT3=1)
  Clock Path Skew:        0.000ns (DCD - SCD + CPR)
    Destination Clock Delay (DCD):    5.648ns = ( 13.982 - 8.334 ) 
    Source Clock Delay      (SCD):    6.155ns
    Clock Pessimism Removal (CPR):    0.506ns
  Clock Uncertainty:      0.035ns  ((TSJ^2 + TIJ^2)^1/2 + DJ) / 2 + PE
    Total System Jitter     (TSJ):    0.071ns
    Total Input Jitter      (TIJ):    0.000ns
    Discrete Jitter          (DJ):    0.000ns
    Phase Error              (PE):    0.000ns

    Location             Delay type                Incr(ns)  Path(ns)    Netlist Resource(s)
  -------------------------------------------------------------------    -------------------
                         (clock System_clock rise edge)
                                                      0.000     0.000 r  
    K17                                               0.000     0.000 r  System_clock (IN)
                         net (fo=0)                   0.000     0.000    System_clock
    K17                  IBUF (Prop_ibuf_I_O)         1.475     1.475 r  System_clock_IBUF_inst/O
                         net (fo=1, routed)           2.522     3.997    System_clock_IBUF
    BUFGCTRL_X0Y16       BUFG (Prop_bufg_I_O)         0.101     4.098 r  System_clock_IBUF_BUFG_inst/O
                         net (fo=9, routed)           2.057     6.155    System_clock_IBUF_BUFG
    SLICE_X113Y105       FDCE                                         r  index_reg[3]/C
  -------------------------------------------------------------------    -------------------
    SLICE_X113Y105       FDCE (Prop_fdce_C_Q)         0.419     6.574 f  index_reg[3]/Q
                         net (fo=5, routed)           0.870     7.444    index_reg[3]
    SLICE_X112Y104       LUT3 (Prop_lut3_I2_O)        0.296     7.740 r  index[3]_i_1/O
                         net (fo=4, routed)           0.472     8.212    index[3]_i_1_n_0
    SLICE_X113Y105       FDCE                                         r  index_reg[1]/CE
  -------------------------------------------------------------------    -------------------

                         (clock System_clock rise edge)
                                                      8.334     8.334 r  
    K17                                               0.000     8.334 r  System_clock (IN)
                         net (fo=0)                   0.000     8.334    System_clock
    K17                  IBUF (Prop_ibuf_I_O)         1.404     9.738 r  System_clock_IBUF_inst/O
                         net (fo=1, routed)           2.293    12.031    System_clock_IBUF
    BUFGCTRL_X0Y16       BUFG (Prop_bufg_I_O)         0.091    12.122 r  System_clock_IBUF_BUFG_inst/O
                         net (fo=9, routed)           1.860    13.982    System_clock_IBUF_BUFG
    SLICE_X113Y105       FDCE                                         r  index_reg[1]/C
                         clock pessimism              0.506    14.489    
                         clock uncertainty           -0.035    14.453    
    SLICE_X113Y105       FDCE (Setup_fdce_C_CE)      -0.205    14.248    index_reg[1]
  -------------------------------------------------------------------
                         required time                         14.248    
                         arrival time                          -8.212    
  -------------------------------------------------------------------
                         slack                                  6.037    

Slack (MET) :             6.037ns  (required time - arrival time)
  Source:                 index_reg[3]/C
                            (rising edge-triggered cell FDCE clocked by System_clock  {rise@0.000ns fall@4.167ns period=8.334ns})
  Destination:            index_reg[2]/CE
                            (rising edge-triggered cell FDCE clocked by System_clock  {rise@0.000ns fall@4.167ns period=8.334ns})
  Path Group:             System_clock
  Path Type:              Setup (Max at Slow Process Corner)
  Requirement:            8.334ns  (System_clock rise@8.334ns - System_clock rise@0.000ns)
  Data Path Delay:        2.057ns  (logic 0.715ns (34.758%)  route 1.342ns (65.242%))
  Logic Levels:           1  (LUT3=1)
  Clock Path Skew:        0.000ns (DCD - SCD + CPR)
    Destination Clock Delay (DCD):    5.648ns = ( 13.982 - 8.334 ) 
    Source Clock Delay      (SCD):    6.155ns
    Clock Pessimism Removal (CPR):    0.506ns
  Clock Uncertainty:      0.035ns  ((TSJ^2 + TIJ^2)^1/2 + DJ) / 2 + PE
    Total System Jitter     (TSJ):    0.071ns
    Total Input Jitter      (TIJ):    0.000ns
    Discrete Jitter          (DJ):    0.000ns
    Phase Error              (PE):    0.000ns

    Location             Delay type                Incr(ns)  Path(ns)    Netlist Resource(s)
  -------------------------------------------------------------------    -------------------
                         (clock System_clock rise edge)
                                                      0.000     0.000 r  
    K17                                               0.000     0.000 r  System_clock (IN)
                         net (fo=0)                   0.000     0.000    System_clock
    K17                  IBUF (Prop_ibuf_I_O)         1.475     1.475 r  System_clock_IBUF_inst/O
                         net (fo=1, routed)           2.522     3.997    System_clock_IBUF
    BUFGCTRL_X0Y16       BUFG (Prop_bufg_I_O)         0.101     4.098 r  System_clock_IBUF_BUFG_inst/O
                         net (fo=9, routed)           2.057     6.155    System_clock_IBUF_BUFG
    SLICE_X113Y105       FDCE                                         r  index_reg[3]/C
  -------------------------------------------------------------------    -------------------
    SLICE_X113Y105       FDCE (Prop_fdce_C_Q)         0.419     6.574 f  index_reg[3]/Q
                         net (fo=5, routed)           0.870     7.444    index_reg[3]
    SLICE_X112Y104       LUT3 (Prop_lut3_I2_O)        0.296     7.740 r  index[3]_i_1/O
                         net (fo=4, routed)           0.472     8.212    index[3]_i_1_n_0
    SLICE_X113Y105       FDCE                                         r  index_reg[2]/CE
  -------------------------------------------------------------------    -------------------

                         (clock System_clock rise edge)
                                                      8.334     8.334 r  
    K17                                               0.000     8.334 r  System_clock (IN)
                         net (fo=0)                   0.000     8.334    System_clock
    K17                  IBUF (Prop_ibuf_I_O)         1.404     9.738 r  System_clock_IBUF_inst/O
                         net (fo=1, routed)           2.293    12.031    System_clock_IBUF
    BUFGCTRL_X0Y16       BUFG (Prop_bufg_I_O)         0.091    12.122 r  System_clock_IBUF_BUFG_inst/O
                         net (fo=9, routed)           1.860    13.982    System_clock_IBUF_BUFG
    SLICE_X113Y105       FDCE                                         r  index_reg[2]/C
                         clock pessimism              0.506    14.489    
                         clock uncertainty           -0.035    14.453    
    SLICE_X113Y105       FDCE (Setup_fdce_C_CE)      -0.205    14.248    index_reg[2]
  -------------------------------------------------------------------
                         required time                         14.248    
                         arrival time                          -8.212    
  -------------------------------------------------------------------
                         slack                                  6.037    

Slack (MET) :             6.037ns  (required time - arrival time)
  Source:                 index_reg[3]/C
                            (rising edge-triggered cell FDCE clocked by System_clock  {rise@0.000ns fall@4.167ns period=8.334ns})
  Destination:            index_reg[3]/CE
                            (rising edge-triggered cell FDCE clocked by System_clock  {rise@0.000ns fall@4.167ns period=8.334ns})
  Path Group:             System_clock
  Path Type:              Setup (Max at Slow Process Corner)
  Requirement:            8.334ns  (System_clock rise@8.334ns - System_clock rise@0.000ns)
  Data Path Delay:        2.057ns  (logic 0.715ns (34.758%)  route 1.342ns (65.242%))
  Logic Levels:           1  (LUT3=1)
  Clock Path Skew:        0.000ns (DCD - SCD + CPR)
    Destination Clock Delay (DCD):    5.648ns = ( 13.982 - 8.334 ) 
    Source Clock Delay      (SCD):    6.155ns
    Clock Pessimism Removal (CPR):    0.506ns
  Clock Uncertainty:      0.035ns  ((TSJ^2 + TIJ^2)^1/2 + DJ) / 2 + PE
    Total System Jitter     (TSJ):    0.071ns
    Total Input Jitter      (TIJ):    0.000ns
    Discrete Jitter          (DJ):    0.000ns
    Phase Error              (PE):    0.000ns

    Location             Delay type                Incr(ns)  Path(ns)    Netlist Resource(s)
  -------------------------------------------------------------------    -------------------
                         (clock System_clock rise edge)
                                                      0.000     0.000 r  
    K17                                               0.000     0.000 r  System_clock (IN)
                         net (fo=0)                   0.000     0.000    System_clock
    K17                  IBUF (Prop_ibuf_I_O)         1.475     1.475 r  System_clock_IBUF_inst/O
                         net (fo=1, routed)           2.522     3.997    System_clock_IBUF
    BUFGCTRL_X0Y16       BUFG (Prop_bufg_I_O)         0.101     4.098 r  System_clock_IBUF_BUFG_inst/O
                         net (fo=9, routed)           2.057     6.155    System_clock_IBUF_BUFG
    SLICE_X113Y105       FDCE                                         r  index_reg[3]/C
  -------------------------------------------------------------------    -------------------
    SLICE_X113Y105       FDCE (Prop_fdce_C_Q)         0.419     6.574 f  index_reg[3]/Q
                         net (fo=5, routed)           0.870     7.444    index_reg[3]
    SLICE_X112Y104       LUT3 (Prop_lut3_I2_O)        0.296     7.740 r  index[3]_i_1/O
                         net (fo=4, routed)           0.472     8.212    index[3]_i_1_n_0
    SLICE_X113Y105       FDCE                                         r  index_reg[3]/CE
  -------------------------------------------------------------------    -------------------

                         (clock System_clock rise edge)
                                                      8.334     8.334 r  
    K17                                               0.000     8.334 r  System_clock (IN)
                         net (fo=0)                   0.000     8.334    System_clock
    K17                  IBUF (Prop_ibuf_I_O)         1.404     9.738 r  System_clock_IBUF_inst/O
                         net (fo=1, routed)           2.293    12.031    System_clock_IBUF
    BUFGCTRL_X0Y16       BUFG (Prop_bufg_I_O)         0.091    12.122 r  System_clock_IBUF_BUFG_inst/O
                         net (fo=9, routed)           1.860    13.982    System_clock_IBUF_BUFG
    SLICE_X113Y105       FDCE                                         r  index_reg[3]/C
                         clock pessimism              0.506    14.489    
                         clock uncertainty           -0.035    14.453    
    SLICE_X113Y105       FDCE (Setup_fdce_C_CE)      -0.205    14.248    index_reg[3]
  -------------------------------------------------------------------
                         required time                         14.248    
                         arrival time                          -8.212    
  -------------------------------------------------------------------
                         slack                                  6.037    

Slack (MET) :             6.136ns  (required time - arrival time)
  Source:                 enter_d_reg/C
                            (rising edge-triggered cell FDCE clocked by System_clock  {rise@0.000ns fall@4.167ns period=8.334ns})
  Destination:            led_reg[3]/CE
                            (rising edge-triggered cell FDCE clocked by System_clock  {rise@0.000ns fall@4.167ns period=8.334ns})
  Path Group:             System_clock
  Path Type:              Setup (Max at Slow Process Corner)
  Requirement:            8.334ns  (System_clock rise@8.334ns - System_clock rise@0.000ns)
  Data Path Delay:        1.967ns  (logic 0.642ns (32.633%)  route 1.325ns (67.367%))
  Logic Levels:           1  (LUT6=1)
  Clock Path Skew:        -0.026ns (DCD - SCD + CPR)
    Destination Clock Delay (DCD):    5.647ns = ( 13.981 - 8.334 ) 
    Source Clock Delay      (SCD):    6.155ns
    Clock Pessimism Removal (CPR):    0.481ns
  Clock Uncertainty:      0.035ns  ((TSJ^2 + TIJ^2)^1/2 + DJ) / 2 + PE
    Total System Jitter     (TSJ):    0.071ns
    Total Input Jitter      (TIJ):    0.000ns
    Discrete Jitter          (DJ):    0.000ns
    Phase Error              (PE):    0.000ns

    Location             Delay type                Incr(ns)  Path(ns)    Netlist Resource(s)
  -------------------------------------------------------------------    -------------------
                         (clock System_clock rise edge)
                                                      0.000     0.000 r  
    K17                                               0.000     0.000 r  System_clock (IN)
                         net (fo=0)                   0.000     0.000    System_clock
    K17                  IBUF (Prop_ibuf_I_O)         1.475     1.475 r  System_clock_IBUF_inst/O
                         net (fo=1, routed)           2.522     3.997    System_clock_IBUF
    BUFGCTRL_X0Y16       BUFG (Prop_bufg_I_O)         0.101     4.098 r  System_clock_IBUF_BUFG_inst/O
                         net (fo=9, routed)           2.057     6.155    System_clock_IBUF_BUFG
    SLICE_X112Y105       FDCE                                         r  enter_d_reg/C
  -------------------------------------------------------------------    -------------------
    SLICE_X112Y105       FDCE (Prop_fdce_C_Q)         0.518     6.673 f  enter_d_reg/Q
                         net (fo=5, routed)           0.854     7.526    enter_d
    SLICE_X112Y105       LUT6 (Prop_lut6_I4_O)        0.124     7.650 r  led[3]_i_1/O
                         net (fo=1, routed)           0.472     8.122    led[3]_i_1_n_0
    SLICE_X112Y107       FDCE                                         r  led_reg[3]/CE
  -------------------------------------------------------------------    -------------------

                         (clock System_clock rise edge)
                                                      8.334     8.334 r  
    K17                                               0.000     8.334 r  System_clock (IN)
                         net (fo=0)                   0.000     8.334    System_clock
    K17                  IBUF (Prop_ibuf_I_O)         1.404     9.738 r  System_clock_IBUF_inst/O
                         net (fo=1, routed)           2.293    12.031    System_clock_IBUF
    BUFGCTRL_X0Y16       BUFG (Prop_bufg_I_O)         0.091    12.122 r  System_clock_IBUF_BUFG_inst/O
                         net (fo=9, routed)           1.859    13.981    System_clock_IBUF_BUFG
    SLICE_X112Y107       FDCE                                         r  led_reg[3]/C
                         clock pessimism              0.481    14.463    
                         clock uncertainty           -0.035    14.427    
    SLICE_X112Y107       FDCE (Setup_fdce_C_CE)      -0.169    14.258    led_reg[3]
  -------------------------------------------------------------------
                         required time                         14.258    
                         arrival time                          -8.122    
  -------------------------------------------------------------------
                         slack                                  6.136    

Slack (MET) :             6.170ns  (required time - arrival time)
  Source:                 index_reg[3]/C
                            (rising edge-triggered cell FDCE clocked by System_clock  {rise@0.000ns fall@4.167ns period=8.334ns})
  Destination:            led_reg[1]/CE
                            (rising edge-triggered cell FDCE clocked by System_clock  {rise@0.000ns fall@4.167ns period=8.334ns})
  Path Group:             System_clock
  Path Type:              Setup (Max at Slow Process Corner)
  Requirement:            8.334ns  (System_clock rise@8.334ns - System_clock rise@0.000ns)
  Data Path Delay:        1.899ns  (logic 0.715ns (37.656%)  route 1.184ns (62.344%))
  Logic Levels:           1  (LUT6=1)
  Clock Path Skew:        -0.025ns (DCD - SCD + CPR)
    Destination Clock Delay (DCD):    5.648ns = ( 13.982 - 8.334 ) 
    Source Clock Delay      (SCD):    6.155ns
    Clock Pessimism Removal (CPR):    0.481ns
  Clock Uncertainty:      0.035ns  ((TSJ^2 + TIJ^2)^1/2 + DJ) / 2 + PE
    Total System Jitter     (TSJ):    0.071ns
    Total Input Jitter      (TIJ):    0.000ns
    Discrete Jitter          (DJ):    0.000ns
    Phase Error              (PE):    0.000ns

    Location             Delay type                Incr(ns)  Path(ns)    Netlist Resource(s)
  -------------------------------------------------------------------    -------------------
                         (clock System_clock rise edge)
                                                      0.000     0.000 r  
    K17                                               0.000     0.000 r  System_clock (IN)
                         net (fo=0)                   0.000     0.000    System_clock
    K17                  IBUF (Prop_ibuf_I_O)         1.475     1.475 r  System_clock_IBUF_inst/O
                         net (fo=1, routed)           2.522     3.997    System_clock_IBUF
    BUFGCTRL_X0Y16       BUFG (Prop_bufg_I_O)         0.101     4.098 r  System_clock_IBUF_BUFG_inst/O
                         net (fo=9, routed)           2.057     6.155    System_clock_IBUF_BUFG
    SLICE_X113Y105       FDCE                                         r  index_reg[3]/C
  -------------------------------------------------------------------    -------------------
    SLICE_X113Y105       FDCE (Prop_fdce_C_Q)         0.419     6.574 f  index_reg[3]/Q
                         net (fo=5, routed)           0.853     7.427    index_reg[3]
    SLICE_X112Y105       LUT6 (Prop_lut6_I5_O)        0.296     7.723 r  led[1]_i_1/O
                         net (fo=1, routed)           0.331     8.054    led[1]_i_1_n_0
    SLICE_X113Y104       FDCE                                         r  led_reg[1]/CE
  -------------------------------------------------------------------    -------------------

                         (clock System_clock rise edge)
                                                      8.334     8.334 r  
    K17                                               0.000     8.334 r  System_clock (IN)
                         net (fo=0)                   0.000     8.334    System_clock
    K17                  IBUF (Prop_ibuf_I_O)         1.404     9.738 r  System_clock_IBUF_inst/O
                         net (fo=1, routed)           2.293    12.031    System_clock_IBUF
    BUFGCTRL_X0Y16       BUFG (Prop_bufg_I_O)         0.091    12.122 r  System_clock_IBUF_BUFG_inst/O
                         net (fo=9, routed)           1.860    13.982    System_clock_IBUF_BUFG
    SLICE_X113Y104       FDCE                                         r  led_reg[1]/C
                         clock pessimism              0.481    14.464    
                         clock uncertainty           -0.035    14.428    
    SLICE_X113Y104       FDCE (Setup_fdce_C_CE)      -0.205    14.223    led_reg[1]
  -------------------------------------------------------------------
                         required time                         14.223    
                         arrival time                          -8.054    
  -------------------------------------------------------------------
                         slack                                  6.170    

Slack (MET) :             6.196ns  (required time - arrival time)
  Source:                 index_reg[3]/C
                            (rising edge-triggered cell FDCE clocked by System_clock  {rise@0.000ns fall@4.167ns period=8.334ns})
  Destination:            led_reg[0]/CE
                            (rising edge-triggered cell FDCE clocked by System_clock  {rise@0.000ns fall@4.167ns period=8.334ns})
  Path Group:             System_clock
  Path Type:              Setup (Max at Slow Process Corner)
  Requirement:            8.334ns  (System_clock rise@8.334ns - System_clock rise@0.000ns)
  Data Path Delay:        1.908ns  (logic 0.715ns (37.469%)  route 1.193ns (62.531%))
  Logic Levels:           1  (LUT6=1)
  Clock Path Skew:        -0.025ns (DCD - SCD + CPR)
    Destination Clock Delay (DCD):    5.648ns = ( 13.982 - 8.334 ) 
    Source Clock Delay      (SCD):    6.155ns
    Clock Pessimism Removal (CPR):    0.481ns
  Clock Uncertainty:      0.035ns  ((TSJ^2 + TIJ^2)^1/2 + DJ) / 2 + PE
    Total System Jitter     (TSJ):    0.071ns
    Total Input Jitter      (TIJ):    0.000ns
    Discrete Jitter          (DJ):    0.000ns
    Phase Error              (PE):    0.000ns

    Location             Delay type                Incr(ns)  Path(ns)    Netlist Resource(s)
  -------------------------------------------------------------------    -------------------
                         (clock System_clock rise edge)
                                                      0.000     0.000 r  
    K17                                               0.000     0.000 r  System_clock (IN)
                         net (fo=0)                   0.000     0.000    System_clock
    K17                  IBUF (Prop_ibuf_I_O)         1.475     1.475 r  System_clock_IBUF_inst/O
                         net (fo=1, routed)           2.522     3.997    System_clock_IBUF
    BUFGCTRL_X0Y16       BUFG (Prop_bufg_I_O)         0.101     4.098 r  System_clock_IBUF_BUFG_inst/O
                         net (fo=9, routed)           2.057     6.155    System_clock_IBUF_BUFG
    SLICE_X113Y105       FDCE                                         r  index_reg[3]/C
  -------------------------------------------------------------------    -------------------
    SLICE_X113Y105       FDCE (Prop_fdce_C_Q)         0.419     6.574 f  index_reg[3]/Q
                         net (fo=5, routed)           0.861     7.435    index_reg[3]
    SLICE_X112Y105       LUT6 (Prop_lut6_I5_O)        0.296     7.731 r  led[0]_i_1/O
                         net (fo=1, routed)           0.332     8.063    led[0]_i_1_n_0
    SLICE_X112Y104       FDCE                                         r  led_reg[0]/CE
  -------------------------------------------------------------------    -------------------

                         (clock System_clock rise edge)
                                                      8.334     8.334 r  
    K17                                               0.000     8.334 r  System_clock (IN)
                         net (fo=0)                   0.000     8.334    System_clock
    K17                  IBUF (Prop_ibuf_I_O)         1.404     9.738 r  System_clock_IBUF_inst/O
                         net (fo=1, routed)           2.293    12.031    System_clock_IBUF
    BUFGCTRL_X0Y16       BUFG (Prop_bufg_I_O)         0.091    12.122 r  System_clock_IBUF_BUFG_inst/O
                         net (fo=9, routed)           1.860    13.982    System_clock_IBUF_BUFG
    SLICE_X112Y104       FDCE                                         r  led_reg[0]/C
                         clock pessimism              0.481    14.464    
                         clock uncertainty           -0.035    14.428    
    SLICE_X112Y104       FDCE (Setup_fdce_C_CE)      -0.169    14.259    led_reg[0]
  -------------------------------------------------------------------
                         required time                         14.259    
                         arrival time                          -8.063    
  -------------------------------------------------------------------
                         slack                                  6.196    

Slack (MET) :             6.292ns  (required time - arrival time)
  Source:                 enter_d_reg/C
                            (rising edge-triggered cell FDCE clocked by System_clock  {rise@0.000ns fall@4.167ns period=8.334ns})
  Destination:            led_reg[2]/CE
                            (rising edge-triggered cell FDCE clocked by System_clock  {rise@0.000ns fall@4.167ns period=8.334ns})
  Path Group:             System_clock
  Path Type:              Setup (Max at Slow Process Corner)
  Requirement:            8.334ns  (System_clock rise@8.334ns - System_clock rise@0.000ns)
  Data Path Delay:        1.812ns  (logic 0.642ns (35.424%)  route 1.170ns (64.576%))
  Logic Levels:           1  (LUT6=1)
  Clock Path Skew:        -0.025ns (DCD - SCD + CPR)
    Destination Clock Delay (DCD):    5.648ns = ( 13.982 - 8.334 ) 
    Source Clock Delay      (SCD):    6.155ns
    Clock Pessimism Removal (CPR):    0.481ns
  Clock Uncertainty:      0.035ns  ((TSJ^2 + TIJ^2)^1/2 + DJ) / 2 + PE
    Total System Jitter     (TSJ):    0.071ns
    Total Input Jitter      (TIJ):    0.000ns
    Discrete Jitter          (DJ):    0.000ns
    Phase Error              (PE):    0.000ns

    Location             Delay type                Incr(ns)  Path(ns)    Netlist Resource(s)
  -------------------------------------------------------------------    -------------------
                         (clock System_clock rise edge)
                                                      0.000     0.000 r  
    K17                                               0.000     0.000 r  System_clock (IN)
                         net (fo=0)                   0.000     0.000    System_clock
    K17                  IBUF (Prop_ibuf_I_O)         1.475     1.475 r  System_clock_IBUF_inst/O
                         net (fo=1, routed)           2.522     3.997    System_clock_IBUF
    BUFGCTRL_X0Y16       BUFG (Prop_bufg_I_O)         0.101     4.098 r  System_clock_IBUF_BUFG_inst/O
                         net (fo=9, routed)           2.057     6.155    System_clock_IBUF_BUFG
    SLICE_X112Y105       FDCE                                         r  enter_d_reg/C
  -------------------------------------------------------------------    -------------------
    SLICE_X112Y105       FDCE (Prop_fdce_C_Q)         0.518     6.673 f  enter_d_reg/Q
                         net (fo=5, routed)           0.840     7.512    enter_d
    SLICE_X112Y105       LUT6 (Prop_lut6_I4_O)        0.124     7.636 r  led[2]_i_1/O
                         net (fo=1, routed)           0.331     7.967    led[2]_i_1_n_0
    SLICE_X112Y106       FDCE                                         r  led_reg[2]/CE
  -------------------------------------------------------------------    -------------------

                         (clock System_clock rise edge)
                                                      8.334     8.334 r  
    K17                                               0.000     8.334 r  System_clock (IN)
                         net (fo=0)                   0.000     8.334    System_clock
    K17                  IBUF (Prop_ibuf_I_O)         1.404     9.738 r  System_clock_IBUF_inst/O
                         net (fo=1, routed)           2.293    12.031    System_clock_IBUF
    BUFGCTRL_X0Y16       BUFG (Prop_bufg_I_O)         0.091    12.122 r  System_clock_IBUF_BUFG_inst/O
                         net (fo=9, routed)           1.860    13.982    System_clock_IBUF_BUFG
    SLICE_X112Y106       FDCE                                         r  led_reg[2]/C
                         clock pessimism              0.481    14.464    
                         clock uncertainty           -0.035    14.428    
    SLICE_X112Y106       FDCE (Setup_fdce_C_CE)      -0.169    14.259    led_reg[2]
  -------------------------------------------------------------------
                         required time                         14.259    
                         arrival time                          -7.967    
  -------------------------------------------------------------------
                         slack                                  6.292    

Slack (MET) :             6.722ns  (required time - arrival time)
  Source:                 index_reg[1]/C
                            (rising edge-triggered cell FDCE clocked by System_clock  {rise@0.000ns fall@4.167ns period=8.334ns})
  Destination:            index_reg[1]/D
                            (rising edge-triggered cell FDCE clocked by System_clock  {rise@0.000ns fall@4.167ns period=8.334ns})
  Path Group:             System_clock
  Path Type:              Setup (Max at Slow Process Corner)
  Requirement:            8.334ns  (System_clock rise@8.334ns - System_clock rise@0.000ns)
  Data Path Delay:        1.652ns  (logic 0.746ns (45.157%)  route 0.906ns (54.843%))
  Logic Levels:           1  (LUT2=1)
  Clock Path Skew:        0.000ns (DCD - SCD + CPR)
    Destination Clock Delay (DCD):    5.648ns = ( 13.982 - 8.334 ) 
    Source Clock Delay      (SCD):    6.155ns
    Clock Pessimism Removal (CPR):    0.506ns
  Clock Uncertainty:      0.035ns  ((TSJ^2 + TIJ^2)^1/2 + DJ) / 2 + PE
    Total System Jitter     (TSJ):    0.071ns
    Total Input Jitter      (TIJ):    0.000ns
    Discrete Jitter          (DJ):    0.000ns
    Phase Error              (PE):    0.000ns

    Location             Delay type                Incr(ns)  Path(ns)    Netlist Resource(s)
  -------------------------------------------------------------------    -------------------
                         (clock System_clock rise edge)
                                                      0.000     0.000 r  
    K17                                               0.000     0.000 r  System_clock (IN)
                         net (fo=0)                   0.000     0.000    System_clock
    K17                  IBUF (Prop_ibuf_I_O)         1.475     1.475 r  System_clock_IBUF_inst/O
                         net (fo=1, routed)           2.522     3.997    System_clock_IBUF
    BUFGCTRL_X0Y16       BUFG (Prop_bufg_I_O)         0.101     4.098 r  System_clock_IBUF_BUFG_inst/O
                         net (fo=9, routed)           2.057     6.155    System_clock_IBUF_BUFG
    SLICE_X113Y105       FDCE                                         r  index_reg[1]/C
  -------------------------------------------------------------------    -------------------
    SLICE_X113Y105       FDCE (Prop_fdce_C_Q)         0.419     6.574 r  index_reg[1]/Q
                         net (fo=7, routed)           0.906     7.480    index_reg[1]
    SLICE_X113Y105       LUT2 (Prop_lut2_I1_O)        0.327     7.807 r  index[1]_i_1/O
                         net (fo=1, routed)           0.000     7.807    p_0_in[1]
    SLICE_X113Y105       FDCE                                         r  index_reg[1]/D
  -------------------------------------------------------------------    -------------------

                         (clock System_clock rise edge)
                                                      8.334     8.334 r  
    K17                                               0.000     8.334 r  System_clock (IN)
                         net (fo=0)                   0.000     8.334    System_clock
    K17                  IBUF (Prop_ibuf_I_O)         1.404     9.738 r  System_clock_IBUF_inst/O
                         net (fo=1, routed)           2.293    12.031    System_clock_IBUF
    BUFGCTRL_X0Y16       BUFG (Prop_bufg_I_O)         0.091    12.122 r  System_clock_IBUF_BUFG_inst/O
                         net (fo=9, routed)           1.860    13.982    System_clock_IBUF_BUFG
    SLICE_X113Y105       FDCE                                         r  index_reg[1]/C
                         clock pessimism              0.506    14.489    
                         clock uncertainty           -0.035    14.453    
    SLICE_X113Y105       FDCE (Setup_fdce_C_D)        0.075    14.528    index_reg[1]
  -------------------------------------------------------------------
                         required time                         14.528    
                         arrival time                          -7.807    
  -------------------------------------------------------------------
                         slack                                  6.722    

Slack (MET) :             6.808ns  (required time - arrival time)
  Source:                 index_reg[2]/C
                            (rising edge-triggered cell FDCE clocked by System_clock  {rise@0.000ns fall@4.167ns period=8.334ns})
  Destination:            led_reg[1]/D
                            (rising edge-triggered cell FDCE clocked by System_clock  {rise@0.000ns fall@4.167ns period=8.334ns})
  Path Group:             System_clock
  Path Type:              Setup (Max at Slow Process Corner)
  Requirement:            8.334ns  (System_clock rise@8.334ns - System_clock rise@0.000ns)
  Data Path Delay:        1.398ns  (logic 0.580ns (41.474%)  route 0.818ns (58.526%))
  Logic Levels:           1  (LUT1=1)
  Clock Path Skew:        -0.025ns (DCD - SCD + CPR)
    Destination Clock Delay (DCD):    5.648ns = ( 13.982 - 8.334 ) 
    Source Clock Delay      (SCD):    6.155ns
    Clock Pessimism Removal (CPR):    0.481ns
  Clock Uncertainty:      0.035ns  ((TSJ^2 + TIJ^2)^1/2 + DJ) / 2 + PE
    Total System Jitter     (TSJ):    0.071ns
    Total Input Jitter      (TIJ):    0.000ns
    Discrete Jitter          (DJ):    0.000ns
    Phase Error              (PE):    0.000ns

    Location             Delay type                Incr(ns)  Path(ns)    Netlist Resource(s)
  -------------------------------------------------------------------    -------------------
                         (clock System_clock rise edge)
                                                      0.000     0.000 r  
    K17                                               0.000     0.000 r  System_clock (IN)
                         net (fo=0)                   0.000     0.000    System_clock
    K17                  IBUF (Prop_ibuf_I_O)         1.475     1.475 r  System_clock_IBUF_inst/O
                         net (fo=1, routed)           2.522     3.997    System_clock_IBUF
    BUFGCTRL_X0Y16       BUFG (Prop_bufg_I_O)         0.101     4.098 r  System_clock_IBUF_BUFG_inst/O
                         net (fo=9, routed)           2.057     6.155    System_clock_IBUF_BUFG
    SLICE_X113Y105       FDCE                                         r  index_reg[2]/C
  -------------------------------------------------------------------    -------------------
    SLICE_X113Y105       FDCE (Prop_fdce_C_Q)         0.456     6.611 f  index_reg[2]/Q
                         net (fo=7, routed)           0.462     7.073    index_reg[2]
    SLICE_X112Y106       LUT1 (Prop_lut1_I0_O)        0.124     7.197 r  led[3]_i_2/O
                         net (fo=4, routed)           0.356     7.553    led[3]_i_2_n_0
    SLICE_X113Y104       FDCE                                         r  led_reg[1]/D
  -------------------------------------------------------------------    -------------------

                         (clock System_clock rise edge)
                                                      8.334     8.334 r  
    K17                                               0.000     8.334 r  System_clock (IN)
                         net (fo=0)                   0.000     8.334    System_clock
    K17                  IBUF (Prop_ibuf_I_O)         1.404     9.738 r  System_clock_IBUF_inst/O
                         net (fo=1, routed)           2.293    12.031    System_clock_IBUF
    BUFGCTRL_X0Y16       BUFG (Prop_bufg_I_O)         0.091    12.122 r  System_clock_IBUF_BUFG_inst/O
                         net (fo=9, routed)           1.860    13.982    System_clock_IBUF_BUFG
    SLICE_X113Y104       FDCE                                         r  led_reg[1]/C
                         clock pessimism              0.481    14.464    
                         clock uncertainty           -0.035    14.428    
    SLICE_X113Y104       FDCE (Setup_fdce_C_D)       -0.067    14.361    led_reg[1]
  -------------------------------------------------------------------
                         required time                         14.361    
                         arrival time                          -7.553    
  -------------------------------------------------------------------
                         slack                                  6.808    





Min Delay Paths
--------------------------------------------------------------------------------------
Slack (MET) :             0.238ns  (arrival time - required time)
  Source:                 index_reg[2]/C
                            (rising edge-triggered cell FDCE clocked by System_clock  {rise@0.000ns fall@4.167ns period=8.334ns})
  Destination:            led_reg[2]/D
                            (rising edge-triggered cell FDCE clocked by System_clock  {rise@0.000ns fall@4.167ns period=8.334ns})
  Path Group:             System_clock
  Path Type:              Hold (Min at Fast Process Corner)
  Requirement:            0.000ns  (System_clock rise@0.000ns - System_clock rise@0.000ns)
  Data Path Delay:        0.374ns  (logic 0.186ns (49.676%)  route 0.188ns (50.324%))
  Logic Levels:           1  (LUT1=1)
  Clock Path Skew:        0.016ns (DCD - SCD - CPR)
    Destination Clock Delay (DCD):    2.361ns
    Source Clock Delay      (SCD):    1.828ns
    Clock Pessimism Removal (CPR):    0.516ns

    Location             Delay type                Incr(ns)  Path(ns)    Netlist Resource(s)
  -------------------------------------------------------------------    -------------------
                         (clock System_clock rise edge)
                                                      0.000     0.000 r  
    K17                                               0.000     0.000 r  System_clock (IN)
                         net (fo=0)                   0.000     0.000    System_clock
    K17                  IBUF (Prop_ibuf_I_O)         0.243     0.243 r  System_clock_IBUF_inst/O
                         net (fo=1, routed)           0.842     1.084    System_clock_IBUF
    BUFGCTRL_X0Y16       BUFG (Prop_bufg_I_O)         0.026     1.110 r  System_clock_IBUF_BUFG_inst/O
                         net (fo=9, routed)           0.718     1.828    System_clock_IBUF_BUFG
    SLICE_X113Y105       FDCE                                         r  index_reg[2]/C
  -------------------------------------------------------------------    -------------------
    SLICE_X113Y105       FDCE (Prop_fdce_C_Q)         0.141     1.969 f  index_reg[2]/Q
                         net (fo=7, routed)           0.188     2.158    index_reg[2]
    SLICE_X112Y106       LUT1 (Prop_lut1_I0_O)        0.045     2.203 r  led[3]_i_2/O
                         net (fo=4, routed)           0.000     2.203    led[3]_i_2_n_0
    SLICE_X112Y106       FDCE                                         r  led_reg[2]/D
  -------------------------------------------------------------------    -------------------

                         (clock System_clock rise edge)
                                                      0.000     0.000 r  
    K17                                               0.000     0.000 r  System_clock (IN)
                         net (fo=0)                   0.000     0.000    System_clock
    K17                  IBUF (Prop_ibuf_I_O)         0.431     0.431 r  System_clock_IBUF_inst/O
                         net (fo=1, routed)           0.907     1.338    System_clock_IBUF
    BUFGCTRL_X0Y16       BUFG (Prop_bufg_I_O)         0.029     1.367 r  System_clock_IBUF_BUFG_inst/O
                         net (fo=9, routed)           0.994     2.361    System_clock_IBUF_BUFG
    SLICE_X112Y106       FDCE                                         r  led_reg[2]/C
                         clock pessimism             -0.516     1.844    
    SLICE_X112Y106       FDCE (Hold_fdce_C_D)         0.120     1.964    led_reg[2]
  -------------------------------------------------------------------
                         required time                         -1.964    
                         arrival time                           2.203    
  -------------------------------------------------------------------
                         slack                                  0.238    

Slack (MET) :             0.288ns  (arrival time - required time)
  Source:                 index_reg[0]/C
                            (rising edge-triggered cell FDCE clocked by System_clock  {rise@0.000ns fall@4.167ns period=8.334ns})
  Destination:            index_reg[1]/D
                            (rising edge-triggered cell FDCE clocked by System_clock  {rise@0.000ns fall@4.167ns period=8.334ns})
  Path Group:             System_clock
  Path Type:              Hold (Min at Fast Process Corner)
  Requirement:            0.000ns  (System_clock rise@0.000ns - System_clock rise@0.000ns)
  Data Path Delay:        0.395ns  (logic 0.183ns (46.373%)  route 0.212ns (53.627%))
  Logic Levels:           1  (LUT2=1)
  Clock Path Skew:        0.000ns (DCD - SCD - CPR)
    Destination Clock Delay (DCD):    2.361ns
    Source Clock Delay      (SCD):    1.828ns
    Clock Pessimism Removal (CPR):    0.532ns

    Location             Delay type                Incr(ns)  Path(ns)    Netlist Resource(s)
  -------------------------------------------------------------------    -------------------
                         (clock System_clock rise edge)
                                                      0.000     0.000 r  
    K17                                               0.000     0.000 r  System_clock (IN)
                         net (fo=0)                   0.000     0.000    System_clock
    K17                  IBUF (Prop_ibuf_I_O)         0.243     0.243 r  System_clock_IBUF_inst/O
                         net (fo=1, routed)           0.842     1.084    System_clock_IBUF
    BUFGCTRL_X0Y16       BUFG (Prop_bufg_I_O)         0.026     1.110 r  System_clock_IBUF_BUFG_inst/O
                         net (fo=9, routed)           0.718     1.828    System_clock_IBUF_BUFG
    SLICE_X113Y105       FDCE                                         r  index_reg[0]/C
  -------------------------------------------------------------------    -------------------
    SLICE_X113Y105       FDCE (Prop_fdce_C_Q)         0.141     1.969 r  index_reg[0]/Q
                         net (fo=8, routed)           0.212     2.181    index_reg[0]
    SLICE_X113Y105       LUT2 (Prop_lut2_I0_O)        0.042     2.223 r  index[1]_i_1/O
                         net (fo=1, routed)           0.000     2.223    p_0_in[1]
    SLICE_X113Y105       FDCE                                         r  index_reg[1]/D
  -------------------------------------------------------------------    -------------------

                         (clock System_clock rise edge)
                                                      0.000     0.000 r  
    K17                                               0.000     0.000 r  System_clock (IN)
                         net (fo=0)                   0.000     0.000    System_clock
    K17                  IBUF (Prop_ibuf_I_O)         0.431     0.431 r  System_clock_IBUF_inst/O
                         net (fo=1, routed)           0.907     1.338    System_clock_IBUF
    BUFGCTRL_X0Y16       BUFG (Prop_bufg_I_O)         0.029     1.367 r  System_clock_IBUF_BUFG_inst/O
                         net (fo=9, routed)           0.994     2.361    System_clock_IBUF_BUFG
    SLICE_X113Y105       FDCE                                         r  index_reg[1]/C
                         clock pessimism             -0.532     1.828    
    SLICE_X113Y105       FDCE (Hold_fdce_C_D)         0.107     1.935    index_reg[1]
  -------------------------------------------------------------------
                         required time                         -1.935    
                         arrival time                           2.223    
  -------------------------------------------------------------------
                         slack                                  0.288    

Slack (MET) :             0.291ns  (arrival time - required time)
  Source:                 index_reg[0]/C
                            (rising edge-triggered cell FDCE clocked by System_clock  {rise@0.000ns fall@4.167ns period=8.334ns})
  Destination:            index_reg[3]/D
                            (rising edge-triggered cell FDCE clocked by System_clock  {rise@0.000ns fall@4.167ns period=8.334ns})
  Path Group:             System_clock
  Path Type:              Hold (Min at Fast Process Corner)
  Requirement:            0.000ns  (System_clock rise@0.000ns - System_clock rise@0.000ns)
  Data Path Delay:        0.398ns  (logic 0.184ns (46.275%)  route 0.214ns (53.725%))
  Logic Levels:           1  (LUT3=1)
  Clock Path Skew:        0.000ns (DCD - SCD - CPR)
    Destination Clock Delay (DCD):    2.361ns
    Source Clock Delay      (SCD):    1.828ns
    Clock Pessimism Removal (CPR):    0.532ns

    Location             Delay type                Incr(ns)  Path(ns)    Netlist Resource(s)
  -------------------------------------------------------------------    -------------------
                         (clock System_clock rise edge)
                                                      0.000     0.000 r  
    K17                                               0.000     0.000 r  System_clock (IN)
                         net (fo=0)                   0.000     0.000    System_clock
    K17                  IBUF (Prop_ibuf_I_O)         0.243     0.243 r  System_clock_IBUF_inst/O
                         net (fo=1, routed)           0.842     1.084    System_clock_IBUF
    BUFGCTRL_X0Y16       BUFG (Prop_bufg_I_O)         0.026     1.110 r  System_clock_IBUF_BUFG_inst/O
                         net (fo=9, routed)           0.718     1.828    System_clock_IBUF_BUFG
    SLICE_X113Y105       FDCE                                         r  index_reg[0]/C
  -------------------------------------------------------------------    -------------------
    SLICE_X113Y105       FDCE (Prop_fdce_C_Q)         0.141     1.969 r  index_reg[0]/Q
                         net (fo=8, routed)           0.214     2.183    index_reg[0]
    SLICE_X113Y105       LUT3 (Prop_lut3_I1_O)        0.043     2.226 r  index[3]_i_2/O
                         net (fo=1, routed)           0.000     2.226    p_0_in[3]
    SLICE_X113Y105       FDCE                                         r  index_reg[3]/D
  -------------------------------------------------------------------    -------------------

                         (clock System_clock rise edge)
                                                      0.000     0.000 r  
    K17                                               0.000     0.000 r  System_clock (IN)
                         net (fo=0)                   0.000     0.000    System_clock
    K17                  IBUF (Prop_ibuf_I_O)         0.431     0.431 r  System_clock_IBUF_inst/O
                         net (fo=1, routed)           0.907     1.338    System_clock_IBUF
    BUFGCTRL_X0Y16       BUFG (Prop_bufg_I_O)         0.029     1.367 r  System_clock_IBUF_BUFG_inst/O
                         net (fo=9, routed)           0.994     2.361    System_clock_IBUF_BUFG
    SLICE_X113Y105       FDCE                                         r  index_reg[3]/C
                         clock pessimism             -0.532     1.828    
    SLICE_X113Y105       FDCE (Hold_fdce_C_D)         0.107     1.935    index_reg[3]
  -------------------------------------------------------------------
                         required time                         -1.935    
                         arrival time                           2.226    
  -------------------------------------------------------------------
                         slack                                  0.291    

Slack (MET) :             0.307ns  (arrival time - required time)
  Source:                 index_reg[0]/C
                            (rising edge-triggered cell FDCE clocked by System_clock  {rise@0.000ns fall@4.167ns period=8.334ns})
  Destination:            index_reg[0]/D
                            (rising edge-triggered cell FDCE clocked by System_clock  {rise@0.000ns fall@4.167ns period=8.334ns})
  Path Group:             System_clock
  Path Type:              Hold (Min at Fast Process Corner)
  Requirement:            0.000ns  (System_clock rise@0.000ns - System_clock rise@0.000ns)
  Data Path Delay:        0.398ns  (logic 0.186ns (46.778%)  route 0.212ns (53.222%))
  Logic Levels:           1  (LUT1=1)
  Clock Path Skew:        0.000ns (DCD - SCD - CPR)
    Destination Clock Delay (DCD):    2.361ns
    Source Clock Delay      (SCD):    1.828ns
    Clock Pessimism Removal (CPR):    0.532ns

    Location             Delay type                Incr(ns)  Path(ns)    Netlist Resource(s)
  -------------------------------------------------------------------    -------------------
                         (clock System_clock rise edge)
                                                      0.000     0.000 r  
    K17                                               0.000     0.000 r  System_clock (IN)
                         net (fo=0)                   0.000     0.000    System_clock
    K17                  IBUF (Prop_ibuf_I_O)         0.243     0.243 r  System_clock_IBUF_inst/O
                         net (fo=1, routed)           0.842     1.084    System_clock_IBUF
    BUFGCTRL_X0Y16       BUFG (Prop_bufg_I_O)         0.026     1.110 r  System_clock_IBUF_BUFG_inst/O
                         net (fo=9, routed)           0.718     1.828    System_clock_IBUF_BUFG
    SLICE_X113Y105       FDCE                                         r  index_reg[0]/C
  -------------------------------------------------------------------    -------------------
    SLICE_X113Y105       FDCE (Prop_fdce_C_Q)         0.141     1.969 f  index_reg[0]/Q
                         net (fo=8, routed)           0.212     2.181    index_reg[0]
    SLICE_X113Y105       LUT1 (Prop_lut1_I0_O)        0.045     2.226 r  index[0]_i_1/O
                         net (fo=1, routed)           0.000     2.226    p_0_in[0]
    SLICE_X113Y105       FDCE                                         r  index_reg[0]/D
  -------------------------------------------------------------------    -------------------

                         (clock System_clock rise edge)
                                                      0.000     0.000 r  
    K17                                               0.000     0.000 r  System_clock (IN)
                         net (fo=0)                   0.000     0.000    System_clock
    K17                  IBUF (Prop_ibuf_I_O)         0.431     0.431 r  System_clock_IBUF_inst/O
                         net (fo=1, routed)           0.907     1.338    System_clock_IBUF
    BUFGCTRL_X0Y16       BUFG (Prop_bufg_I_O)         0.029     1.367 r  System_clock_IBUF_BUFG_inst/O
                         net (fo=9, routed)           0.994     2.361    System_clock_IBUF_BUFG
    SLICE_X113Y105       FDCE                                         r  index_reg[0]/C
                         clock pessimism             -0.532     1.828    
    SLICE_X113Y105       FDCE (Hold_fdce_C_D)         0.091     1.919    index_reg[0]
  -------------------------------------------------------------------
                         required time                         -1.919    
                         arrival time                           2.226    
  -------------------------------------------------------------------
                         slack                                  0.307    

Slack (MET) :             0.308ns  (arrival time - required time)
  Source:                 index_reg[0]/C
                            (rising edge-triggered cell FDCE clocked by System_clock  {rise@0.000ns fall@4.167ns period=8.334ns})
  Destination:            index_reg[2]/D
                            (rising edge-triggered cell FDCE clocked by System_clock  {rise@0.000ns fall@4.167ns period=8.334ns})
  Path Group:             System_clock
  Path Type:              Hold (Min at Fast Process Corner)
  Requirement:            0.000ns  (System_clock rise@0.000ns - System_clock rise@0.000ns)
  Data Path Delay:        0.400ns  (logic 0.186ns (46.544%)  route 0.214ns (53.456%))
  Logic Levels:           1  (LUT3=1)
  Clock Path Skew:        0.000ns (DCD - SCD - CPR)
    Destination Clock Delay (DCD):    2.361ns
    Source Clock Delay      (SCD):    1.828ns
    Clock Pessimism Removal (CPR):    0.532ns

    Location             Delay type                Incr(ns)  Path(ns)    Netlist Resource(s)
  -------------------------------------------------------------------    -------------------
                         (clock System_clock rise edge)
                                                      0.000     0.000 r  
    K17                                               0.000     0.000 r  System_clock (IN)
                         net (fo=0)                   0.000     0.000    System_clock
    K17                  IBUF (Prop_ibuf_I_O)         0.243     0.243 r  System_clock_IBUF_inst/O
                         net (fo=1, routed)           0.842     1.084    System_clock_IBUF
    BUFGCTRL_X0Y16       BUFG (Prop_bufg_I_O)         0.026     1.110 r  System_clock_IBUF_BUFG_inst/O
                         net (fo=9, routed)           0.718     1.828    System_clock_IBUF_BUFG
    SLICE_X113Y105       FDCE                                         r  index_reg[0]/C
  -------------------------------------------------------------------    -------------------
    SLICE_X113Y105       FDCE (Prop_fdce_C_Q)         0.141     1.969 r  index_reg[0]/Q
                         net (fo=8, routed)           0.214     2.183    index_reg[0]
    SLICE_X113Y105       LUT3 (Prop_lut3_I0_O)        0.045     2.228 r  index[2]_i_1/O
                         net (fo=1, routed)           0.000     2.228    p_0_in[2]
    SLICE_X113Y105       FDCE                                         r  index_reg[2]/D
  -------------------------------------------------------------------    -------------------

                         (clock System_clock rise edge)
                                                      0.000     0.000 r  
    K17                                               0.000     0.000 r  System_clock (IN)
                         net (fo=0)                   0.000     0.000    System_clock
    K17                  IBUF (Prop_ibuf_I_O)         0.431     0.431 r  System_clock_IBUF_inst/O
                         net (fo=1, routed)           0.907     1.338    System_clock_IBUF
    BUFGCTRL_X0Y16       BUFG (Prop_bufg_I_O)         0.029     1.367 r  System_clock_IBUF_BUFG_inst/O
                         net (fo=9, routed)           0.994     2.361    System_clock_IBUF_BUFG
    SLICE_X113Y105       FDCE                                         r  index_reg[2]/C
                         clock pessimism             -0.532     1.828    
    SLICE_X113Y105       FDCE (Hold_fdce_C_D)         0.092     1.920    index_reg[2]
  -------------------------------------------------------------------
                         required time                         -1.920    
                         arrival time                           2.228    
  -------------------------------------------------------------------
                         slack                                  0.308    

Slack (MET) :             0.425ns  (arrival time - required time)
  Source:                 index_reg[2]/C
                            (rising edge-triggered cell FDCE clocked by System_clock  {rise@0.000ns fall@4.167ns period=8.334ns})
  Destination:            led_reg[3]/D
                            (rising edge-triggered cell FDCE clocked by System_clock  {rise@0.000ns fall@4.167ns period=8.334ns})
  Path Group:             System_clock
  Path Type:              Hold (Min at Fast Process Corner)
  Requirement:            0.000ns  (System_clock rise@0.000ns - System_clock rise@0.000ns)
  Data Path Delay:        0.499ns  (logic 0.186ns (37.257%)  route 0.313ns (62.743%))
  Logic Levels:           1  (LUT1=1)
  Clock Path Skew:        0.015ns (DCD - SCD - CPR)
    Destination Clock Delay (DCD):    2.360ns
    Source Clock Delay      (SCD):    1.828ns
    Clock Pessimism Removal (CPR):    0.516ns

    Location             Delay type                Incr(ns)  Path(ns)    Netlist Resource(s)
  -------------------------------------------------------------------    -------------------
                         (clock System_clock rise edge)
                                                      0.000     0.000 r  
    K17                                               0.000     0.000 r  System_clock (IN)
                         net (fo=0)                   0.000     0.000    System_clock
    K17                  IBUF (Prop_ibuf_I_O)         0.243     0.243 r  System_clock_IBUF_inst/O
                         net (fo=1, routed)           0.842     1.084    System_clock_IBUF
    BUFGCTRL_X0Y16       BUFG (Prop_bufg_I_O)         0.026     1.110 r  System_clock_IBUF_BUFG_inst/O
                         net (fo=9, routed)           0.718     1.828    System_clock_IBUF_BUFG
    SLICE_X113Y105       FDCE                                         r  index_reg[2]/C
  -------------------------------------------------------------------    -------------------
    SLICE_X113Y105       FDCE (Prop_fdce_C_Q)         0.141     1.969 f  index_reg[2]/Q
                         net (fo=7, routed)           0.188     2.158    index_reg[2]
    SLICE_X112Y106       LUT1 (Prop_lut1_I0_O)        0.045     2.203 r  led[3]_i_2/O
                         net (fo=4, routed)           0.125     2.328    led[3]_i_2_n_0
    SLICE_X112Y107       FDCE                                         r  led_reg[3]/D
  -------------------------------------------------------------------    -------------------

                         (clock System_clock rise edge)
                                                      0.000     0.000 r  
    K17                                               0.000     0.000 r  System_clock (IN)
                         net (fo=0)                   0.000     0.000    System_clock
    K17                  IBUF (Prop_ibuf_I_O)         0.431     0.431 r  System_clock_IBUF_inst/O
                         net (fo=1, routed)           0.907     1.338    System_clock_IBUF
    BUFGCTRL_X0Y16       BUFG (Prop_bufg_I_O)         0.029     1.367 r  System_clock_IBUF_BUFG_inst/O
                         net (fo=9, routed)           0.993     2.360    System_clock_IBUF_BUFG
    SLICE_X112Y107       FDCE                                         r  led_reg[3]/C
                         clock pessimism             -0.516     1.843    
    SLICE_X112Y107       FDCE (Hold_fdce_C_D)         0.059     1.902    led_reg[3]
  -------------------------------------------------------------------
                         required time                         -1.902    
                         arrival time                           2.328    
  -------------------------------------------------------------------
                         slack                                  0.425    

Slack (MET) :             0.426ns  (arrival time - required time)
  Source:                 index_reg[2]/C
                            (rising edge-triggered cell FDCE clocked by System_clock  {rise@0.000ns fall@4.167ns period=8.334ns})
  Destination:            led_reg[1]/D
                            (rising edge-triggered cell FDCE clocked by System_clock  {rise@0.000ns fall@4.167ns period=8.334ns})
  Path Group:             System_clock
  Path Type:              Hold (Min at Fast Process Corner)
  Requirement:            0.000ns  (System_clock rise@0.000ns - System_clock rise@0.000ns)
  Data Path Delay:        0.512ns  (logic 0.186ns (36.296%)  route 0.326ns (63.704%))
  Logic Levels:           1  (LUT1=1)
  Clock Path Skew:        0.016ns (DCD - SCD - CPR)
    Destination Clock Delay (DCD):    2.361ns
    Source Clock Delay      (SCD):    1.828ns
    Clock Pessimism Removal (CPR):    0.516ns

    Location             Delay type                Incr(ns)  Path(ns)    Netlist Resource(s)
  -------------------------------------------------------------------    -------------------
                         (clock System_clock rise edge)
                                                      0.000     0.000 r  
    K17                                               0.000     0.000 r  System_clock (IN)
                         net (fo=0)                   0.000     0.000    System_clock
    K17                  IBUF (Prop_ibuf_I_O)         0.243     0.243 r  System_clock_IBUF_inst/O
                         net (fo=1, routed)           0.842     1.084    System_clock_IBUF
    BUFGCTRL_X0Y16       BUFG (Prop_bufg_I_O)         0.026     1.110 r  System_clock_IBUF_BUFG_inst/O
                         net (fo=9, routed)           0.718     1.828    System_clock_IBUF_BUFG
    SLICE_X113Y105       FDCE                                         r  index_reg[2]/C
  -------------------------------------------------------------------    -------------------
    SLICE_X113Y105       FDCE (Prop_fdce_C_Q)         0.141     1.969 f  index_reg[2]/Q
                         net (fo=7, routed)           0.188     2.158    index_reg[2]
    SLICE_X112Y106       LUT1 (Prop_lut1_I0_O)        0.045     2.203 r  led[3]_i_2/O
                         net (fo=4, routed)           0.138     2.341    led[3]_i_2_n_0
    SLICE_X113Y104       FDCE                                         r  led_reg[1]/D
  -------------------------------------------------------------------    -------------------

                         (clock System_clock rise edge)
                                                      0.000     0.000 r  
    K17                                               0.000     0.000 r  System_clock (IN)
                         net (fo=0)                   0.000     0.000    System_clock
    K17                  IBUF (Prop_ibuf_I_O)         0.431     0.431 r  System_clock_IBUF_inst/O
                         net (fo=1, routed)           0.907     1.338    System_clock_IBUF
    BUFGCTRL_X0Y16       BUFG (Prop_bufg_I_O)         0.029     1.367 r  System_clock_IBUF_BUFG_inst/O
                         net (fo=9, routed)           0.994     2.361    System_clock_IBUF_BUFG
    SLICE_X113Y104       FDCE                                         r  led_reg[1]/C
                         clock pessimism             -0.516     1.844    
    SLICE_X113Y104       FDCE (Hold_fdce_C_D)         0.070     1.914    led_reg[1]
  -------------------------------------------------------------------
                         required time                         -1.914    
                         arrival time                           2.341    
  -------------------------------------------------------------------
                         slack                                  0.426    

Slack (MET) :             0.437ns  (arrival time - required time)
  Source:                 index_reg[2]/C
                            (rising edge-triggered cell FDCE clocked by System_clock  {rise@0.000ns fall@4.167ns period=8.334ns})
  Destination:            led_reg[0]/D
                            (rising edge-triggered cell FDCE clocked by System_clock  {rise@0.000ns fall@4.167ns period=8.334ns})
  Path Group:             System_clock
  Path Type:              Hold (Min at Fast Process Corner)
  Requirement:            0.000ns  (System_clock rise@0.000ns - System_clock rise@0.000ns)
  Data Path Delay:        0.512ns  (logic 0.186ns (36.296%)  route 0.326ns (63.704%))
  Logic Levels:           1  (LUT1=1)
  Clock Path Skew:        0.016ns (DCD - SCD - CPR)
    Destination Clock Delay (DCD):    2.361ns
    Source Clock Delay      (SCD):    1.828ns
    Clock Pessimism Removal (CPR):    0.516ns

    Location             Delay type                Incr(ns)  Path(ns)    Netlist Resource(s)
  -------------------------------------------------------------------    -------------------
                         (clock System_clock rise edge)
                                                      0.000     0.000 r  
    K17                                               0.000     0.000 r  System_clock (IN)
                         net (fo=0)                   0.000     0.000    System_clock
    K17                  IBUF (Prop_ibuf_I_O)         0.243     0.243 r  System_clock_IBUF_inst/O
                         net (fo=1, routed)           0.842     1.084    System_clock_IBUF
    BUFGCTRL_X0Y16       BUFG (Prop_bufg_I_O)         0.026     1.110 r  System_clock_IBUF_BUFG_inst/O
                         net (fo=9, routed)           0.718     1.828    System_clock_IBUF_BUFG
    SLICE_X113Y105       FDCE                                         r  index_reg[2]/C
  -------------------------------------------------------------------    -------------------
    SLICE_X113Y105       FDCE (Prop_fdce_C_Q)         0.141     1.969 f  index_reg[2]/Q
                         net (fo=7, routed)           0.188     2.158    index_reg[2]
    SLICE_X112Y106       LUT1 (Prop_lut1_I0_O)        0.045     2.203 r  led[3]_i_2/O
                         net (fo=4, routed)           0.138     2.341    led[3]_i_2_n_0
    SLICE_X112Y104       FDCE                                         r  led_reg[0]/D
  -------------------------------------------------------------------    -------------------

                         (clock System_clock rise edge)
                                                      0.000     0.000 r  
    K17                                               0.000     0.000 r  System_clock (IN)
                         net (fo=0)                   0.000     0.000    System_clock
    K17                  IBUF (Prop_ibuf_I_O)         0.431     0.431 r  System_clock_IBUF_inst/O
                         net (fo=1, routed)           0.907     1.338    System_clock_IBUF
    BUFGCTRL_X0Y16       BUFG (Prop_bufg_I_O)         0.029     1.367 r  System_clock_IBUF_BUFG_inst/O
                         net (fo=9, routed)           0.994     2.361    System_clock_IBUF_BUFG
    SLICE_X112Y104       FDCE                                         r  led_reg[0]/C
                         clock pessimism             -0.516     1.844    
    SLICE_X112Y104       FDCE (Hold_fdce_C_D)         0.059     1.903    led_reg[0]
  -------------------------------------------------------------------
                         required time                         -1.903    
                         arrival time                           2.341    
  -------------------------------------------------------------------
                         slack                                  0.437    

Slack (MET) :             0.441ns  (arrival time - required time)
  Source:                 index_reg[0]/C
                            (rising edge-triggered cell FDCE clocked by System_clock  {rise@0.000ns fall@4.167ns period=8.334ns})
  Destination:            led_reg[0]/CE
                            (rising edge-triggered cell FDCE clocked by System_clock  {rise@0.000ns fall@4.167ns period=8.334ns})
  Path Group:             System_clock
  Path Type:              Hold (Min at Fast Process Corner)
  Requirement:            0.000ns  (System_clock rise@0.000ns - System_clock rise@0.000ns)
  Data Path Delay:        0.441ns  (logic 0.186ns (42.183%)  route 0.255ns (57.817%))
  Logic Levels:           1  (LUT6=1)
  Clock Path Skew:        0.016ns (DCD - SCD - CPR)
    Destination Clock Delay (DCD):    2.361ns
    Source Clock Delay      (SCD):    1.828ns
    Clock Pessimism Removal (CPR):    0.516ns

    Location             Delay type                Incr(ns)  Path(ns)    Netlist Resource(s)
  -------------------------------------------------------------------    -------------------
                         (clock System_clock rise edge)
                                                      0.000     0.000 r  
    K17                                               0.000     0.000 r  System_clock (IN)
                         net (fo=0)                   0.000     0.000    System_clock
    K17                  IBUF (Prop_ibuf_I_O)         0.243     0.243 r  System_clock_IBUF_inst/O
                         net (fo=1, routed)           0.842     1.084    System_clock_IBUF
    BUFGCTRL_X0Y16       BUFG (Prop_bufg_I_O)         0.026     1.110 r  System_clock_IBUF_BUFG_inst/O
                         net (fo=9, routed)           0.718     1.828    System_clock_IBUF_BUFG
    SLICE_X113Y105       FDCE                                         r  index_reg[0]/C
  -------------------------------------------------------------------    -------------------
    SLICE_X113Y105       FDCE (Prop_fdce_C_Q)         0.141     1.969 r  index_reg[0]/Q
                         net (fo=8, routed)           0.143     2.112    index_reg[0]
    SLICE_X112Y105       LUT6 (Prop_lut6_I2_O)        0.045     2.157 r  led[0]_i_1/O
                         net (fo=1, routed)           0.112     2.269    led[0]_i_1_n_0
    SLICE_X112Y104       FDCE                                         r  led_reg[0]/CE
  -------------------------------------------------------------------    -------------------

                         (clock System_clock rise edge)
                                                      0.000     0.000 r  
    K17                                               0.000     0.000 r  System_clock (IN)
                         net (fo=0)                   0.000     0.000    System_clock
    K17                  IBUF (Prop_ibuf_I_O)         0.431     0.431 r  System_clock_IBUF_inst/O
                         net (fo=1, routed)           0.907     1.338    System_clock_IBUF
    BUFGCTRL_X0Y16       BUFG (Prop_bufg_I_O)         0.029     1.367 r  System_clock_IBUF_BUFG_inst/O
                         net (fo=9, routed)           0.994     2.361    System_clock_IBUF_BUFG
    SLICE_X112Y104       FDCE                                         r  led_reg[0]/C
                         clock pessimism             -0.516     1.844    
    SLICE_X112Y104       FDCE (Hold_fdce_C_CE)       -0.016     1.828    led_reg[0]
  -------------------------------------------------------------------
                         required time                         -1.828    
                         arrival time                           2.269    
  -------------------------------------------------------------------
                         slack                                  0.441    

Slack (MET) :             0.465ns  (arrival time - required time)
  Source:                 index_reg[0]/C
                            (rising edge-triggered cell FDCE clocked by System_clock  {rise@0.000ns fall@4.167ns period=8.334ns})
  Destination:            led_reg[1]/CE
                            (rising edge-triggered cell FDCE clocked by System_clock  {rise@0.000ns fall@4.167ns period=8.334ns})
  Path Group:             System_clock
  Path Type:              Hold (Min at Fast Process Corner)
  Requirement:            0.000ns  (System_clock rise@0.000ns - System_clock rise@0.000ns)
  Data Path Delay:        0.442ns  (logic 0.186ns (42.038%)  route 0.256ns (57.962%))
  Logic Levels:           1  (LUT6=1)
  Clock Path Skew:        0.016ns (DCD - SCD - CPR)
    Destination Clock Delay (DCD):    2.361ns
    Source Clock Delay      (SCD):    1.828ns
    Clock Pessimism Removal (CPR):    0.516ns

    Location             Delay type                Incr(ns)  Path(ns)    Netlist Resource(s)
  -------------------------------------------------------------------    -------------------
                         (clock System_clock rise edge)
                                                      0.000     0.000 r  
    K17                                               0.000     0.000 r  System_clock (IN)
                         net (fo=0)                   0.000     0.000    System_clock
    K17                  IBUF (Prop_ibuf_I_O)         0.243     0.243 r  System_clock_IBUF_inst/O
                         net (fo=1, routed)           0.842     1.084    System_clock_IBUF
    BUFGCTRL_X0Y16       BUFG (Prop_bufg_I_O)         0.026     1.110 r  System_clock_IBUF_BUFG_inst/O
                         net (fo=9, routed)           0.718     1.828    System_clock_IBUF_BUFG
    SLICE_X113Y105       FDCE                                         r  index_reg[0]/C
  -------------------------------------------------------------------    -------------------
    SLICE_X113Y105       FDCE (Prop_fdce_C_Q)         0.141     1.969 r  index_reg[0]/Q
                         net (fo=8, routed)           0.147     2.116    index_reg[0]
    SLICE_X112Y105       LUT6 (Prop_lut6_I2_O)        0.045     2.161 r  led[1]_i_1/O
                         net (fo=1, routed)           0.110     2.271    led[1]_i_1_n_0
    SLICE_X113Y104       FDCE                                         r  led_reg[1]/CE
  -------------------------------------------------------------------    -------------------

                         (clock System_clock rise edge)
                                                      0.000     0.000 r  
    K17                                               0.000     0.000 r  System_clock (IN)
                         net (fo=0)                   0.000     0.000    System_clock
    K17                  IBUF (Prop_ibuf_I_O)         0.431     0.431 r  System_clock_IBUF_inst/O
                         net (fo=1, routed)           0.907     1.338    System_clock_IBUF
    BUFGCTRL_X0Y16       BUFG (Prop_bufg_I_O)         0.029     1.367 r  System_clock_IBUF_BUFG_inst/O
                         net (fo=9, routed)           0.994     2.361    System_clock_IBUF_BUFG
    SLICE_X113Y104       FDCE                                         r  led_reg[1]/C
                         clock pessimism             -0.516     1.844    
    SLICE_X113Y104       FDCE (Hold_fdce_C_CE)       -0.039     1.805    led_reg[1]
  -------------------------------------------------------------------
                         required time                         -1.805    
                         arrival time                           2.271    
  -------------------------------------------------------------------
                         slack                                  0.465    





Pulse Width Checks
--------------------------------------------------------------------------------------
Clock Name:         System_clock
Waveform(ns):       { 0.000 4.167 }
Period(ns):         8.334
Sources:            { System_clock }

Check Type        Corner  Lib Pin  Reference Pin  Required(ns)  Actual(ns)  Slack(ns)  Location        Pin
Min Period        n/a     BUFG/I   n/a            2.155         8.334       6.179      BUFGCTRL_X0Y16  System_clock_IBUF_BUFG_inst/I
Min Period        n/a     FDCE/C   n/a            1.000         8.334       7.334      SLICE_X112Y105  enter_d_reg/C
Min Period        n/a     FDCE/C   n/a            1.000         8.334       7.334      SLICE_X113Y105  index_reg[0]/C
Min Period        n/a     FDCE/C   n/a            1.000         8.334       7.334      SLICE_X113Y105  index_reg[1]/C
Min Period        n/a     FDCE/C   n/a            1.000         8.334       7.334      SLICE_X113Y105  index_reg[2]/C
Min Period        n/a     FDCE/C   n/a            1.000         8.334       7.334      SLICE_X113Y105  index_reg[3]/C
Min Period        n/a     FDCE/C   n/a            1.000         8.334       7.334      SLICE_X112Y104  led_reg[0]/C
Min Period        n/a     FDCE/C   n/a            1.000         8.334       7.334      SLICE_X113Y104  led_reg[1]/C
Min Period        n/a     FDCE/C   n/a            1.000         8.334       7.334      SLICE_X112Y106  led_reg[2]/C
Min Period        n/a     FDCE/C   n/a            1.000         8.334       7.334      SLICE_X112Y107  led_reg[3]/C
Low Pulse Width   Slow    FDCE/C   n/a            0.500         4.167       3.667      SLICE_X112Y105  enter_d_reg/C
Low Pulse Width   Fast    FDCE/C   n/a            0.500         4.167       3.667      SLICE_X112Y105  enter_d_reg/C
Low Pulse Width   Slow    FDCE/C   n/a            0.500         4.167       3.667      SLICE_X113Y105  index_reg[0]/C
Low Pulse Width   Fast    FDCE/C   n/a            0.500         4.167       3.667      SLICE_X113Y105  index_reg[0]/C
Low Pulse Width   Slow    FDCE/C   n/a            0.500         4.167       3.667      SLICE_X113Y105  index_reg[1]/C
Low Pulse Width   Fast    FDCE/C   n/a            0.500         4.167       3.667      SLICE_X113Y105  index_reg[1]/C
Low Pulse Width   Slow    FDCE/C   n/a            0.500         4.167       3.667      SLICE_X113Y105  index_reg[2]/C
Low Pulse Width   Fast    FDCE/C   n/a            0.500         4.167       3.667      SLICE_X113Y105  index_reg[2]/C
Low Pulse Width   Slow    FDCE/C   n/a            0.500         4.167       3.667      SLICE_X113Y105  index_reg[3]/C
Low Pulse Width   Fast    FDCE/C   n/a            0.500         4.167       3.667      SLICE_X113Y105  index_reg[3]/C
High Pulse Width  Slow    FDCE/C   n/a            0.500         4.167       3.667      SLICE_X112Y105  enter_d_reg/C
High Pulse Width  Fast    FDCE/C   n/a            0.500         4.167       3.667      SLICE_X112Y105  enter_d_reg/C
High Pulse Width  Slow    FDCE/C   n/a            0.500         4.167       3.667      SLICE_X113Y105  index_reg[0]/C
High Pulse Width  Fast    FDCE/C   n/a            0.500         4.167       3.667      SLICE_X113Y105  index_reg[0]/C
High Pulse Width  Slow    FDCE/C   n/a            0.500         4.167       3.667      SLICE_X113Y105  index_reg[1]/C
High Pulse Width  Fast    FDCE/C   n/a            0.500         4.167       3.667      SLICE_X113Y105  index_reg[1]/C
High Pulse Width  Slow    FDCE/C   n/a            0.500         4.167       3.667      SLICE_X113Y105  index_reg[2]/C
High Pulse Width  Fast    FDCE/C   n/a            0.500         4.167       3.667      SLICE_X113Y105  index_reg[2]/C
High Pulse Width  Slow    FDCE/C   n/a            0.500         4.167       3.667      SLICE_X113Y105  index_reg[3]/C
High Pulse Width  Fast    FDCE/C   n/a            0.500         4.167       3.667      SLICE_X113Y105  index_reg[3]/C



--------------------------------------------------------------------------------------
Path Group:  (none)
From Clock:  System_clock
  To Clock:  

Max Delay             4 Endpoints
Min Delay             4 Endpoints
--------------------------------------------------------------------------------------


Max Delay Paths
--------------------------------------------------------------------------------------
Slack:                    inf
  Source:                 led_reg[2]/C
                            (rising edge-triggered cell FDCE clocked by System_clock  {rise@0.000ns fall@4.167ns period=8.334ns})
  Destination:            led[2]
                            (output port)
  Path Group:             (none)
  Path Type:              Max at Slow Process Corner
  Data Path Delay:        6.896ns  (logic 4.018ns (58.267%)  route 2.878ns (41.733%))
  Logic Levels:           1  (OBUF=1)
  Clock Uncertainty:      0.025ns  ((TSJ^2 + TIJ^2)^1/2 + DJ) / 2 + PE
    Total System Jitter     (TSJ):    0.050ns
    Total Input Jitter      (TIJ):    0.000ns
    Discrete Jitter          (DJ):    0.000ns
    Phase Error              (PE):    0.000ns

    Location             Delay type                Incr(ns)  Path(ns)    Netlist Resource(s)
  -------------------------------------------------------------------    -------------------
                         (clock System_clock rise edge)
                                                      0.000     0.000 r  
    K17                                               0.000     0.000 r  System_clock (IN)
                         net (fo=0)                   0.000     0.000    System_clock
    K17                  IBUF (Prop_ibuf_I_O)         1.475     1.475 r  System_clock_IBUF_inst/O
                         net (fo=1, routed)           2.522     3.997    System_clock_IBUF
    BUFGCTRL_X0Y16       BUFG (Prop_bufg_I_O)         0.101     4.098 r  System_clock_IBUF_BUFG_inst/O
                         net (fo=9, routed)           2.057     6.155    System_clock_IBUF_BUFG
    SLICE_X112Y106       FDCE                                         r  led_reg[2]/C
  -------------------------------------------------------------------    -------------------
    SLICE_X112Y106       FDCE (Prop_fdce_C_Q)         0.518     6.673 r  led_reg[2]/Q
                         net (fo=1, routed)           2.878     9.551    led_OBUF[2]
    G14                  OBUF (Prop_obuf_I_O)         3.500    13.051 r  led_OBUF[2]_inst/O
                         net (fo=0)                   0.000    13.051    led[2]
    G14                                                               r  led[2] (OUT)
  -------------------------------------------------------------------    -------------------

Slack:                    inf
  Source:                 led_reg[3]/C
                            (rising edge-triggered cell FDCE clocked by System_clock  {rise@0.000ns fall@4.167ns period=8.334ns})
  Destination:            led[3]
                            (output port)
  Path Group:             (none)
  Path Type:              Max at Slow Process Corner
  Data Path Delay:        6.637ns  (logic 4.008ns (60.388%)  route 2.629ns (39.612%))
  Logic Levels:           1  (OBUF=1)
  Clock Uncertainty:      0.025ns  ((TSJ^2 + TIJ^2)^1/2 + DJ) / 2 + PE
    Total System Jitter     (TSJ):    0.050ns
    Total Input Jitter      (TIJ):    0.000ns
    Discrete Jitter          (DJ):    0.000ns
    Phase Error              (PE):    0.000ns

    Location             Delay type                Incr(ns)  Path(ns)    Netlist Resource(s)
  -------------------------------------------------------------------    -------------------
                         (clock System_clock rise edge)
                                                      0.000     0.000 r  
    K17                                               0.000     0.000 r  System_clock (IN)
                         net (fo=0)                   0.000     0.000    System_clock
    K17                  IBUF (Prop_ibuf_I_O)         1.475     1.475 r  System_clock_IBUF_inst/O
                         net (fo=1, routed)           2.522     3.997    System_clock_IBUF
    BUFGCTRL_X0Y16       BUFG (Prop_bufg_I_O)         0.101     4.098 r  System_clock_IBUF_BUFG_inst/O
                         net (fo=9, routed)           2.056     6.154    System_clock_IBUF_BUFG
    SLICE_X112Y107       FDCE                                         r  led_reg[3]/C
  -------------------------------------------------------------------    -------------------
    SLICE_X112Y107       FDCE (Prop_fdce_C_Q)         0.518     6.672 r  led_reg[3]/Q
                         net (fo=1, routed)           2.629     9.301    led_OBUF[3]
    D18                  OBUF (Prop_obuf_I_O)         3.490    12.791 r  led_OBUF[3]_inst/O
                         net (fo=0)                   0.000    12.791    led[3]
    D18                                                               r  led[3] (OUT)
  -------------------------------------------------------------------    -------------------

Slack:                    inf
  Source:                 led_reg[0]/C
                            (rising edge-triggered cell FDCE clocked by System_clock  {rise@0.000ns fall@4.167ns period=8.334ns})
  Destination:            led[0]
                            (output port)
  Path Group:             (none)
  Path Type:              Max at Slow Process Corner
  Data Path Delay:        5.764ns  (logic 4.099ns (71.110%)  route 1.665ns (28.890%))
  Logic Levels:           1  (OBUF=1)
  Clock Uncertainty:      0.025ns  ((TSJ^2 + TIJ^2)^1/2 + DJ) / 2 + PE
    Total System Jitter     (TSJ):    0.050ns
    Total Input Jitter      (TIJ):    0.000ns
    Discrete Jitter          (DJ):    0.000ns
    Phase Error              (PE):    0.000ns

    Location             Delay type                Incr(ns)  Path(ns)    Netlist Resource(s)
  -------------------------------------------------------------------    -------------------
                         (clock System_clock rise edge)
                                                      0.000     0.000 r  
    K17                                               0.000     0.000 r  System_clock (IN)
                         net (fo=0)                   0.000     0.000    System_clock
    K17                  IBUF (Prop_ibuf_I_O)         1.475     1.475 r  System_clock_IBUF_inst/O
                         net (fo=1, routed)           2.522     3.997    System_clock_IBUF
    BUFGCTRL_X0Y16       BUFG (Prop_bufg_I_O)         0.101     4.098 r  System_clock_IBUF_BUFG_inst/O
                         net (fo=9, routed)           2.057     6.155    System_clock_IBUF_BUFG
    SLICE_X112Y104       FDCE                                         r  led_reg[0]/C
  -------------------------------------------------------------------    -------------------
    SLICE_X112Y104       FDCE (Prop_fdce_C_Q)         0.518     6.673 r  led_reg[0]/Q
                         net (fo=1, routed)           1.665     8.338    led_OBUF[0]
    M14                  OBUF (Prop_obuf_I_O)         3.581    11.919 r  led_OBUF[0]_inst/O
                         net (fo=0)                   0.000    11.919    led[0]
    M14                                                               r  led[0] (OUT)
  -------------------------------------------------------------------    -------------------

Slack:                    inf
  Source:                 led_reg[1]/C
                            (rising edge-triggered cell FDCE clocked by System_clock  {rise@0.000ns fall@4.167ns period=8.334ns})
  Destination:            led[1]
                            (output port)
  Path Group:             (none)
  Path Type:              Max at Slow Process Corner
  Data Path Delay:        5.716ns  (logic 4.039ns (70.660%)  route 1.677ns (29.340%))
  Logic Levels:           1  (OBUF=1)
  Clock Uncertainty:      0.025ns  ((TSJ^2 + TIJ^2)^1/2 + DJ) / 2 + PE
    Total System Jitter     (TSJ):    0.050ns
    Total Input Jitter      (TIJ):    0.000ns
    Discrete Jitter          (DJ):    0.000ns
    Phase Error              (PE):    0.000ns

    Location             Delay type                Incr(ns)  Path(ns)    Netlist Resource(s)
  -------------------------------------------------------------------    -------------------
                         (clock System_clock rise edge)
                                                      0.000     0.000 r  
    K17                                               0.000     0.000 r  System_clock (IN)
                         net (fo=0)                   0.000     0.000    System_clock
    K17                  IBUF (Prop_ibuf_I_O)         1.475     1.475 r  System_clock_IBUF_inst/O
                         net (fo=1, routed)           2.522     3.997    System_clock_IBUF
    BUFGCTRL_X0Y16       BUFG (Prop_bufg_I_O)         0.101     4.098 r  System_clock_IBUF_BUFG_inst/O
                         net (fo=9, routed)           2.057     6.155    System_clock_IBUF_BUFG
    SLICE_X113Y104       FDCE                                         r  led_reg[1]/C
  -------------------------------------------------------------------    -------------------
    SLICE_X113Y104       FDCE (Prop_fdce_C_Q)         0.456     6.611 r  led_reg[1]/Q
                         net (fo=1, routed)           1.677     8.288    led_OBUF[1]
    M15                  OBUF (Prop_obuf_I_O)         3.583    11.871 r  led_OBUF[1]_inst/O
                         net (fo=0)                   0.000    11.871    led[1]
    M15                                                               r  led[1] (OUT)
  -------------------------------------------------------------------    -------------------





Min Delay Paths
--------------------------------------------------------------------------------------
Slack:                    inf
  Source:                 led_reg[1]/C
                            (rising edge-triggered cell FDCE clocked by System_clock  {rise@0.000ns fall@4.167ns period=8.334ns})
  Destination:            led[1]
                            (output port)
  Path Group:             (none)
  Path Type:              Min at Fast Process Corner
  Data Path Delay:        1.752ns  (logic 1.424ns (81.279%)  route 0.328ns (18.721%))
  Logic Levels:           1  (OBUF=1)
  Clock Uncertainty:      0.025ns  ((TSJ^2 + TIJ^2)^1/2 + DJ) / 2 + PE
    Total System Jitter     (TSJ):    0.050ns
    Total Input Jitter      (TIJ):    0.000ns
    Discrete Jitter          (DJ):    0.000ns
    Phase Error              (PE):    0.000ns

    Location             Delay type                Incr(ns)  Path(ns)    Netlist Resource(s)
  -------------------------------------------------------------------    -------------------
                         (clock System_clock rise edge)
                                                      0.000     0.000 r  
    K17                                               0.000     0.000 r  System_clock (IN)
                         net (fo=0)                   0.000     0.000    System_clock
    K17                  IBUF (Prop_ibuf_I_O)         0.243     0.243 r  System_clock_IBUF_inst/O
                         net (fo=1, routed)           0.842     1.084    System_clock_IBUF
    BUFGCTRL_X0Y16       BUFG (Prop_bufg_I_O)         0.026     1.110 r  System_clock_IBUF_BUFG_inst/O
                         net (fo=9, routed)           0.718     1.828    System_clock_IBUF_BUFG
    SLICE_X113Y104       FDCE                                         r  led_reg[1]/C
  -------------------------------------------------------------------    -------------------
    SLICE_X113Y104       FDCE (Prop_fdce_C_Q)         0.141     1.969 r  led_reg[1]/Q
                         net (fo=1, routed)           0.328     2.298    led_OBUF[1]
    M15                  OBUF (Prop_obuf_I_O)         1.283     3.581 r  led_OBUF[1]_inst/O
                         net (fo=0)                   0.000     3.581    led[1]
    M15                                                               r  led[1] (OUT)
  -------------------------------------------------------------------    -------------------

Slack:                    inf
  Source:                 led_reg[0]/C
                            (rising edge-triggered cell FDCE clocked by System_clock  {rise@0.000ns fall@4.167ns period=8.334ns})
  Destination:            led[0]
                            (output port)
  Path Group:             (none)
  Path Type:              Min at Fast Process Corner
  Data Path Delay:        1.778ns  (logic 1.445ns (81.307%)  route 0.332ns (18.693%))
  Logic Levels:           1  (OBUF=1)
  Clock Uncertainty:      0.025ns  ((TSJ^2 + TIJ^2)^1/2 + DJ) / 2 + PE
    Total System Jitter     (TSJ):    0.050ns
    Total Input Jitter      (TIJ):    0.000ns
    Discrete Jitter          (DJ):    0.000ns
    Phase Error              (PE):    0.000ns

    Location             Delay type                Incr(ns)  Path(ns)    Netlist Resource(s)
  -------------------------------------------------------------------    -------------------
                         (clock System_clock rise edge)
                                                      0.000     0.000 r  
    K17                                               0.000     0.000 r  System_clock (IN)
                         net (fo=0)                   0.000     0.000    System_clock
    K17                  IBUF (Prop_ibuf_I_O)         0.243     0.243 r  System_clock_IBUF_inst/O
                         net (fo=1, routed)           0.842     1.084    System_clock_IBUF
    BUFGCTRL_X0Y16       BUFG (Prop_bufg_I_O)         0.026     1.110 r  System_clock_IBUF_BUFG_inst/O
                         net (fo=9, routed)           0.718     1.828    System_clock_IBUF_BUFG
    SLICE_X112Y104       FDCE                                         r  led_reg[0]/C
  -------------------------------------------------------------------    -------------------
    SLICE_X112Y104       FDCE (Prop_fdce_C_Q)         0.164     1.992 r  led_reg[0]/Q
                         net (fo=1, routed)           0.332     2.325    led_OBUF[0]
    M14                  OBUF (Prop_obuf_I_O)         1.281     3.606 r  led_OBUF[0]_inst/O
                         net (fo=0)                   0.000     3.606    led[0]
    M14                                                               r  led[0] (OUT)
  -------------------------------------------------------------------    -------------------

Slack:                    inf
  Source:                 led_reg[3]/C
                            (rising edge-triggered cell FDCE clocked by System_clock  {rise@0.000ns fall@4.167ns period=8.334ns})
  Destination:            led[3]
                            (output port)
  Path Group:             (none)
  Path Type:              Min at Fast Process Corner
  Data Path Delay:        2.073ns  (logic 1.355ns (65.397%)  route 0.717ns (34.603%))
  Logic Levels:           1  (OBUF=1)
  Clock Uncertainty:      0.025ns  ((TSJ^2 + TIJ^2)^1/2 + DJ) / 2 + PE
    Total System Jitter     (TSJ):    0.050ns
    Total Input Jitter      (TIJ):    0.000ns
    Discrete Jitter          (DJ):    0.000ns
    Phase Error              (PE):    0.000ns

    Location             Delay type                Incr(ns)  Path(ns)    Netlist Resource(s)
  -------------------------------------------------------------------    -------------------
                         (clock System_clock rise edge)
                                                      0.000     0.000 r  
    K17                                               0.000     0.000 r  System_clock (IN)
                         net (fo=0)                   0.000     0.000    System_clock
    K17                  IBUF (Prop_ibuf_I_O)         0.243     0.243 r  System_clock_IBUF_inst/O
                         net (fo=1, routed)           0.842     1.084    System_clock_IBUF
    BUFGCTRL_X0Y16       BUFG (Prop_bufg_I_O)         0.026     1.110 r  System_clock_IBUF_BUFG_inst/O
                         net (fo=9, routed)           0.717     1.827    System_clock_IBUF_BUFG
    SLICE_X112Y107       FDCE                                         r  led_reg[3]/C
  -------------------------------------------------------------------    -------------------
    SLICE_X112Y107       FDCE (Prop_fdce_C_Q)         0.164     1.991 r  led_reg[3]/Q
                         net (fo=1, routed)           0.717     2.709    led_OBUF[3]
    D18                  OBUF (Prop_obuf_I_O)         1.191     3.900 r  led_OBUF[3]_inst/O
                         net (fo=0)                   0.000     3.900    led[3]
    D18                                                               r  led[3] (OUT)
  -------------------------------------------------------------------    -------------------

Slack:                    inf
  Source:                 led_reg[2]/C
                            (rising edge-triggered cell FDCE clocked by System_clock  {rise@0.000ns fall@4.167ns period=8.334ns})
  Destination:            led[2]
                            (output port)
  Path Group:             (none)
  Path Type:              Min at Fast Process Corner
  Data Path Delay:        2.195ns  (logic 1.365ns (62.222%)  route 0.829ns (37.778%))
  Logic Levels:           1  (OBUF=1)
  Clock Uncertainty:      0.025ns  ((TSJ^2 + TIJ^2)^1/2 + DJ) / 2 + PE
    Total System Jitter     (TSJ):    0.050ns
    Total Input Jitter      (TIJ):    0.000ns
    Discrete Jitter          (DJ):    0.000ns
    Phase Error              (PE):    0.000ns

    Location             Delay type                Incr(ns)  Path(ns)    Netlist Resource(s)
  -------------------------------------------------------------------    -------------------
                         (clock System_clock rise edge)
                                                      0.000     0.000 r  
    K17                                               0.000     0.000 r  System_clock (IN)
                         net (fo=0)                   0.000     0.000    System_clock
    K17                  IBUF (Prop_ibuf_I_O)         0.243     0.243 r  System_clock_IBUF_inst/O
                         net (fo=1, routed)           0.842     1.084    System_clock_IBUF
    BUFGCTRL_X0Y16       BUFG (Prop_bufg_I_O)         0.026     1.110 r  System_clock_IBUF_BUFG_inst/O
                         net (fo=9, routed)           0.718     1.828    System_clock_IBUF_BUFG
    SLICE_X112Y106       FDCE                                         r  led_reg[2]/C
  -------------------------------------------------------------------    -------------------
    SLICE_X112Y106       FDCE (Prop_fdce_C_Q)         0.164     1.992 r  led_reg[2]/Q
                         net (fo=1, routed)           0.829     2.822    led_OBUF[2]
    G14                  OBUF (Prop_obuf_I_O)         1.201     4.023 r  led_OBUF[2]_inst/O
                         net (fo=0)                   0.000     4.023    led[2]
    G14                                                               r  led[2] (OUT)
  -------------------------------------------------------------------    -------------------





--------------------------------------------------------------------------------------
Path Group:  (none)
From Clock:  
  To Clock:  System_clock

Max Delay            18 Endpoints
Min Delay            18 Endpoints
--------------------------------------------------------------------------------------


Max Delay Paths
--------------------------------------------------------------------------------------
Slack:                    inf
  Source:                 enter
                            (input port)
  Destination:            index_reg[0]/CE
                            (rising edge-triggered cell FDCE clocked by System_clock  {rise@0.000ns fall@4.167ns period=8.334ns})
  Path Group:             (none)
  Path Type:              Setup (Max at Slow Process Corner)
  Data Path Delay:        4.913ns  (logic 1.609ns (32.743%)  route 3.304ns (67.257%))
  Logic Levels:           2  (IBUF=1 LUT3=1)
  Clock Path Skew:        5.648ns (DCD - SCD + CPR)
    Destination Clock Delay (DCD):    5.648ns
    Source Clock Delay      (SCD):    0.000ns
    Clock Pessimism Removal (CPR):    0.000ns
  Clock Uncertainty:      0.025ns  ((TSJ^2 + TIJ^2)^1/2 + DJ) / 2 + PE
    Total System Jitter     (TSJ):    0.050ns
    Total Input Jitter      (TIJ):    0.000ns
    Discrete Jitter          (DJ):    0.000ns
    Phase Error              (PE):    0.000ns

    Location             Delay type                Incr(ns)  Path(ns)    Netlist Resource(s)
  -------------------------------------------------------------------    -------------------
    P16                                               0.000     0.000 r  enter (IN)
                         net (fo=0)                   0.000     0.000    enter
    P16                  IBUF (Prop_ibuf_I_O)         1.485     1.485 r  enter_IBUF_inst/O
                         net (fo=6, routed)           2.832     4.317    enter_IBUF
    SLICE_X112Y104       LUT3 (Prop_lut3_I0_O)        0.124     4.441 r  index[3]_i_1/O
                         net (fo=4, routed)           0.472     4.913    index[3]_i_1_n_0
    SLICE_X113Y105       FDCE                                         r  index_reg[0]/CE
  -------------------------------------------------------------------    -------------------

                         (clock System_clock rise edge)
                                                      0.000     0.000 r  
    K17                                               0.000     0.000 r  System_clock (IN)
                         net (fo=0)                   0.000     0.000    System_clock
    K17                  IBUF (Prop_ibuf_I_O)         1.404     1.404 r  System_clock_IBUF_inst/O
                         net (fo=1, routed)           2.293     3.697    System_clock_IBUF
    BUFGCTRL_X0Y16       BUFG (Prop_bufg_I_O)         0.091     3.788 r  System_clock_IBUF_BUFG_inst/O
                         net (fo=9, routed)           1.860     5.648    System_clock_IBUF_BUFG
    SLICE_X113Y105       FDCE                                         r  index_reg[0]/C

Slack:                    inf
  Source:                 enter
                            (input port)
  Destination:            index_reg[1]/CE
                            (rising edge-triggered cell FDCE clocked by System_clock  {rise@0.000ns fall@4.167ns period=8.334ns})
  Path Group:             (none)
  Path Type:              Setup (Max at Slow Process Corner)
  Data Path Delay:        4.913ns  (logic 1.609ns (32.743%)  route 3.304ns (67.257%))
  Logic Levels:           2  (IBUF=1 LUT3=1)
  Clock Path Skew:        5.648ns (DCD - SCD + CPR)
    Destination Clock Delay (DCD):    5.648ns
    Source Clock Delay      (SCD):    0.000ns
    Clock Pessimism Removal (CPR):    0.000ns
  Clock Uncertainty:      0.025ns  ((TSJ^2 + TIJ^2)^1/2 + DJ) / 2 + PE
    Total System Jitter     (TSJ):    0.050ns
    Total Input Jitter      (TIJ):    0.000ns
    Discrete Jitter          (DJ):    0.000ns
    Phase Error              (PE):    0.000ns

    Location             Delay type                Incr(ns)  Path(ns)    Netlist Resource(s)
  -------------------------------------------------------------------    -------------------
    P16                                               0.000     0.000 r  enter (IN)
                         net (fo=0)                   0.000     0.000    enter
    P16                  IBUF (Prop_ibuf_I_O)         1.485     1.485 r  enter_IBUF_inst/O
                         net (fo=6, routed)           2.832     4.317    enter_IBUF
    SLICE_X112Y104       LUT3 (Prop_lut3_I0_O)        0.124     4.441 r  index[3]_i_1/O
                         net (fo=4, routed)           0.472     4.913    index[3]_i_1_n_0
    SLICE_X113Y105       FDCE                                         r  index_reg[1]/CE
  -------------------------------------------------------------------    -------------------

                         (clock System_clock rise edge)
                                                      0.000     0.000 r  
    K17                                               0.000     0.000 r  System_clock (IN)
                         net (fo=0)                   0.000     0.000    System_clock
    K17                  IBUF (Prop_ibuf_I_O)         1.404     1.404 r  System_clock_IBUF_inst/O
                         net (fo=1, routed)           2.293     3.697    System_clock_IBUF
    BUFGCTRL_X0Y16       BUFG (Prop_bufg_I_O)         0.091     3.788 r  System_clock_IBUF_BUFG_inst/O
                         net (fo=9, routed)           1.860     5.648    System_clock_IBUF_BUFG
    SLICE_X113Y105       FDCE                                         r  index_reg[1]/C

Slack:                    inf
  Source:                 enter
                            (input port)
  Destination:            index_reg[2]/CE
                            (rising edge-triggered cell FDCE clocked by System_clock  {rise@0.000ns fall@4.167ns period=8.334ns})
  Path Group:             (none)
  Path Type:              Setup (Max at Slow Process Corner)
  Data Path Delay:        4.913ns  (logic 1.609ns (32.743%)  route 3.304ns (67.257%))
  Logic Levels:           2  (IBUF=1 LUT3=1)
  Clock Path Skew:        5.648ns (DCD - SCD + CPR)
    Destination Clock Delay (DCD):    5.648ns
    Source Clock Delay      (SCD):    0.000ns
    Clock Pessimism Removal (CPR):    0.000ns
  Clock Uncertainty:      0.025ns  ((TSJ^2 + TIJ^2)^1/2 + DJ) / 2 + PE
    Total System Jitter     (TSJ):    0.050ns
    Total Input Jitter      (TIJ):    0.000ns
    Discrete Jitter          (DJ):    0.000ns
    Phase Error              (PE):    0.000ns

    Location             Delay type                Incr(ns)  Path(ns)    Netlist Resource(s)
  -------------------------------------------------------------------    -------------------
    P16                                               0.000     0.000 r  enter (IN)
                         net (fo=0)                   0.000     0.000    enter
    P16                  IBUF (Prop_ibuf_I_O)         1.485     1.485 r  enter_IBUF_inst/O
                         net (fo=6, routed)           2.832     4.317    enter_IBUF
    SLICE_X112Y104       LUT3 (Prop_lut3_I0_O)        0.124     4.441 r  index[3]_i_1/O
                         net (fo=4, routed)           0.472     4.913    index[3]_i_1_n_0
    SLICE_X113Y105       FDCE                                         r  index_reg[2]/CE
  -------------------------------------------------------------------    -------------------

                         (clock System_clock rise edge)
                                                      0.000     0.000 r  
    K17                                               0.000     0.000 r  System_clock (IN)
                         net (fo=0)                   0.000     0.000    System_clock
    K17                  IBUF (Prop_ibuf_I_O)         1.404     1.404 r  System_clock_IBUF_inst/O
                         net (fo=1, routed)           2.293     3.697    System_clock_IBUF
    BUFGCTRL_X0Y16       BUFG (Prop_bufg_I_O)         0.091     3.788 r  System_clock_IBUF_BUFG_inst/O
                         net (fo=9, routed)           1.860     5.648    System_clock_IBUF_BUFG
    SLICE_X113Y105       FDCE                                         r  index_reg[2]/C

Slack:                    inf
  Source:                 enter
                            (input port)
  Destination:            index_reg[3]/CE
                            (rising edge-triggered cell FDCE clocked by System_clock  {rise@0.000ns fall@4.167ns period=8.334ns})
  Path Group:             (none)
  Path Type:              Setup (Max at Slow Process Corner)
  Data Path Delay:        4.913ns  (logic 1.609ns (32.743%)  route 3.304ns (67.257%))
  Logic Levels:           2  (IBUF=1 LUT3=1)
  Clock Path Skew:        5.648ns (DCD - SCD + CPR)
    Destination Clock Delay (DCD):    5.648ns
    Source Clock Delay      (SCD):    0.000ns
    Clock Pessimism Removal (CPR):    0.000ns
  Clock Uncertainty:      0.025ns  ((TSJ^2 + TIJ^2)^1/2 + DJ) / 2 + PE
    Total System Jitter     (TSJ):    0.050ns
    Total Input Jitter      (TIJ):    0.000ns
    Discrete Jitter          (DJ):    0.000ns
    Phase Error              (PE):    0.000ns

    Location             Delay type                Incr(ns)  Path(ns)    Netlist Resource(s)
  -------------------------------------------------------------------    -------------------
    P16                                               0.000     0.000 r  enter (IN)
                         net (fo=0)                   0.000     0.000    enter
    P16                  IBUF (Prop_ibuf_I_O)         1.485     1.485 r  enter_IBUF_inst/O
                         net (fo=6, routed)           2.832     4.317    enter_IBUF
    SLICE_X112Y104       LUT3 (Prop_lut3_I0_O)        0.124     4.441 r  index[3]_i_1/O
                         net (fo=4, routed)           0.472     4.913    index[3]_i_1_n_0
    SLICE_X113Y105       FDCE                                         r  index_reg[3]/CE
  -------------------------------------------------------------------    -------------------

                         (clock System_clock rise edge)
                                                      0.000     0.000 r  
    K17                                               0.000     0.000 r  System_clock (IN)
                         net (fo=0)                   0.000     0.000    System_clock
    K17                  IBUF (Prop_ibuf_I_O)         1.404     1.404 r  System_clock_IBUF_inst/O
                         net (fo=1, routed)           2.293     3.697    System_clock_IBUF
    BUFGCTRL_X0Y16       BUFG (Prop_bufg_I_O)         0.091     3.788 r  System_clock_IBUF_BUFG_inst/O
                         net (fo=9, routed)           1.860     5.648    System_clock_IBUF_BUFG
    SLICE_X113Y105       FDCE                                         r  index_reg[3]/C

Slack:                    inf
  Source:                 enter
                            (input port)
  Destination:            led_reg[3]/CE
                            (rising edge-triggered cell FDCE clocked by System_clock  {rise@0.000ns fall@4.167ns period=8.334ns})
  Path Group:             (none)
  Path Type:              Setup (Max at Slow Process Corner)
  Data Path Delay:        4.812ns  (logic 1.609ns (33.432%)  route 3.203ns (66.568%))
  Logic Levels:           2  (IBUF=1 LUT6=1)
  Clock Path Skew:        5.647ns (DCD - SCD + CPR)
    Destination Clock Delay (DCD):    5.647ns
    Source Clock Delay      (SCD):    0.000ns
    Clock Pessimism Removal (CPR):    0.000ns
  Clock Uncertainty:      0.025ns  ((TSJ^2 + TIJ^2)^1/2 + DJ) / 2 + PE
    Total System Jitter     (TSJ):    0.050ns
    Total Input Jitter      (TIJ):    0.000ns
    Discrete Jitter          (DJ):    0.000ns
    Phase Error              (PE):    0.000ns

    Location             Delay type                Incr(ns)  Path(ns)    Netlist Resource(s)
  -------------------------------------------------------------------    -------------------
    P16                                               0.000     0.000 r  enter (IN)
                         net (fo=0)                   0.000     0.000    enter
    P16                  IBUF (Prop_ibuf_I_O)         1.485     1.485 r  enter_IBUF_inst/O
                         net (fo=6, routed)           2.731     4.216    enter_IBUF
    SLICE_X112Y105       LUT6 (Prop_lut6_I3_O)        0.124     4.340 r  led[3]_i_1/O
                         net (fo=1, routed)           0.472     4.812    led[3]_i_1_n_0
    SLICE_X112Y107       FDCE                                         r  led_reg[3]/CE
  -------------------------------------------------------------------    -------------------

                         (clock System_clock rise edge)
                                                      0.000     0.000 r  
    K17                                               0.000     0.000 r  System_clock (IN)
                         net (fo=0)                   0.000     0.000    System_clock
    K17                  IBUF (Prop_ibuf_I_O)         1.404     1.404 r  System_clock_IBUF_inst/O
                         net (fo=1, routed)           2.293     3.697    System_clock_IBUF
    BUFGCTRL_X0Y16       BUFG (Prop_bufg_I_O)         0.091     3.788 r  System_clock_IBUF_BUFG_inst/O
                         net (fo=9, routed)           1.859     5.647    System_clock_IBUF_BUFG
    SLICE_X112Y107       FDCE                                         r  led_reg[3]/C

Slack:                    inf
  Source:                 enter
                            (input port)
  Destination:            led_reg[2]/CE
                            (rising edge-triggered cell FDCE clocked by System_clock  {rise@0.000ns fall@4.167ns period=8.334ns})
  Path Group:             (none)
  Path Type:              Setup (Max at Slow Process Corner)
  Data Path Delay:        4.654ns  (logic 1.609ns (34.567%)  route 3.045ns (65.433%))
  Logic Levels:           2  (IBUF=1 LUT6=1)
  Clock Path Skew:        5.648ns (DCD - SCD + CPR)
    Destination Clock Delay (DCD):    5.648ns
    Source Clock Delay      (SCD):    0.000ns
    Clock Pessimism Removal (CPR):    0.000ns
  Clock Uncertainty:      0.025ns  ((TSJ^2 + TIJ^2)^1/2 + DJ) / 2 + PE
    Total System Jitter     (TSJ):    0.050ns
    Total Input Jitter      (TIJ):    0.000ns
    Discrete Jitter          (DJ):    0.000ns
    Phase Error              (PE):    0.000ns

    Location             Delay type                Incr(ns)  Path(ns)    Netlist Resource(s)
  -------------------------------------------------------------------    -------------------
    P16                                               0.000     0.000 r  enter (IN)
                         net (fo=0)                   0.000     0.000    enter
    P16                  IBUF (Prop_ibuf_I_O)         1.485     1.485 r  enter_IBUF_inst/O
                         net (fo=6, routed)           2.714     4.199    enter_IBUF
    SLICE_X112Y105       LUT6 (Prop_lut6_I3_O)        0.124     4.323 r  led[2]_i_1/O
                         net (fo=1, routed)           0.331     4.654    led[2]_i_1_n_0
    SLICE_X112Y106       FDCE                                         r  led_reg[2]/CE
  -------------------------------------------------------------------    -------------------

                         (clock System_clock rise edge)
                                                      0.000     0.000 r  
    K17                                               0.000     0.000 r  System_clock (IN)
                         net (fo=0)                   0.000     0.000    System_clock
    K17                  IBUF (Prop_ibuf_I_O)         1.404     1.404 r  System_clock_IBUF_inst/O
                         net (fo=1, routed)           2.293     3.697    System_clock_IBUF
    BUFGCTRL_X0Y16       BUFG (Prop_bufg_I_O)         0.091     3.788 r  System_clock_IBUF_BUFG_inst/O
                         net (fo=9, routed)           1.860     5.648    System_clock_IBUF_BUFG
    SLICE_X112Y106       FDCE                                         r  led_reg[2]/C

Slack:                    inf
  Source:                 enter
                            (input port)
  Destination:            led_reg[0]/CE
                            (rising edge-triggered cell FDCE clocked by System_clock  {rise@0.000ns fall@4.167ns period=8.334ns})
  Path Group:             (none)
  Path Type:              Setup (Max at Slow Process Corner)
  Data Path Delay:        4.371ns  (logic 1.609ns (36.801%)  route 2.763ns (63.199%))
  Logic Levels:           2  (IBUF=1 LUT6=1)
  Clock Path Skew:        5.648ns (DCD - SCD + CPR)
    Destination Clock Delay (DCD):    5.648ns
    Source Clock Delay      (SCD):    0.000ns
    Clock Pessimism Removal (CPR):    0.000ns
  Clock Uncertainty:      0.025ns  ((TSJ^2 + TIJ^2)^1/2 + DJ) / 2 + PE
    Total System Jitter     (TSJ):    0.050ns
    Total Input Jitter      (TIJ):    0.000ns
    Discrete Jitter          (DJ):    0.000ns
    Phase Error              (PE):    0.000ns

    Location             Delay type                Incr(ns)  Path(ns)    Netlist Resource(s)
  -------------------------------------------------------------------    -------------------
    P16                                               0.000     0.000 r  enter (IN)
                         net (fo=0)                   0.000     0.000    enter
    P16                  IBUF (Prop_ibuf_I_O)         1.485     1.485 r  enter_IBUF_inst/O
                         net (fo=6, routed)           2.430     3.915    enter_IBUF
    SLICE_X112Y105       LUT6 (Prop_lut6_I3_O)        0.124     4.039 r  led[0]_i_1/O
                         net (fo=1, routed)           0.332     4.371    led[0]_i_1_n_0
    SLICE_X112Y104       FDCE                                         r  led_reg[0]/CE
  -------------------------------------------------------------------    -------------------

                         (clock System_clock rise edge)
                                                      0.000     0.000 r  
    K17                                               0.000     0.000 r  System_clock (IN)
                         net (fo=0)                   0.000     0.000    System_clock
    K17                  IBUF (Prop_ibuf_I_O)         1.404     1.404 r  System_clock_IBUF_inst/O
                         net (fo=1, routed)           2.293     3.697    System_clock_IBUF
    BUFGCTRL_X0Y16       BUFG (Prop_bufg_I_O)         0.091     3.788 r  System_clock_IBUF_BUFG_inst/O
                         net (fo=9, routed)           1.860     5.648    System_clock_IBUF_BUFG
    SLICE_X112Y104       FDCE                                         r  led_reg[0]/C

Slack:                    inf
  Source:                 enter
                            (input port)
  Destination:            led_reg[1]/CE
                            (rising edge-triggered cell FDCE clocked by System_clock  {rise@0.000ns fall@4.167ns period=8.334ns})
  Path Group:             (none)
  Path Type:              Setup (Max at Slow Process Corner)
  Data Path Delay:        4.367ns  (logic 1.609ns (36.839%)  route 2.758ns (63.161%))
  Logic Levels:           2  (IBUF=1 LUT6=1)
  Clock Path Skew:        5.648ns (DCD - SCD + CPR)
    Destination Clock Delay (DCD):    5.648ns
    Source Clock Delay      (SCD):    0.000ns
    Clock Pessimism Removal (CPR):    0.000ns
  Clock Uncertainty:      0.025ns  ((TSJ^2 + TIJ^2)^1/2 + DJ) / 2 + PE
    Total System Jitter     (TSJ):    0.050ns
    Total Input Jitter      (TIJ):    0.000ns
    Discrete Jitter          (DJ):    0.000ns
    Phase Error              (PE):    0.000ns

    Location             Delay type                Incr(ns)  Path(ns)    Netlist Resource(s)
  -------------------------------------------------------------------    -------------------
    P16                                               0.000     0.000 r  enter (IN)
                         net (fo=0)                   0.000     0.000    enter
    P16                  IBUF (Prop_ibuf_I_O)         1.485     1.485 r  enter_IBUF_inst/O
                         net (fo=6, routed)           2.427     3.912    enter_IBUF
    SLICE_X112Y105       LUT6 (Prop_lut6_I3_O)        0.124     4.036 r  led[1]_i_1/O
                         net (fo=1, routed)           0.331     4.367    led[1]_i_1_n_0
    SLICE_X113Y104       FDCE                                         r  led_reg[1]/CE
  -------------------------------------------------------------------    -------------------

                         (clock System_clock rise edge)
                                                      0.000     0.000 r  
    K17                                               0.000     0.000 r  System_clock (IN)
                         net (fo=0)                   0.000     0.000    System_clock
    K17                  IBUF (Prop_ibuf_I_O)         1.404     1.404 r  System_clock_IBUF_inst/O
                         net (fo=1, routed)           2.293     3.697    System_clock_IBUF
    BUFGCTRL_X0Y16       BUFG (Prop_bufg_I_O)         0.091     3.788 r  System_clock_IBUF_BUFG_inst/O
                         net (fo=9, routed)           1.860     5.648    System_clock_IBUF_BUFG
    SLICE_X113Y104       FDCE                                         r  led_reg[1]/C

Slack:                    inf
  Source:                 reset
                            (input port)
  Destination:            led_reg[3]/CLR
                            (recovery check against rising-edge clock System_clock  {rise@0.000ns fall@4.167ns period=8.334ns})
  Path Group:             (none)
  Path Type:              Recovery (Max at Slow Process Corner)
  Data Path Delay:        4.013ns  (logic 1.510ns (37.630%)  route 2.503ns (62.370%))
  Logic Levels:           1  (IBUF=1)
  Clock Path Skew:        5.647ns (DCD - SCD + CPR)
    Destination Clock Delay (DCD):    5.647ns
    Source Clock Delay      (SCD):    0.000ns
    Clock Pessimism Removal (CPR):    0.000ns
  Clock Uncertainty:      0.025ns  ((TSJ^2 + TIJ^2)^1/2 + DJ) / 2 + PE
    Total System Jitter     (TSJ):    0.050ns
    Total Input Jitter      (TIJ):    0.000ns
    Discrete Jitter          (DJ):    0.000ns
    Phase Error              (PE):    0.000ns

    Location             Delay type                Incr(ns)  Path(ns)    Netlist Resource(s)
  -------------------------------------------------------------------    -------------------
    K19                                               0.000     0.000 f  reset (IN)
                         net (fo=0)                   0.000     0.000    reset
    K19                  IBUF (Prop_ibuf_I_O)         1.510     1.510 f  reset_IBUF_inst/O
                         net (fo=9, routed)           2.503     4.013    reset_IBUF
    SLICE_X112Y107       FDCE                                         f  led_reg[3]/CLR
  -------------------------------------------------------------------    -------------------

                         (clock System_clock rise edge)
                                                      0.000     0.000 r  
    K17                                               0.000     0.000 r  System_clock (IN)
                         net (fo=0)                   0.000     0.000    System_clock
    K17                  IBUF (Prop_ibuf_I_O)         1.404     1.404 r  System_clock_IBUF_inst/O
                         net (fo=1, routed)           2.293     3.697    System_clock_IBUF
    BUFGCTRL_X0Y16       BUFG (Prop_bufg_I_O)         0.091     3.788 r  System_clock_IBUF_BUFG_inst/O
                         net (fo=9, routed)           1.859     5.647    System_clock_IBUF_BUFG
    SLICE_X112Y107       FDCE                                         r  led_reg[3]/C

Slack:                    inf
  Source:                 enter
                            (input port)
  Destination:            enter_d_reg/D
                            (rising edge-triggered cell FDCE clocked by System_clock  {rise@0.000ns fall@4.167ns period=8.334ns})
  Path Group:             (none)
  Path Type:              Setup (Max at Slow Process Corner)
  Data Path Delay:        3.940ns  (logic 1.485ns (37.682%)  route 2.455ns (62.318%))
  Logic Levels:           1  (IBUF=1)
  Clock Path Skew:        5.648ns (DCD - SCD + CPR)
    Destination Clock Delay (DCD):    5.648ns
    Source Clock Delay      (SCD):    0.000ns
    Clock Pessimism Removal (CPR):    0.000ns
  Clock Uncertainty:      0.025ns  ((TSJ^2 + TIJ^2)^1/2 + DJ) / 2 + PE
    Total System Jitter     (TSJ):    0.050ns
    Total Input Jitter      (TIJ):    0.000ns
    Discrete Jitter          (DJ):    0.000ns
    Phase Error              (PE):    0.000ns

    Location             Delay type                Incr(ns)  Path(ns)    Netlist Resource(s)
  -------------------------------------------------------------------    -------------------
    P16                                               0.000     0.000 r  enter (IN)
                         net (fo=0)                   0.000     0.000    enter
    P16                  IBUF (Prop_ibuf_I_O)         1.485     1.485 r  enter_IBUF_inst/O
                         net (fo=6, routed)           2.455     3.940    enter_IBUF
    SLICE_X112Y105       FDCE                                         r  enter_d_reg/D
  -------------------------------------------------------------------    -------------------

                         (clock System_clock rise edge)
                                                      0.000     0.000 r  
    K17                                               0.000     0.000 r  System_clock (IN)
                         net (fo=0)                   0.000     0.000    System_clock
    K17                  IBUF (Prop_ibuf_I_O)         1.404     1.404 r  System_clock_IBUF_inst/O
                         net (fo=1, routed)           2.293     3.697    System_clock_IBUF
    BUFGCTRL_X0Y16       BUFG (Prop_bufg_I_O)         0.091     3.788 r  System_clock_IBUF_BUFG_inst/O
                         net (fo=9, routed)           1.860     5.648    System_clock_IBUF_BUFG
    SLICE_X112Y105       FDCE                                         r  enter_d_reg/C





Min Delay Paths
--------------------------------------------------------------------------------------
Slack:                    inf
  Source:                 reset
                            (input port)
  Destination:            enter_d_reg/CLR
                            (removal check against rising-edge clock System_clock  {rise@0.000ns fall@4.167ns period=8.334ns})
  Path Group:             (none)
  Path Type:              Removal (Min at Fast Process Corner)
  Data Path Delay:        1.072ns  (logic 0.278ns (25.894%)  route 0.795ns (74.106%))
  Logic Levels:           1  (IBUF=1)
  Clock Path Skew:        2.361ns (DCD - SCD - CPR)
    Destination Clock Delay (DCD):    2.361ns
    Source Clock Delay      (SCD):    0.000ns
    Clock Pessimism Removal (CPR):    -0.000ns

    Location             Delay type                Incr(ns)  Path(ns)    Netlist Resource(s)
  -------------------------------------------------------------------    -------------------
    K19                                               0.000     0.000 f  reset (IN)
                         net (fo=0)                   0.000     0.000    reset
    K19                  IBUF (Prop_ibuf_I_O)         0.278     0.278 f  reset_IBUF_inst/O
                         net (fo=9, routed)           0.795     1.072    reset_IBUF
    SLICE_X112Y105       FDCE                                         f  enter_d_reg/CLR
  -------------------------------------------------------------------    -------------------

                         (clock System_clock rise edge)
                                                      0.000     0.000 r  
    K17                                               0.000     0.000 r  System_clock (IN)
                         net (fo=0)                   0.000     0.000    System_clock
    K17                  IBUF (Prop_ibuf_I_O)         0.431     0.431 r  System_clock_IBUF_inst/O
                         net (fo=1, routed)           0.907     1.338    System_clock_IBUF
    BUFGCTRL_X0Y16       BUFG (Prop_bufg_I_O)         0.029     1.367 r  System_clock_IBUF_BUFG_inst/O
                         net (fo=9, routed)           0.994     2.361    System_clock_IBUF_BUFG
    SLICE_X112Y105       FDCE                                         r  enter_d_reg/C

Slack:                    inf
  Source:                 reset
                            (input port)
  Destination:            index_reg[0]/CLR
                            (removal check against rising-edge clock System_clock  {rise@0.000ns fall@4.167ns period=8.334ns})
  Path Group:             (none)
  Path Type:              Removal (Min at Fast Process Corner)
  Data Path Delay:        1.072ns  (logic 0.278ns (25.894%)  route 0.795ns (74.106%))
  Logic Levels:           1  (IBUF=1)
  Clock Path Skew:        2.361ns (DCD - SCD - CPR)
    Destination Clock Delay (DCD):    2.361ns
    Source Clock Delay      (SCD):    0.000ns
    Clock Pessimism Removal (CPR):    -0.000ns

    Location             Delay type                Incr(ns)  Path(ns)    Netlist Resource(s)
  -------------------------------------------------------------------    -------------------
    K19                                               0.000     0.000 f  reset (IN)
                         net (fo=0)                   0.000     0.000    reset
    K19                  IBUF (Prop_ibuf_I_O)         0.278     0.278 f  reset_IBUF_inst/O
                         net (fo=9, routed)           0.795     1.072    reset_IBUF
    SLICE_X113Y105       FDCE                                         f  index_reg[0]/CLR
  -------------------------------------------------------------------    -------------------

                         (clock System_clock rise edge)
                                                      0.000     0.000 r  
    K17                                               0.000     0.000 r  System_clock (IN)
                         net (fo=0)                   0.000     0.000    System_clock
    K17                  IBUF (Prop_ibuf_I_O)         0.431     0.431 r  System_clock_IBUF_inst/O
                         net (fo=1, routed)           0.907     1.338    System_clock_IBUF
    BUFGCTRL_X0Y16       BUFG (Prop_bufg_I_O)         0.029     1.367 r  System_clock_IBUF_BUFG_inst/O
                         net (fo=9, routed)           0.994     2.361    System_clock_IBUF_BUFG
    SLICE_X113Y105       FDCE                                         r  index_reg[0]/C

Slack:                    inf
  Source:                 reset
                            (input port)
  Destination:            index_reg[1]/CLR
                            (removal check against rising-edge clock System_clock  {rise@0.000ns fall@4.167ns period=8.334ns})
  Path Group:             (none)
  Path Type:              Removal (Min at Fast Process Corner)
  Data Path Delay:        1.072ns  (logic 0.278ns (25.894%)  route 0.795ns (74.106%))
  Logic Levels:           1  (IBUF=1)
  Clock Path Skew:        2.361ns (DCD - SCD - CPR)
    Destination Clock Delay (DCD):    2.361ns
    Source Clock Delay      (SCD):    0.000ns
    Clock Pessimism Removal (CPR):    -0.000ns

    Location             Delay type                Incr(ns)  Path(ns)    Netlist Resource(s)
  -------------------------------------------------------------------    -------------------
    K19                                               0.000     0.000 f  reset (IN)
                         net (fo=0)                   0.000     0.000    reset
    K19                  IBUF (Prop_ibuf_I_O)         0.278     0.278 f  reset_IBUF_inst/O
                         net (fo=9, routed)           0.795     1.072    reset_IBUF
    SLICE_X113Y105       FDCE                                         f  index_reg[1]/CLR
  -------------------------------------------------------------------    -------------------

                         (clock System_clock rise edge)
                                                      0.000     0.000 r  
    K17                                               0.000     0.000 r  System_clock (IN)
                         net (fo=0)                   0.000     0.000    System_clock
    K17                  IBUF (Prop_ibuf_I_O)         0.431     0.431 r  System_clock_IBUF_inst/O
                         net (fo=1, routed)           0.907     1.338    System_clock_IBUF
    BUFGCTRL_X0Y16       BUFG (Prop_bufg_I_O)         0.029     1.367 r  System_clock_IBUF_BUFG_inst/O
                         net (fo=9, routed)           0.994     2.361    System_clock_IBUF_BUFG
    SLICE_X113Y105       FDCE                                         r  index_reg[1]/C

Slack:                    inf
  Source:                 reset
                            (input port)
  Destination:            index_reg[2]/CLR
                            (removal check against rising-edge clock System_clock  {rise@0.000ns fall@4.167ns period=8.334ns})
  Path Group:             (none)
  Path Type:              Removal (Min at Fast Process Corner)
  Data Path Delay:        1.072ns  (logic 0.278ns (25.894%)  route 0.795ns (74.106%))
  Logic Levels:           1  (IBUF=1)
  Clock Path Skew:        2.361ns (DCD - SCD - CPR)
    Destination Clock Delay (DCD):    2.361ns
    Source Clock Delay      (SCD):    0.000ns
    Clock Pessimism Removal (CPR):    -0.000ns

    Location             Delay type                Incr(ns)  Path(ns)    Netlist Resource(s)
  -------------------------------------------------------------------    -------------------
    K19                                               0.000     0.000 f  reset (IN)
                         net (fo=0)                   0.000     0.000    reset
    K19                  IBUF (Prop_ibuf_I_O)         0.278     0.278 f  reset_IBUF_inst/O
                         net (fo=9, routed)           0.795     1.072    reset_IBUF
    SLICE_X113Y105       FDCE                                         f  index_reg[2]/CLR
  -------------------------------------------------------------------    -------------------

                         (clock System_clock rise edge)
                                                      0.000     0.000 r  
    K17                                               0.000     0.000 r  System_clock (IN)
                         net (fo=0)                   0.000     0.000    System_clock
    K17                  IBUF (Prop_ibuf_I_O)         0.431     0.431 r  System_clock_IBUF_inst/O
                         net (fo=1, routed)           0.907     1.338    System_clock_IBUF
    BUFGCTRL_X0Y16       BUFG (Prop_bufg_I_O)         0.029     1.367 r  System_clock_IBUF_BUFG_inst/O
                         net (fo=9, routed)           0.994     2.361    System_clock_IBUF_BUFG
    SLICE_X113Y105       FDCE                                         r  index_reg[2]/C

Slack:                    inf
  Source:                 reset
                            (input port)
  Destination:            index_reg[3]/CLR
                            (removal check against rising-edge clock System_clock  {rise@0.000ns fall@4.167ns period=8.334ns})
  Path Group:             (none)
  Path Type:              Removal (Min at Fast Process Corner)
  Data Path Delay:        1.072ns  (logic 0.278ns (25.894%)  route 0.795ns (74.106%))
  Logic Levels:           1  (IBUF=1)
  Clock Path Skew:        2.361ns (DCD - SCD - CPR)
    Destination Clock Delay (DCD):    2.361ns
    Source Clock Delay      (SCD):    0.000ns
    Clock Pessimism Removal (CPR):    -0.000ns

    Location             Delay type                Incr(ns)  Path(ns)    Netlist Resource(s)
  -------------------------------------------------------------------    -------------------
    K19                                               0.000     0.000 f  reset (IN)
                         net (fo=0)                   0.000     0.000    reset
    K19                  IBUF (Prop_ibuf_I_O)         0.278     0.278 f  reset_IBUF_inst/O
                         net (fo=9, routed)           0.795     1.072    reset_IBUF
    SLICE_X113Y105       FDCE                                         f  index_reg[3]/CLR
  -------------------------------------------------------------------    -------------------

                         (clock System_clock rise edge)
                                                      0.000     0.000 r  
    K17                                               0.000     0.000 r  System_clock (IN)
                         net (fo=0)                   0.000     0.000    System_clock
    K17                  IBUF (Prop_ibuf_I_O)         0.431     0.431 r  System_clock_IBUF_inst/O
                         net (fo=1, routed)           0.907     1.338    System_clock_IBUF
    BUFGCTRL_X0Y16       BUFG (Prop_bufg_I_O)         0.029     1.367 r  System_clock_IBUF_BUFG_inst/O
                         net (fo=9, routed)           0.994     2.361    System_clock_IBUF_BUFG
    SLICE_X113Y105       FDCE                                         r  index_reg[3]/C

Slack:                    inf
  Source:                 reset
                            (input port)
  Destination:            led_reg[2]/CLR
                            (removal check against rising-edge clock System_clock  {rise@0.000ns fall@4.167ns period=8.334ns})
  Path Group:             (none)
  Path Type:              Removal (Min at Fast Process Corner)
  Data Path Delay:        1.119ns  (logic 0.278ns (24.808%)  route 0.842ns (75.192%))
  Logic Levels:           1  (IBUF=1)
  Clock Path Skew:        2.361ns (DCD - SCD - CPR)
    Destination Clock Delay (DCD):    2.361ns
    Source Clock Delay      (SCD):    0.000ns
    Clock Pessimism Removal (CPR):    -0.000ns

    Location             Delay type                Incr(ns)  Path(ns)    Netlist Resource(s)
  -------------------------------------------------------------------    -------------------
    K19                                               0.000     0.000 f  reset (IN)
                         net (fo=0)                   0.000     0.000    reset
    K19                  IBUF (Prop_ibuf_I_O)         0.278     0.278 f  reset_IBUF_inst/O
                         net (fo=9, routed)           0.842     1.119    reset_IBUF
    SLICE_X112Y106       FDCE                                         f  led_reg[2]/CLR
  -------------------------------------------------------------------    -------------------

                         (clock System_clock rise edge)
                                                      0.000     0.000 r  
    K17                                               0.000     0.000 r  System_clock (IN)
                         net (fo=0)                   0.000     0.000    System_clock
    K17                  IBUF (Prop_ibuf_I_O)         0.431     0.431 r  System_clock_IBUF_inst/O
                         net (fo=1, routed)           0.907     1.338    System_clock_IBUF
    BUFGCTRL_X0Y16       BUFG (Prop_bufg_I_O)         0.029     1.367 r  System_clock_IBUF_BUFG_inst/O
                         net (fo=9, routed)           0.994     2.361    System_clock_IBUF_BUFG
    SLICE_X112Y106       FDCE                                         r  led_reg[2]/C

Slack:                    inf
  Source:                 reset
                            (input port)
  Destination:            led_reg[0]/CLR
                            (removal check against rising-edge clock System_clock  {rise@0.000ns fall@4.167ns period=8.334ns})
  Path Group:             (none)
  Path Type:              Removal (Min at Fast Process Corner)
  Data Path Delay:        1.202ns  (logic 0.278ns (23.097%)  route 0.925ns (76.903%))
  Logic Levels:           1  (IBUF=1)
  Clock Path Skew:        2.361ns (DCD - SCD - CPR)
    Destination Clock Delay (DCD):    2.361ns
    Source Clock Delay      (SCD):    0.000ns
    Clock Pessimism Removal (CPR):    -0.000ns

    Location             Delay type                Incr(ns)  Path(ns)    Netlist Resource(s)
  -------------------------------------------------------------------    -------------------
    K19                                               0.000     0.000 f  reset (IN)
                         net (fo=0)                   0.000     0.000    reset
    K19                  IBUF (Prop_ibuf_I_O)         0.278     0.278 f  reset_IBUF_inst/O
                         net (fo=9, routed)           0.925     1.202    reset_IBUF
    SLICE_X112Y104       FDCE                                         f  led_reg[0]/CLR
  -------------------------------------------------------------------    -------------------

                         (clock System_clock rise edge)
                                                      0.000     0.000 r  
    K17                                               0.000     0.000 r  System_clock (IN)
                         net (fo=0)                   0.000     0.000    System_clock
    K17                  IBUF (Prop_ibuf_I_O)         0.431     0.431 r  System_clock_IBUF_inst/O
                         net (fo=1, routed)           0.907     1.338    System_clock_IBUF
    BUFGCTRL_X0Y16       BUFG (Prop_bufg_I_O)         0.029     1.367 r  System_clock_IBUF_BUFG_inst/O
                         net (fo=9, routed)           0.994     2.361    System_clock_IBUF_BUFG
    SLICE_X112Y104       FDCE                                         r  led_reg[0]/C

Slack:                    inf
  Source:                 reset
                            (input port)
  Destination:            led_reg[1]/CLR
                            (removal check against rising-edge clock System_clock  {rise@0.000ns fall@4.167ns period=8.334ns})
  Path Group:             (none)
  Path Type:              Removal (Min at Fast Process Corner)
  Data Path Delay:        1.202ns  (logic 0.278ns (23.097%)  route 0.925ns (76.903%))
  Logic Levels:           1  (IBUF=1)
  Clock Path Skew:        2.361ns (DCD - SCD - CPR)
    Destination Clock Delay (DCD):    2.361ns
    Source Clock Delay      (SCD):    0.000ns
    Clock Pessimism Removal (CPR):    -0.000ns

    Location             Delay type                Incr(ns)  Path(ns)    Netlist Resource(s)
  -------------------------------------------------------------------    -------------------
    K19                                               0.000     0.000 f  reset (IN)
                         net (fo=0)                   0.000     0.000    reset
    K19                  IBUF (Prop_ibuf_I_O)         0.278     0.278 f  reset_IBUF_inst/O
                         net (fo=9, routed)           0.925     1.202    reset_IBUF
    SLICE_X113Y104       FDCE                                         f  led_reg[1]/CLR
  -------------------------------------------------------------------    -------------------

                         (clock System_clock rise edge)
                                                      0.000     0.000 r  
    K17                                               0.000     0.000 r  System_clock (IN)
                         net (fo=0)                   0.000     0.000    System_clock
    K17                  IBUF (Prop_ibuf_I_O)         0.431     0.431 r  System_clock_IBUF_inst/O
                         net (fo=1, routed)           0.907     1.338    System_clock_IBUF
    BUFGCTRL_X0Y16       BUFG (Prop_bufg_I_O)         0.029     1.367 r  System_clock_IBUF_BUFG_inst/O
                         net (fo=9, routed)           0.994     2.361    System_clock_IBUF_BUFG
    SLICE_X113Y104       FDCE                                         r  led_reg[1]/C

Slack:                    inf
  Source:                 enter
                            (input port)
  Destination:            enter_d_reg/D
                            (rising edge-triggered cell FDCE clocked by System_clock  {rise@0.000ns fall@4.167ns period=8.334ns})
  Path Group:             (none)
  Path Type:              Hold (Min at Fast Process Corner)
  Data Path Delay:        1.236ns  (logic 0.252ns (20.431%)  route 0.983ns (79.569%))
  Logic Levels:           1  (IBUF=1)
  Clock Path Skew:        2.361ns (DCD - SCD - CPR)
    Destination Clock Delay (DCD):    2.361ns
    Source Clock Delay      (SCD):    0.000ns
    Clock Pessimism Removal (CPR):    -0.000ns

    Location             Delay type                Incr(ns)  Path(ns)    Netlist Resource(s)
  -------------------------------------------------------------------    -------------------
    P16                                               0.000     0.000 r  enter (IN)
                         net (fo=0)                   0.000     0.000    enter
    P16                  IBUF (Prop_ibuf_I_O)         0.252     0.252 r  enter_IBUF_inst/O
                         net (fo=6, routed)           0.983     1.236    enter_IBUF
    SLICE_X112Y105       FDCE                                         r  enter_d_reg/D
  -------------------------------------------------------------------    -------------------

                         (clock System_clock rise edge)
                                                      0.000     0.000 r  
    K17                                               0.000     0.000 r  System_clock (IN)
                         net (fo=0)                   0.000     0.000    System_clock
    K17                  IBUF (Prop_ibuf_I_O)         0.431     0.431 r  System_clock_IBUF_inst/O
                         net (fo=1, routed)           0.907     1.338    System_clock_IBUF
    BUFGCTRL_X0Y16       BUFG (Prop_bufg_I_O)         0.029     1.367 r  System_clock_IBUF_BUFG_inst/O
                         net (fo=9, routed)           0.994     2.361    System_clock_IBUF_BUFG
    SLICE_X112Y105       FDCE                                         r  enter_d_reg/C

Slack:                    inf
  Source:                 reset
                            (input port)
  Destination:            led_reg[3]/CLR
                            (removal check against rising-edge clock System_clock  {rise@0.000ns fall@4.167ns period=8.334ns})
  Path Group:             (none)
  Path Type:              Removal (Min at Fast Process Corner)
  Data Path Delay:        1.316ns  (logic 0.278ns (21.105%)  route 1.038ns (78.895%))
  Logic Levels:           1  (IBUF=1)
  Clock Path Skew:        2.360ns (DCD - SCD - CPR)
    Destination Clock Delay (DCD):    2.360ns
    Source Clock Delay      (SCD):    0.000ns
    Clock Pessimism Removal (CPR):    -0.000ns

    Location             Delay type                Incr(ns)  Path(ns)    Netlist Resource(s)
  -------------------------------------------------------------------    -------------------
    K19                                               0.000     0.000 f  reset (IN)
                         net (fo=0)                   0.000     0.000    reset
    K19                  IBUF (Prop_ibuf_I_O)         0.278     0.278 f  reset_IBUF_inst/O
                         net (fo=9, routed)           1.038     1.316    reset_IBUF
    SLICE_X112Y107       FDCE                                         f  led_reg[3]/CLR
  -------------------------------------------------------------------    -------------------

                         (clock System_clock rise edge)
                                                      0.000     0.000 r  
    K17                                               0.000     0.000 r  System_clock (IN)
                         net (fo=0)                   0.000     0.000    System_clock
    K17                  IBUF (Prop_ibuf_I_O)         0.431     0.431 r  System_clock_IBUF_inst/O
                         net (fo=1, routed)           0.907     1.338    System_clock_IBUF
    BUFGCTRL_X0Y16       BUFG (Prop_bufg_I_O)         0.029     1.367 r  System_clock_IBUF_BUFG_inst/O
                         net (fo=9, routed)           0.993     2.360    System_clock_IBUF_BUFG
    SLICE_X112Y107       FDCE                                         r  led_reg[3]/C





